time,edge,old node,current node,probability (value_exp),value_coeff,expect,true,no.of neighbours
38.0,-gneE2,gneJ4,gneJ3,0.5,0.5,18.0,18.0,2
57.0,gneE2,gneJ3,gneJ4,0.5,0.5,40.0,40.0,2
76.0,gneE3,gneJ4,gneJ5,0.5,0.5,76.0,76.0,2
95.0,-gneE3,gneJ5,gneJ4,0.5,0.5,38.0,38.0,2
116.0,gneE3,gneJ4,gneJ5,1.522997951276035e-08,-17.5,58.0,40.0,2
135.0,-gneE3,gneJ5,gneJ4,0.7310585786300049,1.5,39.0,40.0,2
155.0,-gneE2,gneJ4,gneJ3,0.9999724643088853,-7.0,10.5,3.0,2
175.0,gneE2,gneJ3,gneJ4,0.5,0.5,40.0,40.0,2
194.0,-gneE2,gneJ4,gneJ3,0.9999999999998457,12.0,20.0,39.0,2
213.0,-gneE1,gneJ3,gneJ2,0.5,0.5,40.0,40.0,2
233.0,gneE1,gneJ2,gneJ3,1.0,1.0,38.0,38.0,1
254.0,gneE2,gneJ3,gneJ4,0.9999999999948909,26.5,53.0,79.0,2
275.0,-gneE2,gneJ4,gneJ3,1.0,19.5,22.5,30.0,2
295.0,gneE2,gneJ3,gneJ4,0.9996646498695336,8.5,47.0,29.0,2
314.0,-gneE2,gneJ4,gneJ3,1.0,32.7,25.8,39.0,2
333.0,gneE2,gneJ3,gneJ4,3.043155690056538e-05,-9.899999999999999,42.4,24.0,2
353.0,-gneE2,gneJ4,gneJ3,1.0,30.36666666666667,25.333333333333332,23.0,2
373.0,-gneE1,gneJ3,gneJ2,1.0,56.0,95.5,151.0,2
395.0,gneE1,gneJ2,gneJ3,1.0,3.0,40.0,42.0,1
415.0,-gneE1,gneJ3,gneJ2,0.9999999999999258,20.33333333333333,77.66666666666667,42.0,2
436.0,gneE1,gneJ2,gneJ3,1.0,-11.666666666666664,32.666666666666664,18.0,1
458.0,-gneE1,gneJ3,gneJ2,0.9857033941108754,-5.666666666666671,69.0,43.0,2
477.0,gneE1,gneJ2,gneJ3,1.0,-25.666666666666664,28.0,14.0,1
496.0,-gneE1,gneJ3,gneJ2,1.1695267374942999e-09,-30.46666666666667,62.8,38.0,2
517.0,gneE1,gneJ2,gneJ3,1.0,-39.266666666666666,24.6,11.0,1
537.0,gneE2,gneJ3,gneJ4,0.00030344703002892085,-38.56666666666666,36.666666666666664,8.0,2
558.0,-gneE2,gneJ4,gneJ3,0.9999999999999953,15.509523809523813,22.857142857142858,8.0,2
578.0,-gneE1,gneJ3,gneJ2,0.9999999999658412,-14.466666666666669,66.0,82.0,2
598.0,gneE1,gneJ2,gneJ3,1.0,-58.099999999999994,20.833333333333332,2.0,1
618.0,-gneE1,gneJ3,gneJ2,0.8598790442977023,-36.75238095238095,62.285714285714285,40.0,2
638.0,gneE1,gneJ2,gneJ3,1.0,-41.671428571428564,23.571428571428573,40.0,1
657.0,-gneE1,gneJ3,gneJ2,8.693290685235464e-09,-57.12738095238095,59.375,39.0,2
676.0,gneE1,gneJ2,gneJ3,1.0,-30.796428571428564,25.125,36.0,1
696.0,gneE2,gneJ3,gneJ4,0.9999999145214258,-40.85238095238095,36.285714285714285,34.0,2
717.0,-gneE2,gneJ4,gneJ3,1.0,24.384523809523813,24.125,33.0,2
738.0,gneE2,gneJ3,gneJ4,0.9999984848581835,-43.72738095238095,35.875,33.0,2
759.0,-gneE2,gneJ4,gneJ3,1.0,31.384523809523813,25.0,32.0,2
780.0,gneE2,gneJ3,gneJ4,0.9998845625935888,-48.06071428571428,35.333333333333336,31.0,2
801.0,-gneE2,gneJ4,gneJ3,1.0,35.88452380952381,25.5,30.0,2
822.0,gneE2,gneJ3,gneJ4,0.9666463876729245,-53.760714285714286,34.7,29.0,2
842.0,-gneE2,gneJ4,gneJ3,1.0,37.24816017316017,25.636363636363637,27.0,2
861.0,gneE2,gneJ3,gneJ4,0.0017253369957742912,-63.48798701298701,33.72727272727273,24.0,2
881.0,-gneE2,gneJ4,gneJ3,1.0,33.914826839826844,25.333333333333332,22.0,2
900.0,-gneE1,gneJ3,gneJ2,1.0,106.09484126984128,79.77777777777777,243.0,2
921.0,gneE1,gneJ2,gneJ3,1.0,-38.018650793650785,24.22222222222222,17.0,1
941.0,-gneE1,gneJ3,gneJ2,1.0,71.19484126984128,75.9,41.0,2
963.0,gneE1,gneJ2,gneJ3,1.0,-47.21865079365078,23.2,14.0,1
984.0,-gneE1,gneJ3,gneJ2,1.0,41.28575036075037,72.9090909090909,43.0,2
1004.0,gneE1,gneJ2,gneJ3,1.0,-56.491378066378054,22.272727272727273,13.0,1
1024.0,-gneE1,gneJ3,gneJ2,1.0,11.119083694083699,70.16666666666667,40.0,2
1045.0,gneE1,gneJ2,gneJ3,1.0,-68.65804473304472,21.166666666666668,9.0,1
1067.0,-gneE1,gneJ3,gneJ2,1.0,-13.957839382839381,68.07692307692308,43.0,2
1087.0,gneE1,gneJ2,gneJ3,1.0,-81.7349678099678,20.076923076923077,7.0,1
1107.0,-gneE1,gneJ3,gneJ2,0.9999999999351353,-40.02926795426795,66.07142857142857,40.0,2
1130.0,gneE1,gneJ2,gneJ3,1.0,-93.87782495282494,19.142857142857142,7.0,1
1151.0,-gneE1,gneJ3,gneJ2,0.9457676359874948,-60.629267954267945,64.6,44.0,2
1172.0,gneE1,gneJ2,gneJ3,1.0,-106.1444916194916,18.266666666666666,6.0,1
1193.0,-gneE1,gneJ3,gneJ2,1.0962549627400562e-08,-81.81676795426795,63.1875,42.0,2
1215.0,gneE1,gneJ2,gneJ3,1.0,-119.5194916194916,17.375,4.0,1
1243.0,gneE2,gneJ3,gneJ4,0.012895649843165272,-86.15465367965368,31.666666666666668,9.0,2
1265.0,-gneE2,gneJ4,gneJ3,0.9999999999999997,17.914826839826844,24.0,8.0,2
1285.0,-gneE1,gneJ3,gneJ2,0.9999999999999782,-54.69912089544441,64.88235294117646,92.0,2
1306.0,gneE1,gneJ2,gneJ3,1.0,-132.10772691360924,16.58823529411765,4.0,1
1325.0,-gneE1,gneJ3,gneJ2,0.999649406610008,-78.19912089544441,63.5,40.0,2
1345.0,gneE1,gneJ2,gneJ3,1.0,-110.94106024694257,17.833333333333332,39.0,1
1365.0,-gneE1,gneJ3,gneJ2,6.113319584085536e-07,-100.46227879018124,62.26315789473684,40.0,2
1385.0,gneE1,gneJ2,gneJ3,1.0,-89.94106024694257,19.0,40.0,1
1405.0,gneE2,gneJ3,gneJ4,0.9999999997210344,-78.46234598734598,32.30769230769231,40.0,2
1424.0,-gneE2,gneJ4,gneJ3,1.0,29.057683982683987,24.857142857142858,36.0,2
1443.0,gneE2,gneJ3,gneJ4,0.9999999976221655,-80.60520313020314,32.142857142857146,30.0,2
1464.0,-gneE2,gneJ4,gneJ3,1.0,33.85768398268399,25.2,30.0,2
1486.0,gneE2,gneJ3,gneJ4,0.9999997110684271,-85.40520313020313,31.8,27.0,2
1506.0,-gneE2,gneJ4,gneJ3,1.0,33.67018398268399,25.1875,25.0,2
1527.0,gneE2,gneJ3,gneJ4,0.998895299444423,-93.65520313020313,31.25,23.0,2
1547.0,-gneE2,gneJ4,gneJ3,1.0,28.787831041507516,24.88235294117647,20.0,2
1567.0,gneE2,gneJ3,gneJ4,0.0034583043805628253,-106.12579136549725,30.470588235294116,18.0,2
1586.0,-gneE2,gneJ4,gneJ3,0.9999999999999998,18.510053263729738,24.27777777777778,14.0,2
1605.0,-gneE1,gneJ3,gneJ2,1.0,68.38772120981875,71.15,240.0,2
1628.0,gneE1,gneJ2,gneJ3,1.0,-96.59106024694256,18.65,12.0,1
1649.0,-gneE1,gneJ3,gneJ2,1.0,42.53057835267589,69.85714285714286,44.0,2
1670.0,gneE1,gneJ2,gneJ3,1.0,-104.8291554850378,18.238095238095237,10.0,1
1691.0,-gneE1,gneJ3,gneJ2,1.0,15.939669261766795,68.5909090909091,42.0,2
1713.0,gneE1,gneJ2,gneJ3,1.0,-112.69279184867416,17.863636363636363,10.0,1
1734.0,-gneE1,gneJ3,gneJ2,1.0,-8.538591607798423,67.47826086956522,43.0,2
1755.0,gneE1,gneJ2,gneJ3,1.0,-124.04061793563068,17.347826086956523,6.0,1
1776.0,-gneE1,gneJ3,gneJ2,1.0,-32.955258274465095,66.41666666666667,42.0,2
1797.0,gneE1,gneJ2,gneJ3,1.0,-136.83228460229734,16.791666666666668,4.0,1
1817.0,-gneE1,gneJ3,gneJ2,1.0,-57.3552582744651,65.4,41.0,2
1838.0,gneE1,gneJ2,gneJ3,1.0,-150.07228460229734,16.24,3.0,1
1859.0,-gneE1,gneJ3,gneJ2,0.999999999996102,-79.8552582744651,64.5,42.0,2
1881.0,gneE1,gneJ2,gneJ3,1.0,-161.84151537152812,15.76923076923077,4.0,1
1903.0,-gneE1,gneJ3,gneJ2,0.998542817635727,-99.59599901520585,63.74074074074074,44.0,2
1924.0,gneE1,gneJ2,gneJ3,1.0,-175.10077463078738,15.25925925925926,2.0,1
1944.0,-gneE1,gneJ3,gneJ2,2.053029213039888e-07,-121.52457044377728,62.92857142857143,41.0,2
1964.0,gneE1,gneJ2,gneJ3,1.0,-151.24363177364452,16.142857142857142,40.0,1
1985.0,gneE2,gneJ3,gneJ4,0.9999999999901468,-96.1813469210528,31.055555555555557,41.0,2
2005.0,-gneE2,gneJ4,gneJ3,1.0,32.45742168478237,25.05263157894737,39.0,2
2027.0,gneE2,gneJ3,gneJ4,0.9999999999993944,-93.39187323684229,31.210526315789473,34.0,2
2047.0,-gneE2,gneJ4,gneJ3,1.0,39.05742168478237,25.4,32.0,2
2067.0,gneE2,gneJ3,gneJ4,0.9999999999950552,-95.49187323684228,31.1,29.0,2
2088.0,-gneE2,gneJ4,gneJ3,1.0,41.533612160972844,25.523809523809526,28.0,2
2108.0,gneE2,gneJ3,gneJ4,0.9999999997545519,-99.39663514160418,30.904761904761905,27.0,2
2129.0,-gneE2,gneJ4,gneJ3,1.0,41.9881576155183,25.545454545454547,26.0,2
2149.0,gneE2,gneJ3,gneJ4,0.9999987936804267,-107.89663514160418,30.5,22.0,2
2170.0,-gneE2,gneJ4,gneJ3,1.0,38.59685326769221,25.391304347826086,22.0,2
2190.0,gneE2,gneJ3,gneJ4,0.97299763091473,-117.94011340247374,30.043478260869566,20.0,2
2211.0,-gneE2,gneJ4,gneJ3,1.0,31.51351993435888,25.083333333333332,18.0,2
2233.0,gneE2,gneJ3,gneJ4,0.000350006198783248,-129.4817800691404,29.541666666666668,18.0,2
2252.0,-gneE2,gneJ4,gneJ3,1.0,20.873519934358878,24.64,14.0,2
2271.0,-gneE1,gneJ3,gneJ2,1.0,133.440946797602,72.03448275862068,327.0,2
2292.0,gneE1,gneJ2,gneJ3,1.0,-159.10570073916176,15.862068965517242,8.0,1
2312.0,-gneE1,gneJ3,gneJ2,1.0,103.44094679760201,71.0,41.0,2
2334.0,gneE1,gneJ2,gneJ3,1.0,-170.57236740582843,15.466666666666667,4.0,1
2353.0,-gneE1,gneJ3,gneJ2,1.0,74.40868873308588,70.03225806451613,41.0,2
2373.0,gneE1,gneJ2,gneJ3,1.0,-147.79817385744133,16.225806451612904,39.0,1
2392.0,-gneE1,gneJ3,gneJ2,1.0,44.34618873308588,69.0625,39.0,2
2411.0,gneE1,gneJ2,gneJ3,1.0,-128.64192385744133,16.84375,36.0,1
2432.0,-gneE1,gneJ3,gneJ2,1.0,16.164370551267695,68.18181818181819,40.0,2
2452.0,gneE1,gneJ2,gneJ3,1.0,-112.97525719077466,17.333333333333332,33.0,1
2472.0,-gneE1,gneJ3,gneJ2,1.0,-11.1885706252029,67.3529411764706,40.0,2
2492.0,gneE1,gneJ2,gneJ3,1.0,-100.68113954371583,17.705882352941178,30.0,1
2514.0,-gneE1,gneJ3,gneJ2,1.0,-35.81714205377433,66.62857142857143,42.0,2
2534.0,gneE1,gneJ2,gneJ3,1.0,-89.70971097228725,18.02857142857143,29.0,1
2555.0,-gneE1,gneJ3,gneJ2,1.0,-60.733808720441004,65.91666666666667,41.0,2
2577.0,gneE1,gneJ2,gneJ3,1.0,-79.04304430562058,18.333333333333332,29.0,1
2598.0,-gneE1,gneJ3,gneJ2,1.0,-83.0311060177383,65.29729729729729,43.0,2
2618.0,gneE1,gneJ2,gneJ3,1.0,-70.61061187318815,18.56756756756757,27.0,1
2639.0,-gneE1,gneJ3,gneJ2,0.9999999998737528,-106.6890007545804,64.65789473684211,41.0,2
2658.0,gneE1,gneJ2,gneJ3,1.0,-67.26850661003026,18.657894736842106,22.0,1
2679.0,-gneE1,gneJ3,gneJ2,0.2256809518682512,-130.71464178022143,64.02564102564102,40.0,2
2700.0,gneE1,gneJ2,gneJ3,1.0,-66.93517327669693,18.666666666666668,19.0,1
2719.0,gneE2,gneJ3,gneJ4,7.755207194495101e-06,-142.4817800691404,29.0,16.0,2
2738.0,-gneE2,gneJ4,gneJ3,0.9999999999997707,11.604289165128108,24.26923076923077,15.0,2
2758.0,-gneE1,gneJ3,gneJ2,0.9999999999964609,-116.11464178022143,64.4,79.0,2
2779.0,gneE1,gneJ2,gneJ3,1.0,-72.46017327669693,18.525,13.0,1
2799.0,-gneE1,gneJ3,gneJ2,0.9717462905702152,-138.94391007290437,63.829268292682926,41.0,2
2821.0,gneE1,gneJ2,gneJ3,1.0,-79.80163669133108,18.341463414634145,11.0,1
2842.0,-gneE1,gneJ3,gneJ2,5.07952298230234e-08,-159.27724340623772,63.333333333333336,43.0,2
2862.0,gneE1,gneJ2,gneJ3,1.0,-89.89687478656919,18.095238095238095,8.0,1
2883.0,gneE2,gneJ3,gneJ4,0.08051976296590661,-161.71254929990963,28.23076923076923,9.0,2
2903.0,-gneE2,gneJ4,gneJ3,0.9999961777196293,-5.025340464501522,23.62962962962963,7.0,2
2922.0,-gneE1,gneJ3,gneJ2,0.9999999925449611,-142.99817363879586,63.72093023255814,80.0,2
2942.0,gneE1,gneJ2,gneJ3,1.0,-105.61780501912733,17.72093023255814,2.0,1
2963.0,-gneE1,gneJ3,gneJ2,0.02959322775211361,-165.20271909334133,63.20454545454545,41.0,2
2985.0,gneE1,gneJ2,gneJ3,1.0,-120.98144138276369,17.363636363636363,2.0,1
3012.0,gneE2,gneJ3,gneJ4,1.1351716232240797e-07,-181.19403078139112,27.48148148148148,8.0,2
3032.0,-gneE2,gneJ4,gneJ3,0.06934664938973778,-20.096769035930095,23.071428571428573,8.0,2
3052.0,-gneE1,gneJ3,gneJ2,1.0,-139.9804968711191,63.77777777777778,89.0,2
3073.0,gneE1,gneJ2,gneJ3,1.0,-134.04810804943037,17.066666666666666,4.0,1
3094.0,-gneE1,gneJ3,gneJ2,0.9999999977429025,-161.28484469720604,63.30434782608695,42.0,2
3113.0,gneE1,gneJ2,gneJ3,1.0,-149.76549935377818,16.717391304347824,1.0,1
3133.0,-gneE1,gneJ3,gneJ2,0.020271729894970364,-185.07207873975923,62.787234042553195,39.0,2
3153.0,gneE1,gneJ2,gneJ3,1.0,-126.97826531122499,17.21276595744681,40.0,1
3174.0,gneE2,gneJ3,gneJ4,0.9999999548719706,-168.15831649567684,27.964285714285715,41.0,2
3276.0,gneE3,gneJ4,gneJ5,1.0,557.4,603.6,40.0,2
3296.0,-gneE3,gneJ5,gneJ4,0.00046795672563293655,-7.166666666666664,34.666666666666664,26.0,2
3315.0,gneE3,gneJ4,gneJ5,1.0,86.89999999999998,509.5,39.0,2
3334.0,gneE4,gneJ5,gneJ6,0.9995320432743671,0.5,78.0,78.0,2
3355.0,-gneE4,gneJ6,gneJ5,0.5,0.5,40.0,40.0,2
3377.0,gneE4,gneJ5,gneJ6,5.363080335094767e-05,-17.0,60.5,43.0,2
3397.0,gneE5,gneJ6,gneJ7,0.5,0.5,3397.0,3397.0,2
3418.0,-gneE5,gneJ7,gneJ6,0.5,0.5,41.0,41.0,2
3439.0,gneE5,gneJ6,gneJ7,0.0,-1677.0,1719.5,42.0,2
3459.0,gneE10,gneJ7,gneJ14,0.5,0.5,3459.0,3459.0,2
3478.0,gneE11,gneJ14,gneJ10,0.5,0.5,3478.0,3478.0,2
3499.0,gneE8,gneJ10,gneJ11,0.5,0.5,3499.0,3499.0,2
3519.0,-gneE8,gneJ11,gneJ10,0.5,0.5,41.0,41.0,2
3539.0,-gneE11,gneJ10,gneJ14,0.5,0.5,80.0,80.0,2
3560.0,gneE11,gneJ14,gneJ10,0.0,-1718.0,1759.5,41.0,2
3578.0,gneE8,gneJ10,gneJ11,0.0,-1709.5,1789.0,79.0,2
3598.0,gneE9,gneJ11,gneJ12,0.5,0.5,3598.0,3598.0,2
3620.0,-gneE9,gneJ12,gneJ11,1.0,1.0,42.0,42.0,1
3639.0,gneE9,gneJ11,gneJ12,0.0,-1778.0,1819.5,41.0,2
3659.0,-gneE9,gneJ12,gneJ11,1.0,-0.5,40.5,39.0,1
3679.0,-gneE8,gneJ11,gneJ10,1.0,39.5,80.0,119.0,2
3698.0,-gneE11,gneJ10,gneJ14,1.0,40.0,119.5,159.0,2
3718.0,-gneE10,gneJ14,gneJ7,1.0,0.5,279.0,279.0,2
3738.0,-gneE5,gneJ7,gneJ6,1.0,140.0,180.5,320.0,2
3758.0,-gneE4,gneJ6,gneJ5,1.0,182.0,221.5,403.0,2
3778.0,-gneE3,gneJ5,gneJ4,0.9921029164925812,-12.166666666666664,33.0,28.0,2
3798.0,gneE3,gneJ4,gneJ5,4.9613337390426814e-129,-315.52857142857147,442.42857142857144,40.0,2
3818.0,-gneE3,gneJ5,gneJ4,0.01858452463482171,-20.966666666666665,30.8,22.0,2
3837.0,-gneE2,gneJ4,gneJ3,1.0,-25.958838001447337,22.862068965517242,17.0,2
3859.0,gneE2,gneJ3,gneJ4,0.9953305709368239,-179.7100406336079,27.551724137931036,16.0,2
3879.0,-gneE2,gneJ4,gneJ3,1.0,-33.55883800144734,22.6,15.0,2
3900.0,gneE2,gneJ3,gneJ4,0.00043576922376044677,-192.81004063360788,27.1,14.0,2
3920.0,-gneE2,gneJ4,gneJ3,1.0,-43.816902517576374,22.258064516129032,12.0,2
3939.0,-gneE1,gneJ3,gneJ2,1.0,542.6570879269074,78.27083333333333,806.0,2
3960.0,gneE1,gneJ2,gneJ3,1.0,-136.978265311225,17.0,7.0,1
3979.0,-gneE1,gneJ3,gneJ2,1.0,505.16729200854,77.48979591836735,40.0,2
4000.0,gneE1,gneJ2,gneJ3,1.0,-149.712959188776,16.73469387755102,4.0,1
4021.0,-gneE1,gneJ3,gneJ2,1.0,470.38729200854004,76.78,42.0,2
4042.0,gneE1,gneJ2,gneJ3,1.0,-164.152959188776,16.44,2.0,1
4062.0,-gneE1,gneJ3,gneJ2,1.0,435.30886063599104,76.07843137254902,41.0,2
4082.0,gneE1,gneJ2,gneJ3,1.0,-141.05491997308974,16.901960784313726,40.0,1
4102.0,-gneE1,gneJ3,gneJ2,1.0,399.9242452513756,75.38461538461539,40.0,2
4124.0,gneE1,gneJ2,gneJ3,1.0,-119.38184305001282,17.326923076923077,39.0,1
4145.0,-gneE1,gneJ3,gneJ2,1.0,368.15066034571527,74.77358490566037,43.0,2
4168.0,gneE1,gneJ2,gneJ3,1.0,-98.11769210661659,17.735849056603772,39.0,1
4190.0,-gneE1,gneJ3,gneJ2,1.0,338.92843812349304,74.22222222222223,45.0,2
4211.0,gneE1,gneJ2,gneJ3,1.0,-76.26584025476474,18.14814814814815,40.0,1
4231.0,-gneE1,gneJ3,gneJ2,1.0,306.3102563053112,73.61818181818182,41.0,2
4251.0,gneE1,gneJ2,gneJ3,1.0,-79.35674934567383,18.09090909090909,15.0,1
4272.0,-gneE1,gneJ3,gneJ2,1.0,274.27454201959694,73.03571428571429,41.0,2
4293.0,gneE1,gneJ2,gneJ3,1.0,-64.7138922028167,18.357142857142858,33.0,1
4314.0,-gneE1,gneJ3,gneJ2,1.0,243.78331394942148,72.49122807017544,42.0,2
4335.0,gneE1,gneJ2,gneJ3,1.0,-50.327927290535996,18.614035087719298,33.0,1
4355.0,-gneE1,gneJ3,gneJ2,1.0,212.83503808735253,71.94827586206897,41.0,2
4376.0,gneE1,gneJ2,gneJ3,1.0,-37.17275487674289,18.844827586206897,32.0,1
4396.0,-gneE1,gneJ3,gneJ2,1.0,182.41130927379322,71.42372881355932,41.0,2
4417.0,gneE1,gneJ2,gneJ3,1.0,-28.172754876742893,19.0,28.0,1
4437.0,-gneE1,gneJ3,gneJ2,1.0,152.49464260712654,70.91666666666667,41.0,2
4458.0,gneE1,gneJ2,gneJ3,1.0,-23.256088210076225,19.083333333333332,24.0,1
4478.0,-gneE1,gneJ3,gneJ2,1.0,123.06841309892981,70.42622950819673,41.0,2
4499.0,gneE1,gneJ2,gneJ3,1.0,-20.38723575105983,19.131147540983605,22.0,1
4520.0,-gneE1,gneJ3,gneJ2,1.0,95.10067116344594,69.96774193548387,42.0,2
4540.0,gneE1,gneJ2,gneJ3,1.0,-21.500138976866282,19.112903225806452,18.0,1
4560.0,-gneE1,gneJ3,gneJ2,1.0,65.60860767138244,69.4920634920635,40.0,2
4582.0,gneE1,gneJ2,gneJ3,1.0,-25.54775802448533,19.047619047619047,15.0,1
4602.0,-gneE1,gneJ3,gneJ2,1.0,38.546107671382444,69.0625,42.0,2
4624.0,gneE1,gneJ2,gneJ3,1.0,-32.48525802448533,18.9375,12.0,1
4644.0,-gneE1,gneJ3,gneJ2,1.0,11.899953825228593,68.64615384615385,42.0,2
4663.0,gneE1,gneJ2,gneJ3,1.0,-43.254488793716106,18.76923076923077,8.0,1
4683.0,-gneE1,gneJ3,gneJ2,1.0,-17.29701587174111,68.1969696969697,39.0,2
4704.0,gneE1,gneJ2,gneJ3,1.0,-58.78479182401914,18.53030303030303,3.0,1
4724.0,-gneE1,gneJ3,gneJ2,1.0,-44.088060647860516,67.7910447761194,41.0,2
4746.0,gneE1,gneJ2,gneJ3,1.0,-35.66538883894451,18.880597014925375,42.0,1
4768.0,-gneE1,gneJ3,gneJ2,1.0,-67.52923711844875,67.44117647058823,44.0,2
4788.0,gneE1,gneJ2,gneJ3,1.0,-12.885977074238625,19.220588235294116,42.0,1
4808.0,-gneE1,gneJ3,gneJ2,1.0,-94.57271537931831,67.04347826086956,40.0,2
4828.0,gneE1,gneJ2,gneJ3,1.0,4.635762056196157,19.47826086956522,37.0,1
4849.0,-gneE1,gneJ3,gneJ2,1.0,-120.24414395074689,66.67142857142858,41.0,2
4869.0,gneE1,gneJ2,gneJ3,1.0,19.935762056196157,19.7,35.0,1
4889.0,-gneE1,gneJ3,gneJ2,1.0,-146.53991859863422,66.29577464788733,40.0,2
4909.0,gneE1,gneJ2,gneJ3,1.0,31.076607126618693,19.859154929577464,31.0,1
4929.0,-gneE1,gneJ3,gneJ2,0.9999999985322958,-172.4704741541898,65.93055555555556,40.0,2
4949.0,gneE1,gneJ2,gneJ3,1.0,35.159940459952026,19.916666666666668,24.0,1
4969.0,-gneE1,gneJ3,gneJ2,0.005294511487363148,-198.0458166199432,65.57534246575342,40.0,2
4989.0,gneE1,gneJ2,gneJ3,1.0,37.21473498049997,19.945205479452056,22.0,1
5009.0,gneE2,gneJ3,gneJ4,0.3390681037083637,-198.7132664400595,26.903225806451612,21.0,2
5028.0,-gneE2,gneJ4,gneJ3,1.0,-47.941902517576374,22.125,18.0,2
5049.0,gneE2,gneJ3,gneJ4,3.4962490078294646e-05,-208.3070164400595,26.59375,17.0,2
5069.0,-gneE2,gneJ4,gneJ3,1.0,-55.820690396364256,21.87878787878788,14.0,2
5087.0,-gneE1,gneJ3,gneJ2,1.0,-146.329600403727,66.28378378378379,118.0,2
5107.0,gneE1,gneJ2,gneJ3,1.0,26.41743768320267,19.7972972972973,9.0,1
5128.0,-gneE1,gneJ3,gneJ2,0.9999999999999999,-171.27626707039366,65.94666666666667,41.0,2
5148.0,gneE1,gneJ2,gneJ3,1.0,13.790771016536006,19.626666666666665,7.0,1
5168.0,-gneE1,gneJ3,gneJ2,0.9999890863594606,-196.8815302282884,65.60526315789474,40.0,2
5189.0,gneE1,gneJ2,gneJ3,1.0,-0.6434395097797854,19.43421052631579,5.0,1
5210.0,-gneE1,gneJ3,gneJ2,6.974694282741114e-06,-220.1802315269897,65.2987012987013,42.0,2
5230.0,gneE1,gneJ2,gneJ3,1.0,-17.85123171757199,19.207792207792206,2.0,1
5260.0,gneE2,gneJ3,gneJ4,0.014518681021808187,-224.3979255309686,26.09090909090909,10.0,2
5282.0,-gneE2,gneJ4,gneJ3,1.0,-67.35010216107014,21.529411764705884,10.0,2
5302.0,-gneE1,gneJ3,gneJ2,0.9999999999999475,-193.82125716801534,65.64102564102564,92.0,2
5322.0,gneE1,gneJ2,gneJ3,1.0,-31.876872743213017,19.025641025641026,5.0,1
5342.0,-gneE1,gneJ3,gneJ2,0.9948326403318134,-219.13771286421786,65.31645569620254,40.0,2
5362.0,gneE1,gneJ2,gneJ3,1.0,-49.67434109764339,18.79746835443038,1.0,1
5382.0,-gneE1,gneJ3,gneJ2,2.6737406943205553e-09,-244.13771286421786,65.0,40.0,2
5402.0,gneE1,gneJ2,gneJ3,1.0,-28.736841097643392,19.0625,40.0,1
5421.0,gneE2,gneJ3,gneJ4,0.9999999999999745,-212.83910200155682,26.441176470588236,38.0,2
5442.0,-gneE2,gneJ4,gneJ3,1.0,-52.321530732498715,21.97142857142857,37.0,2
5463.0,gneE2,gneJ3,gneJ4,1.0,-204.5248162872711,26.685714285714287,35.0,2
5484.0,-gneE2,gneJ4,gneJ3,1.0,-41.599308510276494,22.27777777777778,33.0,2
5504.0,gneE2,gneJ3,gneJ4,1.0,-201.30259406504888,26.77777777777778,30.0,2
5524.0,-gneE2,gneJ4,gneJ3,1.0,-36.03174094270892,22.43243243243243,28.0,2
5545.0,gneE2,gneJ3,gneJ4,1.0,-200.1134048758597,26.81081081081081,28.0,2
5566.0,-gneE2,gneJ4,gneJ3,1.0,-31.58437252165629,22.55263157894737,27.0,2
5586.0,gneE2,gneJ3,gneJ4,1.0,-202.85024698112284,26.736842105263158,24.0,2
5607.0,-gneE2,gneJ4,gneJ3,1.0,-31.148475085758857,22.564102564102566,23.0,2
5626.0,gneE2,gneJ3,gneJ4,0.9999999999999997,-208.43999057086643,26.58974358974359,21.0,2
5645.0,-gneE2,gneJ4,gneJ3,1.0,-34.623475085758855,22.475,19.0,2
5664.0,gneE2,gneJ3,gneJ4,0.9999999999746368,-219.73999057086644,26.3,15.0,2
5685.0,-gneE2,gneJ4,gneJ3,1.0,-42.89176776868568,22.26829268292683,14.0,2
5704.0,gneE2,gneJ3,gneJ4,0.9999229433802307,-234.66681983915913,25.926829268292682,11.0,2
5724.0,-gneE2,gneJ4,gneJ3,1.0,-55.84414872106663,21.952380952380953,9.0,2
5745.0,gneE2,gneJ3,gneJ4,0.0008641354697138316,-251.19062936296865,25.523809523809526,9.0,2
5767.0,-gneE2,gneJ4,gneJ3,1.0,-69.47205569781082,21.627906976744185,8.0,2
5786.0,-gneE1,gneJ3,gneJ2,1.0,90.67710195059692,69.18518518518519,404.0,2
5807.0,gneE1,gneJ2,gneJ3,1.0,-45.58869294949524,18.85185185185185,2.0,1
5827.0,-gneE1,gneJ3,gneJ2,1.0,62.83563853596277,68.84146341463415,41.0,2
5849.0,gneE1,gneJ2,gneJ3,1.0,-22.722839290958653,19.134146341463413,42.0,1
5869.0,-gneE1,gneJ3,gneJ2,1.0,36.31756624680615,68.51807228915662,42.0,2
5890.0,gneE1,gneJ2,gneJ3,1.0,-1.120429652404436,19.397590361445783,41.0,1
5910.0,-gneE1,gneJ3,gneJ2,1.0,9.127090056329962,68.19047619047619,41.0,2
5930.0,gneE1,gneJ2,gneJ3,1.0,18.248617966643184,19.63095238095238,39.0,1
5950.0,-gneE1,gneJ3,gneJ2,1.0,-18.731733473081803,67.85882352941177,40.0,2
5971.0,gneE1,gneJ2,gneJ3,1.0,33.43685326076083,19.811764705882354,35.0,1
5990.0,-gneE1,gneJ3,gneJ2,1.0,-46.26661719401204,67.53488372093024,40.0,2
6010.0,gneE1,gneJ2,gneJ3,1.0,44.49499279564455,19.941860465116278,31.0,1
6031.0,-gneE1,gneJ3,gneJ2,1.0,-72.4965022514833,67.22988505747126,41.0,2
6051.0,gneE1,gneJ2,gneJ3,1.0,51.47200428989743,20.022988505747126,27.0,1
6072.0,-gneE1,gneJ3,gneJ2,1.0,-98.4283204333015,66.93181818181819,41.0,2
6094.0,gneE1,gneJ2,gneJ3,1.0,58.3697315626247,20.102272727272727,27.0,1
6115.0,-gneE1,gneJ3,gneJ2,1.0,-122.0912417816161,66.66292134831461,43.0,2
6135.0,gneE1,gneJ2,gneJ3,1.0,61.234900101950544,20.134831460674157,23.0,1
6155.0,-gneE1,gneJ3,gneJ2,1.0,-148.45790844828275,66.36666666666666,40.0,2
6177.0,gneE1,gneJ2,gneJ3,1.0,62.0904556575061,20.144444444444446,21.0,1
6197.0,-gneE1,gneJ3,gneJ2,1.0,-172.55680954718383,66.0989010989011,42.0,2
6217.0,gneE1,gneJ2,gneJ3,1.0,58.98056554761599,20.10989010989011,17.0,1
6238.0,-gneE1,gneJ3,gneJ2,1.0,-197.38289650370558,65.82608695652173,41.0,2
6259.0,gneE1,gneJ2,gneJ3,1.0,55.90447859109425,20.07608695652174,17.0,1
6280.0,-gneE1,gneJ3,gneJ2,0.9999999999999263,-220.95278897682385,65.56989247311827,42.0,2
6300.0,gneE1,gneJ2,gneJ3,1.0,47.915231279266294,19.989247311827956,12.0,1
6321.0,-gneE1,gneJ3,gneJ2,0.9973467937907964,-245.26129961512174,65.30851063829788,41.0,2
6342.0,gneE1,gneJ2,gneJ3,1.0,38.03225255586204,19.882978723404257,10.0,1
6363.0,-gneE1,gneJ3,gneJ2,3.62137055612539e-08,-268.3244575098586,65.06315789473685,42.0,2
6385.0,gneE1,gneJ2,gneJ3,1.0,25.284884134809406,19.74736842105263,7.0,1
6407.0,gneE2,gneJ3,gneJ4,0.729935087693724,-267.3301642466896,25.13953488372093,9.0,2
6428.0,-gneE2,gneJ4,gneJ3,1.0,-81.81296478871991,21.34090909090909,9.0,2
6446.0,-gneE1,gneJ3,gneJ2,0.9999999471446442,-250.57445750985858,65.25,83.0,2
6466.0,gneE1,gneJ2,gneJ3,1.0,7.722384134809406,19.5625,2.0,1
6487.0,-gneE1,gneJ3,gneJ2,0.0007137289803855133,-274.5744575098586,65.0,41.0,2
6507.0,gneE1,gneJ2,gneJ3,1.0,28.93887898017023,19.783505154639176,41.0,1
6527.0,gneE2,gneJ3,gneJ4,0.9999999999501283,-250.8528915194169,25.522727272727273,42.0,2
6547.0,-gneE2,gneJ4,gneJ3,1.0,-65.52407589983102,21.711111111111112,38.0,2
6566.0,gneE2,gneJ3,gneJ4,0.999999999999374,-246.47511374163912,25.622222222222224,30.0,2
6586.0,-gneE2,gneJ4,gneJ3,1.0,-58.39364111722232,21.869565217391305,29.0,2
6607.0,gneE2,gneJ3,gneJ4,0.9999999999999388,-244.14902678511737,25.67391304347826,28.0,2
6627.0,-gneE2,gneJ4,gneJ3,1.0,-53.37236452147764,21.97872340425532,27.0,2
6647.0,gneE2,gneJ3,gneJ4,0.9999999999998817,-244.80860125320248,25.659574468085108,25.0,2
6669.0,-gneE2,gneJ4,gneJ3,1.0,-51.39319785481098,22.020833333333332,24.0,2
6689.0,gneE2,gneJ3,gneJ4,0.9999999999957433,-248.39193458653583,25.583333333333332,22.0,2
6710.0,-gneE2,gneJ4,gneJ3,1.0,-53.37278969154568,21.979591836734695,20.0,2
6731.0,gneE2,gneJ3,gneJ4,0.9999999928342386,-255.82050601510724,25.428571428571427,18.0,2
6751.0,-gneE2,gneJ4,gneJ3,1.0,-59.232789691545676,21.86,16.0,2
6772.0,gneE2,gneJ3,gneJ4,0.999926190662267,-265.06050601510725,25.24,16.0,2
6792.0,-gneE2,gneJ4,gneJ3,1.0,-65.95827988762412,21.725490196078432,15.0,2
6812.0,gneE2,gneJ3,gneJ4,0.18158341444918497,-276.0801138582445,25.019607843137255,14.0,2
6832.0,-gneE2,gneJ4,gneJ3,1.0,-73.5352029645472,21.576923076923077,14.0,2
6852.0,-gneE1,gneJ3,gneJ2,1.0,22.36431800034552,68.06122448979592,365.0,2
6872.0,gneE1,gneJ2,gneJ3,1.0,19.255205510782474,19.683673469387756,10.0,1
6891.0,-gneE1,gneJ3,gneJ2,1.0,-6.403358767331241,67.76767676767676,39.0,2
6912.0,gneE1,gneJ2,gneJ3,1.0,6.699649955226917,19.555555555555557,7.0,1
6933.0,-gneE1,gneJ3,gneJ2,1.0,-31.913358767331246,67.51,42.0,2
6954.0,gneE1,gneJ2,gneJ3,1.0,-6.720350044773085,19.42,6.0,1
6976.0,-gneE1,gneJ3,gneJ2,1.0,-56.180685500004515,67.26732673267327,43.0,2
6997.0,gneE1,gneJ2,gneJ3,1.0,-20.997577767545362,19.277227722772277,5.0,1
7017.0,-gneE1,gneJ3,gneJ2,1.0,-82.19048942157315,67.00980392156863,41.0,2
7038.0,gneE1,gneJ2,gneJ3,1.0,-38.10542090480027,19.107843137254903,2.0,1
7060.0,-gneE1,gneJ3,gneJ2,1.0,-105.96718845069937,66.77669902912622,43.0,2
7081.0,gneE1,gneJ2,gneJ3,1.0,-14.445226730042986,19.339805825242717,43.0,1
7101.0,-gneE1,gneJ3,gneJ2,1.0,-131.4960346045455,66.52884615384616,41.0,2
7122.0,gneE1,gneJ2,gneJ3,1.0,7.006696346880091,19.548076923076923,41.0,1
7143.0,-gneE1,gneJ3,gneJ2,1.0,-155.7912726997836,66.29523809523809,42.0,2
7163.0,gneE1,gneJ2,gneJ3,1.0,24.292410632594375,19.714285714285715,37.0,1
7182.0,-gneE1,gneJ3,gneJ2,1.0,-182.8290085488402,66.0377358490566,39.0,2
7203.0,gneE1,gneJ2,gneJ3,1.0,39.43392006655664,19.858490566037737,35.0,1
7223.0,-gneE1,gneJ3,gneJ2,1.0,-207.6327468665972,65.80373831775701,41.0,2
7243.0,gneE1,gneJ2,gneJ3,1.0,49.48064903851925,19.953271028037385,30.0,1
7265.0,-gneE1,gneJ3,gneJ2,1.0,-231.2160801999305,65.58333333333333,42.0,2
7287.0,gneE1,gneJ2,gneJ3,1.0,60.425093482963696,20.055555555555557,31.0,1
7308.0,-gneE1,gneJ3,gneJ2,0.9999999998287483,-253.5922269889213,65.37614678899082,43.0,2
7329.0,gneE1,gneJ2,gneJ3,1.0,67.30582742791782,20.119266055045873,27.0,1
7349.0,-gneE1,gneJ3,gneJ2,0.1588701848049853,-277.74677244346674,65.15454545454546,41.0,2
7370.0,gneE1,gneJ2,gneJ3,1.0,70.16037288246328,20.145454545454545,23.0,1
7390.0,gneE2,gneJ3,gneJ4,0.09315987131145613,-280.02242155055217,24.942307692307693,21.0,2
7411.0,-gneE2,gneJ4,gneJ3,1.0,-75.08237277586795,21.547169811320753,20.0,2
7430.0,-gneE1,gneJ3,gneJ2,0.9999999844367244,-262.04406974076403,65.29729729729729,81.0,2
7451.0,gneE1,gneJ2,gneJ3,1.0,65.06127378336419,20.0990990990991,15.0,1
7472.0,-gneE1,gneJ3,gneJ2,0.005994300112356513,-285.13335545504975,65.08928571428571,42.0,2
7494.0,gneE1,gneJ2,gneJ3,1.0,58.0255594976499,20.035714285714285,13.0,1
7513.0,gneE2,gneJ3,gneJ4,2.6706535790371252e-05,-295.6639309845144,24.641509433962263,9.0,2
7535.0,-gneE2,gneJ4,gneJ3,1.0,-88.37866907216426,21.296296296296298,8.0,2
7554.0,-gneE1,gneJ3,gneJ2,0.9999999999985959,-268.3722935081471,65.23893805309734,82.0,2
7575.0,gneE1,gneJ2,gneJ3,1.0,40.149453302959635,19.876106194690266,2.0,1
7597.0,-gneE1,gneJ3,gneJ2,0.9947683221422202,-290.4161531572699,65.04385964912281,43.0,2
7617.0,gneE1,gneJ2,gneJ3,1.0,62.07927786436315,20.07017543859649,42.0,1
7636.0,-gneE1,gneJ3,gneJ2,1.1660854368229817e-09,-316.2335444616177,64.81739130434782,39.0,2
7658.0,gneE1,gneJ2,gneJ3,1.0,81.83579960349358,20.243478260869566,40.0,1
7677.0,gneE2,gneJ3,gneJ4,0.9999999999999937,-283.5343013548848,24.87037037037037,37.0,2
7698.0,-gneE2,gneJ4,gneJ3,1.0,-72.96048725398244,21.581818181818182,37.0,2
7718.0,gneE2,gneJ3,gneJ4,1.0,-275.5524831730666,25.01818181818182,33.0,2
7739.0,-gneE2,gneJ4,gneJ3,1.0,-63.710487253982436,21.75,31.0,2
7759.0,gneE2,gneJ3,gneJ4,1.0,-270.65962603020944,25.107142857142858,30.0,2
7780.0,-gneE2,gneJ4,gneJ3,1.0,-44.79820655222805,22.087719298245613,41.0,2
7801.0,gneE2,gneJ3,gneJ4,1.0,-267.8175207670515,25.157894736842106,28.0,2
7822.0,-gneE2,gneJ4,gneJ3,1.0,-25.22924103498667,22.43103448275862,42.0,2
7841.0,gneE2,gneJ3,gneJ4,1.0,-267.9726931808446,25.155172413793103,25.0,2
7861.0,-gneE2,gneJ4,gneJ3,1.0,-8.941105441766332,22.71186440677966,39.0,2
7881.0,gneE2,gneJ3,gneJ4,1.0,-273.04048979101407,25.06779661016949,20.0,2
7902.0,-gneE2,gneJ4,gneJ3,1.0,9.042227891567002,23.016666666666666,41.0,2
7922.0,gneE2,gneJ3,gneJ4,0.9999999999999996,-280.9738231243474,24.933333333333334,17.0,2
7943.0,-gneE2,gneJ4,gneJ3,1.0,26.730752481730935,23.311475409836067,41.0,2
7963.0,gneE2,gneJ3,gneJ4,0.9999999999914853,-290.7443149276261,24.770491803278688,15.0,2
7983.0,-gneE2,gneJ4,gneJ3,1.0,18.553333126892227,23.177419354838708,15.0,2
8003.0,gneE2,gneJ3,gneJ4,0.9999996593654658,-301.3410891211745,24.596774193548388,14.0,2
8024.0,-gneE2,gneJ4,gneJ3,1.0,8.537460111019211,23.015873015873016,13.0,2
8045.0,gneE2,gneJ3,gneJ4,0.9238348943794474,-313.7379145179999,24.396825396825395,12.0,2
8065.0,-gneE2,gneJ4,gneJ3,1.0,-4.275039888980789,22.8125,10.0,2
8086.0,gneE2,gneJ3,gneJ4,1.1859146289709395e-06,-329.8785395179999,24.140625,8.0,2
8107.0,-gneE2,gneJ4,gneJ3,1.0,-19.84427065821156,22.56923076923077,7.0,2
8127.0,-gneE1,gneJ3,gneJ2,1.0,106.27507622803745,68.49137931034483,491.0,2
8147.0,gneE1,gneJ2,gneJ3,1.0,63.74959270694186,20.086206896551722,2.0,1
8168.0,-gneE1,gneJ3,gneJ2,1.0,79.01866597162719,68.25641025641026,41.0,2
8188.0,gneE1,gneJ2,gneJ3,1.0,84.4846354419846,20.264957264957264,41.0,1
8209.0,-gneE1,gneJ3,gneJ2,1.0,51.99324224281362,68.02542372881356,41.0,2
8229.0,gneE1,gneJ2,gneJ3,1.0,104.05243205215409,20.43220338983051,40.0,1
8250.0,-gneE1,gneJ3,gneJ2,1.0,25.19492291508253,67.7983193277311,41.0,2
8271.0,gneE1,gneJ2,gneJ3,1.0,119.48940684207005,20.563025210084035,36.0,1
8292.0,-gneE1,gneJ3,gneJ2,1.0,-0.3884104182507997,67.58333333333333,42.0,2
8311.0,gneE1,gneJ2,gneJ3,1.0,128.84774017540337,20.641666666666666,30.0,1
8332.0,-gneE1,gneJ3,gneJ2,1.0,-27.74378231907724,67.35537190082644,40.0,2
8351.0,gneE1,gneJ2,gneJ3,1.0,134.16178976218023,20.68595041322314,26.0,1
8371.0,-gneE1,gneJ3,gneJ2,1.0,-55.86673313874937,67.12295081967213,39.0,2
8391.0,gneE1,gneJ2,gneJ3,1.0,134.4732651720163,20.688524590163933,21.0,1
8411.0,-gneE1,gneJ3,gneJ2,1.0,-82.76917216313961,66.90243902439025,40.0,2
8431.0,gneE1,gneJ2,gneJ3,1.0,129.82285866795127,20.650406504065042,16.0,1
8452.0,-gneE1,gneJ3,gneJ2,1.0,-108.46272055023638,66.69354838709677,41.0,2
8471.0,gneE1,gneJ2,gneJ3,1.0,121.24221350666095,20.580645161290324,12.0,1
8491.0,-gneE1,gneJ3,gneJ2,1.0,-135.93472055023636,66.472,39.0,2
8513.0,gneE1,gneJ2,gneJ3,1.0,110.74621350666095,20.496,10.0,1
8534.0,-gneE1,gneJ3,gneJ2,1.0,-159.22043483595064,66.28571428571429,43.0,2
8554.0,gneE1,gneJ2,gneJ3,1.0,98.34938810983556,20.396825396825395,8.0,1
8574.0,-gneE1,gneJ3,gneJ2,1.0,-185.29917499343094,66.07874015748031,40.0,2
8595.0,gneE1,gneJ2,gneJ3,1.0,82.08167157440249,20.26771653543307,4.0,1
8616.0,-gneE1,gneJ3,gneJ2,1.0,-209.18979999343094,65.890625,42.0,2
8635.0,gneE1,gneJ2,gneJ3,1.0,62.96448407440249,20.1171875,1.0,1
8655.0,-gneE1,gneJ3,gneJ2,1.0,-235.8719705360666,65.68217054263566,39.0,2
8675.0,gneE1,gneJ2,gneJ3,1.0,82.69316624494513,20.271317829457363,40.0,1
8694.0,-gneE1,gneJ3,gneJ2,1.0,-262.3488936129897,65.47692307692307,39.0,2
8714.0,gneE1,gneJ2,gneJ3,1.0,98.30085855263744,20.392307692307693,36.0,1
8735.0,-gneE1,gneJ3,gneJ2,1.0,-286.63896994886755,65.29007633587786,41.0,2
8756.0,gneE1,gneJ2,gneJ3,1.0,112.79704175874431,20.50381679389313,35.0,1
8776.0,-gneE1,gneJ3,gneJ2,0.9999999950974432,-310.7450305549282,65.10606060606061,41.0,2
8796.0,gneE1,gneJ2,gneJ3,1.0,122.22128418298674,20.575757575757574,30.0,1
8817.0,-gneE1,gneJ3,gneJ2,0.008233283054909803,-334.6698425850034,64.92481203007519,41.0,2
8838.0,gneE1,gneJ2,gneJ3,1.0,130.58218643862583,20.639097744360903,29.0,1
8858.0,gneE2,gneJ3,gneJ4,0.9995031312616047,-327.0631549026153,24.184615384615384,27.0,2
8878.0,-gneE2,gneJ4,gneJ3,1.0,-17.450331264272165,22.606060606060606,25.0,2
8898.0,gneE2,gneJ3,gneJ4,0.9994041166083115,-327.24497308443347,24.181818181818183,24.0,2
8919.0,-gneE2,gneJ4,gneJ3,1.0,-17.062271562779628,22.611940298507463,23.0,2
8938.0,gneE2,gneJ3,gneJ4,0.9864875755937669,-330.37930144264243,24.134328358208954,21.0,2
8958.0,-gneE2,gneJ4,gneJ3,1.0,-19.635800974544335,22.573529411764707,20.0,2
8978.0,gneE2,gneJ3,gneJ4,0.14759666386029088,-336.42341908970127,24.044117647058822,18.0,2
8999.0,-gneE2,gneJ4,gneJ3,1.0,-24.14304735135593,22.507246376811594,18.0,2
9020.0,-gneE1,gneJ3,gneJ2,1.0,-197.6250664656004,65.95522388059702,203.0,2
9041.0,gneE1,gneJ2,gneJ3,1.0,125.97770882668553,20.604477611940297,16.0,1
9062.0,-gneE1,gneJ3,gneJ2,1.0,-221.40284424337818,65.77777777777777,42.0,2
9083.0,gneE1,gneJ2,gneJ3,1.0,118.42956067853738,20.548148148148147,13.0,1
9102.0,-gneE1,gneJ3,gneJ2,1.0,-246.99107953749584,65.58823529411765,40.0,2
9123.0,gneE1,gneJ2,gneJ3,1.0,106.96632538441973,20.46323529411765,9.0,1
9144.0,-gneE1,gneJ3,gneJ2,1.0,-270.4071379316564,65.41605839416059,42.0,2
9164.0,gneE1,gneJ2,gneJ3,1.0,93.6013618807701,20.364963503649633,7.0,1
9185.0,-gneE1,gneJ3,gneJ2,1.0,-294.646268366439,65.23913043478261,41.0,2
9208.0,gneE1,gneJ2,gneJ3,1.0,80.33324593874111,20.268115942028984,7.0,1
9229.0,-gneE1,gneJ3,gneJ2,0.9999999989670219,-315.7325993016908,65.0863309352518,44.0,2
9250.0,gneE1,gneJ2,gneJ3,1.0,65.17497255744615,20.158273381294965,5.0,1
9270.0,-gneE1,gneJ3,gneJ2,0.03829214534870246,-339.6468850159765,64.91428571428571,41.0,2
9290.0,gneE1,gneJ2,gneJ3,1.0,47.14640112887473,20.02857142857143,2.0,1
9317.0,gneE2,gneJ3,gneJ4,3.412273787925869e-06,-352.23501329259983,23.81159420289855,8.0,2
9341.0,-gneE2,gneJ4,gneJ3,1.0,-36.471618779927354,22.32857142857143,10.0,2
9361.0,-gneE1,gneJ3,gneJ2,1.0,-313.74617579611834,65.09929078014184,91.0,2
9381.0,gneE1,gneJ2,gneJ3,1.0,33.21732311469033,19.929078014184398,6.0,1
9401.0,-gneE1,gneJ3,gneJ2,0.999998716992425,-338.6687110073859,64.9225352112676,40.0,2
9423.0,gneE1,gneJ2,gneJ3,1.0,17.400421706239626,19.816901408450704,4.0,1
9443.0,-gneE1,gneJ3,gneJ2,0.00010144062329824611,-361.4309487696237,64.76223776223776,42.0,2
9464.0,gneE1,gneJ2,gneJ3,1.0,0.7011210069389264,19.6993006993007,3.0,1
9491.0,gneE2,gneJ3,gneJ4,0.004478116717511604,-366.83501329259985,23.6,9.0,2
9512.0,-gneE2,gneJ4,gneJ3,1.0,-50.598379343307634,22.12676056338028,8.0,2
9532.0,-gneE1,gneJ3,gneJ2,0.9999999999998417,-337.3615043251792,64.93055555555556,89.0,2
9554.0,gneE1,gneJ2,gneJ3,1.0,-12.903045659727741,19.604166666666668,6.0,1
9576.0,-gneE1,gneJ3,gneJ2,0.9998313138670456,-358.14771122173096,64.78620689655172,44.0,2
9597.0,gneE1,gneJ2,gneJ3,1.0,-28.39959738386567,19.49655172413793,4.0,1
9616.0,-gneE1,gneJ3,gneJ2,1.2079917196124097e-07,-382.76414957789535,64.61643835616438,40.0,2
9636.0,gneE1,gneJ2,gneJ3,1.0,-9.029734370167041,19.63013698630137,39.0,1
9656.0,gneE2,gneJ3,gneJ4,0.9999999999999983,-348.6941682221773,23.859154929577464,42.0,2
9677.0,-gneE2,gneJ4,gneJ3,1.0,-31.987268232196524,22.38888888888889,41.0,2
9697.0,gneE2,gneJ3,gneJ4,1.0,-339.6802793332884,23.98611111111111,33.0,2
9717.0,-gneE2,gneJ4,gneJ3,1.0,-23.494117547265017,22.506849315068493,31.0,2
9738.0,gneE2,gneJ3,gneJ4,1.0,-334.73507385383635,24.054794520547944,29.0,2
9757.0,-gneE2,gneJ4,gneJ3,1.0,-18.075198628346097,22.58108108108108,28.0,2
9776.0,gneE2,gneJ3,gneJ4,1.0,-333.8026414214039,24.06756756756757,25.0,2
9795.0,-gneE2,gneJ4,gneJ3,1.0,-17.661865295012763,22.586666666666666,23.0,2
9816.0,gneE2,gneJ3,gneJ4,1.0,-335.8426414214039,24.04,22.0,2
9837.0,-gneE2,gneJ4,gneJ3,1.0,-20.214496873960133,22.55263157894737,20.0,2
9858.0,gneE2,gneJ3,gneJ4,1.0,-340.8163256319302,23.973684210526315,19.0,2
9878.0,-gneE2,gneJ4,gneJ3,1.0,-25.695016354479613,22.48051948051948,17.0,2
9898.0,gneE2,gneJ3,gneJ4,0.9999999999999984,-348.6864555020601,23.87012987012987,16.0,2
9917.0,-gneE2,gneJ4,gneJ3,1.0,-35.05399071345397,22.358974358974358,13.0,2
9937.0,gneE2,gneJ3,gneJ4,0.9999999994775887,-361.39158370718826,23.705128205128204,11.0,2
9957.0,-gneE2,gneJ4,gneJ3,1.0,-50.218547675479286,22.164556962025316,7.0,2
9980.0,gneE2,gneJ3,gneJ4,0.9989454420907915,-375.91057104896043,23.518987341772153,9.0,2
10000.0,-gneE2,gneJ4,gneJ3,1.0,-65.1935476754793,21.975,7.0,2
10023.0,gneE2,gneJ3,gneJ4,0.0005617333076753349,-390.2480710489604,23.3375,9.0,2
10046.0,-gneE2,gneJ4,gneJ3,1.0,-78.0083624902941,21.814814814814813,9.0,2
10065.0,-gneE1,gneJ3,gneJ2,1.0,-0.9954420949021596,67.2312925170068,449.0,2
10086.0,gneE1,gneJ2,gneJ3,1.0,-23.560346615065,19.53061224489796,5.0,1
10106.0,-gneE1,gneJ3,gneJ2,1.0,-27.04949614895621,67.05405405405405,41.0,2
10127.0,gneE1,gneJ2,gneJ3,1.0,-2.236022290740678,19.675675675675677,41.0,1
10147.0,-gneE1,gneJ3,gneJ2,1.0,-52.9286907798287,66.87919463087249,41.0,2
10168.0,gneE1,gneJ2,gneJ3,1.0,18.945185762950597,19.818791946308725,41.0,1
10188.0,-gneE1,gneJ3,gneJ2,1.0,-78.63535744649536,66.70666666666666,41.0,2
10208.0,gneE1,gneJ2,gneJ3,1.0,37.99851909628393,19.946666666666665,39.0,1
10229.0,-gneE1,gneJ3,gneJ2,1.0,-104.17178128755496,66.5364238410596,41.0,2
10249.0,gneE1,gneJ2,gneJ3,1.0,53.9455389638336,20.05298013245033,36.0,1
10270.0,-gneE1,gneJ3,gneJ2,1.0,-129.54020234018654,66.36842105263158,41.0,2
10291.0,gneE1,gneJ2,gneJ3,1.0,68.79422317435991,20.151315789473685,35.0,1
10310.0,-gneE1,gneJ3,gneJ2,1.0,-155.7362807715591,66.19607843137256,40.0,2
10331.0,gneE1,gneJ2,gneJ3,1.0,78.5785368998501,20.215686274509803,30.0,1
10350.0,-gneE1,gneJ3,gneJ2,1.0,-181.76225479753313,66.02597402597402,40.0,2
10370.0,gneE1,gneJ2,gneJ3,1.0,82.33827715959036,20.24025974025974,24.0,1
10391.0,-gneE1,gneJ3,gneJ2,1.0,-206.62677092656537,65.86451612903225,41.0,2
10411.0,gneE1,gneJ2,gneJ3,1.0,83.09311586926778,20.24516129032258,21.0,1
10431.0,-gneE1,gneJ3,gneJ2,1.0,-232.32548887528333,65.69871794871794,40.0,2
10451.0,gneE1,gneJ2,gneJ3,1.0,78.87516715131906,20.21794871794872,16.0,1
10470.0,-gneE1,gneJ3,gneJ2,1.0,-258.8541512956655,65.52866242038216,39.0,2
10489.0,gneE1,gneJ2,gneJ3,1.0,67.72867033603244,20.146496815286625,9.0,1
10509.0,-gneE1,gneJ3,gneJ2,1.0,-285.2149107893364,65.36075949367088,39.0,2
10530.0,gneE1,gneJ2,gneJ3,1.0,53.671708310715985,20.056962025316455,6.0,1
10550.0,-gneE1,gneJ3,gneJ2,1.0,-309.4224579591477,65.20754716981132,41.0,2
10571.0,gneE1,gneJ2,gneJ3,1.0,35.728312084300896,19.943396226415093,2.0,1
10590.0,-gneE1,gneJ3,gneJ2,1.0,-334.47245795914773,65.05,40.0,2
10612.0,gneE1,gneJ2,gneJ3,1.0,56.65331208430089,20.075,41.0,1
10633.0,-gneE1,gneJ3,gneJ2,0.999999999999998,-356.3855014374086,64.91304347826087,43.0,2
10654.0,gneE1,gneJ2,gneJ3,1.0,75.46076550044997,20.19254658385093,39.0,1
10674.0,-gneE1,gneJ3,gneJ2,0.9999588043837616,-380.150933536174,64.76543209876543,41.0,2
10695.0,gneE1,gneJ2,gneJ3,1.0,89.18298772267218,20.27777777777778,34.0,1
10716.0,-gneE1,gneJ3,gneJ2,3.6214611540584727e-06,-402.77670040733966,64.62576687116564,42.0,2
10736.0,gneE1,gneJ2,gneJ3,1.0,98.84556440978875,20.337423312883434,30.0,1
10754.0,gneE2,gneJ3,gneJ4,0.999999298893032,-388.60609574031844,23.358024691358025,25.0,2
10775.0,-gneE2,gneJ4,gneJ3,1.0,-75.84982590492825,21.841463414634145,24.0,2
10795.0,gneE2,gneJ3,gneJ4,0.9999990014355397,-388.9597542769038,23.353658536585368,23.0,2
10816.0,-gneE2,gneJ4,gneJ3,1.0,-75.69319939890416,21.843373493975903,22.0,2
10837.0,gneE2,gneJ3,gneJ4,0.999996196544401,-390.29710367449417,23.337349397590362,22.0,2
10857.0,-gneE2,gneJ4,gneJ3,1.0,-77.51462797033273,21.821428571428573,20.0,2
10878.0,gneE2,gneJ3,gneJ4,0.999258272929014,-395.5709131983037,23.273809523809526,18.0,2
10898.0,-gneE2,gneJ4,gneJ3,1.0,-83.26756914680331,21.75294117647059,16.0,2
10917.0,gneE2,gneJ3,gneJ4,0.1235841195684028,-404.73561908065665,23.16470588235294,14.0,2
10938.0,-gneE2,gneJ4,gneJ3,1.0,-93.8954761235475,21.627906976744185,11.0,2
10957.0,-gneE1,gneJ3,gneJ2,1.0,-227.47791991953477,65.70121951219512,241.0,2
10977.0,gneE1,gneJ2,gneJ3,1.0,83.60166197076435,20.24390243902439,5.0,1
10996.0,-gneE1,gneJ3,gneJ2,1.0,-254.01731385892873,65.53939393939395,39.0,2
11017.0,gneE1,gneJ2,gneJ3,1.0,65.46832863743103,20.133333333333333,2.0,1
11036.0,-gneE1,gneJ3,gneJ2,1.0,-279.40285602760343,65.3855421686747,40.0,2
11056.0,gneE1,gneJ2,gneJ3,1.0,84.2213406856238,20.246987951807228,39.0,1
11077.0,-gneE1,gneJ3,gneJ2,1.0,-303.6423769856873,65.23952095808383,41.0,2
11097.0,gneE1,gneJ2,gneJ3,1.0,102.86205924849806,20.35928143712575,39.0,1
11117.0,-gneE1,gneJ3,gneJ2,1.0,-328.731662699973,65.08928571428571,40.0,2
11138.0,gneE1,gneJ2,gneJ3,1.0,120.39777353421235,20.464285714285715,38.0,1
11159.0,-gneE1,gneJ3,gneJ2,1.0,-351.6843254218665,64.95266272189349,42.0,2
11179.0,gneE1,gneJ2,gneJ3,1.0,135.84156051646087,20.556213017751478,36.0,1
11199.0,-gneE1,gneJ3,gneJ2,0.9999999999994591,-376.4902077748077,64.80588235294118,40.0,2
11221.0,gneE1,gneJ2,gneJ3,1.0,150.20038404587262,20.641176470588235,35.0,1
11242.0,-gneE1,gneJ3,gneJ2,0.9985960332920446,-398.1685703479071,64.67836257309942,43.0,2
11262.0,gneE1,gneJ2,gneJ3,1.0,163.4810858002586,20.719298245614034,34.0,1
11282.0,-gneE1,gneJ3,gneJ2,1.572781550587128e-08,-422.70345406883735,64.53488372093024,40.0,2
11304.0,gneE1,gneJ2,gneJ3,1.0,173.70201603281674,20.77906976744186,31.0,1
11323.0,gneE2,gneJ3,gneJ4,0.9999999996448684,-400.94492140623805,23.209302325581394,27.0,2
11344.0,-gneE2,gneJ4,gneJ3,1.0,-87.59662554883485,21.701149425287355,28.0,2
11363.0,gneE2,gneJ3,gneJ4,0.9999999999774921,-398.1863007165829,23.24137931034483,26.0,2
11382.0,-gneE2,gneJ4,gneJ3,1.0,-86.31253463974394,21.71590909090909,23.0,2
11402.0,gneE2,gneJ3,gneJ4,0.9999999994453079,-401.3908461711283,23.204545454545453,20.0,2
11422.0,-gneE2,gneJ4,gneJ3,1.0,-90.97545598805856,21.662921348314608,17.0,2
11444.0,gneE2,gneJ3,gneJ4,0.9999981498617599,-409.5032057216901,23.1123595505618,15.0,2
11464.0,-gneE2,gneJ4,gneJ3,1.0,-100.53101154361411,21.555555555555557,12.0,2
11484.0,gneE2,gneJ3,gneJ4,0.5581313543165044,-422.46987238835675,22.966666666666665,10.0,2
11503.0,-gneE2,gneJ4,gneJ3,1.0,-112.94859396119654,21.417582417582416,9.0,2
11523.0,-gneE1,gneJ3,gneJ2,1.0,-247.25836736363505,65.55491329479769,241.0,2
11543.0,gneE1,gneJ2,gneJ3,1.0,158.01415476114045,20.6878612716763,5.0,1
11563.0,-gneE1,gneJ3,gneJ2,1.0,-272.66641334064656,65.4080459770115,40.0,2
11585.0,gneE1,gneJ2,gneJ3,1.0,139.4336949910255,20.580459770114942,2.0,1
11606.0,-gneE1,gneJ3,gneJ2,1.0,-294.9464133406466,65.28,43.0,2
11626.0,gneE1,gneJ2,gneJ3,1.0,159.73655213388264,20.697142857142858,41.0,1
11646.0,-gneE1,gneJ3,gneJ2,1.0,-320.0827769770102,65.13636363636364,40.0,2
11667.0,gneE1,gneJ2,gneJ3,1.0,179.92405213388264,20.8125,41.0,1
11686.0,-gneE1,gneJ3,gneJ2,1.0,-345.0771272594961,64.99435028248588,40.0,2
11705.0,gneE1,gneJ2,gneJ3,1.0,195.02574704913687,20.89830508474576,36.0,1
11726.0,-gneE1,gneJ3,gneJ2,1.0,-369.93105984376575,64.85393258426966,40.0,2
11747.0,gneE1,gneJ2,gneJ3,1.0,206.0650728918335,20.96067415730337,32.0,1
11767.0,-gneE1,gneJ3,gneJ2,0.9999999999996949,-393.6517302348272,64.72067039106145,41.0,2
11787.0,gneE1,gneJ2,gneJ3,1.0,213.0650728918335,21.0,28.0,1
11807.0,-gneE1,gneJ3,gneJ2,0.9857241720916629,-418.2350635681605,64.58333333333333,40.0,2
11827.0,gneE1,gneJ2,gneJ3,1.0,214.05951733627793,21.005555555555556,22.0,1
11847.0,-gneE1,gneJ3,gneJ2,1.6662254243449943e-09,-442.6825773803152,64.4475138121547,40.0,2
11867.0,gneE1,gneJ2,gneJ3,1.0,208.08714164567021,20.972375690607734,15.0,1
11886.0,gneE2,gneJ3,gneJ4,0.9993820773569618,-435.2940482125326,22.824175824175825,10.0,2
11907.0,-gneE2,gneJ4,gneJ3,1.0,-126.22033309163132,21.27173913043478,8.0,2
11929.0,gneE2,gneJ3,gneJ4,0.0006924967264296918,-449.95709169079345,22.66304347826087,8.0,2
11953.0,-gneE2,gneJ4,gneJ3,1.0,-138.3601180378679,21.13978494623656,9.0,2
11972.0,-gneE1,gneJ3,gneJ2,1.0,-382.462797160535,64.78021978021978,125.0,2
11993.0,gneE1,gneJ2,gneJ3,1.0,191.20802076654934,20.87912087912088,4.0,1
12012.0,-gneE1,gneJ3,gneJ2,1.0,-407.1076059037044,64.64480874316939,40.0,2
12033.0,gneE1,gneJ2,gneJ3,1.0,210.2244142091723,20.983606557377048,40.0,1
12053.0,-gneE1,gneJ3,gneJ2,0.9999999959848112,-430.62391025153045,64.5163043478261,41.0,2
12072.0,gneE1,gneJ2,gneJ3,1.0,227.14832725265055,21.07608695652174,38.0,1
12092.0,-gneE1,gneJ3,gneJ2,0.002363614293531732,-456.00228862990883,64.37837837837837,39.0,2
12113.0,gneE1,gneJ2,gneJ3,1.0,241.9915704958938,21.156756756756756,36.0,1
12132.0,gneE2,gneJ3,gneJ4,0.9999999141791177,-439.7312852391805,22.774193548387096,33.0,2
12153.0,-gneE2,gneJ4,gneJ3,1.0,-128.60479888893173,21.24468085106383,31.0,2
12174.0,gneE2,gneJ3,gneJ4,0.9999999999325705,-432.58234906896774,22.851063829787233,30.0,2
12194.0,-gneE2,gneJ4,gneJ3,1.0,-121.92058836261593,21.31578947368421,28.0,2
12213.0,gneE2,gneJ3,gneJ4,0.99999999999701,-429.4665595952835,22.88421052631579,26.0,2
12232.0,-gneE2,gneJ4,gneJ3,1.0,-121.2435050292826,21.322916666666668,22.0,2
12253.0,gneE2,gneJ3,gneJ4,0.9999999999973337,-429.3519762619502,22.885416666666668,23.0,2
12272.0,-gneE2,gneJ4,gneJ3,1.0,-122.55278337979806,21.309278350515463,20.0,2
12292.0,gneE2,gneJ3,gneJ4,0.9999999998752802,-433.19733708669247,22.84536082474227,19.0,2
12312.0,-gneE2,gneJ4,gneJ3,1.0,-126.81808950224703,21.26530612244898,17.0,2
12332.0,gneE2,gneJ3,gneJ4,0.9999998907297263,-439.9728472907741,22.775510204081634,16.0,2
12353.0,-gneE2,gneJ4,gneJ3,1.0,-134.01000869416623,21.19191919191919,14.0,2
12374.0,gneE2,gneJ3,gneJ4,0.9982609464140668,-449.64961496754177,22.67676767676768,13.0,2
12393.0,-gneE2,gneJ4,gneJ3,1.0,-144.10000869416623,21.09,11.0,2
12414.0,gneE2,gneJ3,gneJ4,0.0020307316462107343,-462.1996149675418,22.55,10.0,2
12435.0,-gneE2,gneJ4,gneJ3,1.0,-156.0703057238692,20.97029702970297,9.0,2
12454.0,-gneE1,gneJ3,gneJ2,1.0,-159.98078325356477,65.97849462365592,362.0,2
12475.0,gneE1,gneJ2,gneJ3,1.0,223.93243071094756,21.059139784946236,3.0,1
12495.0,-gneE1,gneJ3,gneJ2,1.0,-184.82570303966102,65.84491978609626,41.0,2
12516.0,gneE1,gneJ2,gneJ3,1.0,243.76665530987805,21.165775401069517,41.0,1
12537.0,-gneE1,gneJ3,gneJ2,1.0,-208.543788146044,65.71808510638297,42.0,2
12556.0,gneE1,gneJ2,gneJ3,1.0,261.5060170120057,21.26063829787234,39.0,1
12577.0,-gneE1,gneJ3,gneJ2,1.0,-234.12579872805458,65.58201058201058,40.0,2
12599.0,gneE1,gneJ2,gneJ3,1.0,280.14622865221736,21.35978835978836,40.0,1
12618.0,-gneE1,gneJ3,gneJ2,1.0,-258.57843030700195,65.45263157894736,41.0,2
12639.0,gneE1,gneJ2,gneJ3,1.0,292.7199128627437,21.426315789473684,34.0,1
12660.0,-gneE1,gneJ3,gneJ2,1.0,-281.90827323893916,65.32984293193718,42.0,2
12681.0,gneE1,gneJ2,gneJ3,1.0,303.2382374700735,21.48167539267016,32.0,1
12701.0,-gneE1,gneJ3,gneJ2,1.0,-306.11139823893916,65.203125,41.0,2
12721.0,gneE1,gneJ2,gneJ3,1.0,308.7278208034068,21.510416666666668,27.0,1
12741.0,-gneE1,gneJ3,gneJ2,1.0,-331.1839370990428,65.07253886010362,40.0,2
12762.0,gneE1,gneJ2,gneJ3,1.0,311.20450474123066,21.523316062176164,24.0,1
12783.0,-gneE1,gneJ3,gneJ2,1.0,-354.13754534646546,64.95360824742268,42.0,2
12804.0,gneE1,gneJ2,gneJ3,1.0,313.66842226700385,21.536082474226806,24.0,1
12825.0,-gneE1,gneJ3,gneJ2,1.0,-376.9734427823629,64.83589743589744,42.0,2
12847.0,gneE1,gneJ2,gneJ3,1.0,316.1197043182859,21.54871794871795,24.0,1
12868.0,-gneE1,gneJ3,gneJ2,1.0,-398.69793257828127,64.72448979591837,43.0,2
12890.0,gneE1,gneJ2,gneJ3,1.0,317.56358186930635,21.556122448979593,23.0,1
12911.0,-gneE1,gneJ3,gneJ2,1.0,-420.3121457762508,64.61421319796955,43.0,2
12932.0,gneE1,gneJ2,gneJ3,1.0,315.02043466118454,21.543147208121827,19.0,1
12951.0,-gneE1,gneJ3,gneJ2,0.9999999721816575,-444.80204476614983,64.48989898989899,40.0,2
12972.0,gneE1,gneJ2,gneJ3,1.0,307.515384156134,21.505050505050505,14.0,1
12993.0,-gneE1,gneJ3,gneJ2,0.006831783937108618,-467.1789291882604,64.37688442211055,42.0,2
13014.0,gneE1,gneJ2,gneJ3,1.0,298.0580977239732,21.457286432160803,12.0,1
13033.0,gneE2,gneJ3,gneJ4,0.00021675472534105156,-475.61545655170016,22.415841584158414,9.0,2
13052.0,-gneE2,gneJ4,gneJ3,1.0,-169.90363905720255,20.833333333333332,7.0,2
13072.0,-gneE1,gneJ3,gneJ2,0.9999999998959893,-452.6289291882604,64.45,79.0,2
13093.0,gneE1,gneJ2,gneJ3,1.0,280.6880977239732,21.37,4.0,1
13114.0,-gneE1,gneJ3,gneJ2,0.6566089849825997,-474.9672376459718,64.33830845771145,42.0,2
13135.0,gneE1,gneJ2,gneJ3,1.0,263.404515634421,21.28358208955224,4.0,1
13157.0,-gneE1,gneJ3,gneJ2,1.1489074808821394e-09,-496.19991091329854,64.23267326732673,43.0,2
13179.0,gneE1,gneJ2,gneJ3,1.0,247.20154533739128,21.202970297029704,5.0,1
13204.0,gneE2,gneJ3,gneJ4,0.9981851655742519,-489.8899663556217,22.274509803921568,8.0,2
13226.0,-gneE2,gneJ4,gneJ3,1.0,-182.61237692128023,20.70873786407767,8.0,2
13249.0,gneE2,gneJ3,gneJ4,0.00107357544632011,-503.0355974235829,22.145631067961165,9.0,2
13271.0,-gneE2,gneJ4,gneJ3,1.0,-194.20853076743407,20.596153846153847,9.0,2
13291.0,-gneE1,gneJ3,gneJ2,1.0,-426.77626559310147,64.57635467980296,134.0,2
13313.0,gneE1,gneJ2,gneJ3,1.0,232.0734665196573,21.12807881773399,6.0,1
13335.0,-gneE1,gneJ3,gneJ2,1.0,-447.2517557891799,64.47549019607843,44.0,2
13356.0,gneE1,gneJ2,gneJ3,1.0,217.01954495102984,21.05392156862745,6.0,1
13375.0,-gneE1,gneJ3,gneJ2,0.9999999999999775,-471.60785335015555,64.35609756097561,40.0,2
13396.0,gneE1,gneJ2,gneJ3,1.0,198.05856934127374,20.960975609756098,2.0,1
13417.0,-gneE1,gneJ3,gneJ2,0.9998969477395566,-493.85542616568955,64.24757281553399,42.0,2
13437.0,gneE1,gneJ2,gneJ3,1.0,218.00031691408927,21.058252427184467,41.0,1
13457.0,-gneE1,gneJ3,gneJ2,3.215014297303473e-07,-517.9858609482983,64.1304347826087,40.0,2
13478.0,gneE1,gneJ2,gneJ3,1.0,236.85055845998298,21.14975845410628,40.0,1
13497.0,gneE2,gneJ3,gneJ4,0.9999999999998688,-488.32405896204443,22.28846153846154,37.0,2
13518.0,-gneE2,gneJ4,gneJ3,1.0,-179.94186410076742,20.733333333333334,35.0,2
13538.0,gneE2,gneJ3,gneJ4,1.0,-477.7145351525206,22.39047619047619,33.0,2
13560.0,-gneE2,gneJ4,gneJ3,1.0,-167.790920704541,20.849056603773583,33.0,2
13581.0,gneE2,gneJ3,gneJ4,1.0,-469.18623326572816,22.471698113207548,31.0,2
13601.0,-gneE2,gneJ4,gneJ3,1.0,-157.73484593818586,20.94392523364486,31.0,2
13623.0,gneE2,gneJ3,gneJ4,1.0,-458.7563267236721,22.570093457943926,33.0,2
13643.0,-gneE2,gneJ4,gneJ3,1.0,-147.7718829752229,21.037037037037038,31.0,2
13662.0,gneE2,gneJ3,gneJ4,1.0,-454.3674378347832,22.61111111111111,27.0,2
13683.0,-gneE2,gneJ4,gneJ3,1.0,-142.85445178256234,21.08256880733945,26.0,2
13703.0,gneE2,gneJ3,gneJ4,1.0,-453.9821167338657,22.61467889908257,23.0,2
13724.0,-gneE2,gneJ4,gneJ3,1.0,-141.94536087347143,21.09090909090909,22.0,2
13743.0,gneE2,gneJ3,gneJ4,1.0,-457.5639349156839,22.581818181818182,19.0,2
13764.0,-gneE2,gneJ4,gneJ3,1.0,-144.0174329455435,21.07207207207207,19.0,2
13785.0,gneE2,gneJ3,gneJ4,1.0,-462.1044754562244,22.54054054054054,18.0,2
13803.0,-gneE2,gneJ4,gneJ3,1.0,-152.0174329455435,21.0,13.0,2
13825.0,gneE2,gneJ3,gneJ4,1.0,-471.5598325990816,22.455357142857142,13.0,2
13845.0,-gneE2,gneJ4,gneJ3,1.0,-162.92008781280015,20.902654867256636,10.0,2
13864.0,gneE2,gneJ3,gneJ4,0.999999999999969,-486.87841666987805,22.31858407079646,7.0,2
13889.0,-gneE2,gneJ4,gneJ3,1.0,-174.71833342683524,20.79824561403509,9.0,2
13911.0,gneE2,gneJ3,gneJ4,0.9999999832637684,-500.080171055843,22.20175438596491,9.0,2
13934.0,-gneE2,gneJ4,gneJ3,1.0,-186.41398560074828,20.695652173913043,9.0,2
13958.0,gneE2,gneJ3,gneJ4,0.9970116400463731,-512.175823229756,22.095652173913045,10.0,2
13980.0,-gneE2,gneJ4,gneJ3,1.0,-198.00881318695517,20.594827586206897,9.0,2
14002.0,gneE2,gneJ3,gneJ4,0.00028461167101240855,-526.1499611607906,21.974137931034484,8.0,2
14024.0,-gneE2,gneJ4,gneJ3,1.0,-210.49599267413464,20.487179487179485,8.0,2
14043.0,-gneE1,gneJ3,gneJ2,1.0,1.37471597477861,66.63942307692308,586.0,2
14064.0,gneE1,gneJ2,gneJ3,1.0,219.78325076767527,21.067307692307693,4.0,1
14083.0,-gneE1,gneJ3,gneJ2,1.0,-25.13724574770943,66.51196172248804,40.0,2
14102.0,gneE1,gneJ2,gneJ3,1.0,236.6349254088236,21.148325358851675,38.0,1
14122.0,-gneE1,gneJ3,gneJ2,1.0,-52.51819812866181,66.38095238095238,39.0,2
14143.0,gneE1,gneJ2,gneJ3,1.0,252.41111588501406,21.223809523809525,37.0,1
14163.0,-gneE1,gneJ3,gneJ2,1.0,-77.77886163577081,66.260663507109,41.0,2
14184.0,gneE1,gneJ2,gneJ3,1.0,265.1267556954406,21.28436018957346,34.0,1
14203.0,-gneE1,gneJ3,gneJ2,1.0,-103.915654088601,66.13679245283019,40.0,2
14224.0,gneE1,gneJ2,gneJ3,1.0,274.7965670161953,21.330188679245282,31.0,1
14245.0,-gneE1,gneJ3,gneJ2,1.0,-127.93912826700476,66.02347417840376,42.0,2
14265.0,gneE1,gneJ2,gneJ3,1.0,282.43036983309673,21.366197183098592,29.0,1
14285.0,-gneE1,gneJ3,gneJ2,1.0,-153.84099742588327,65.90186915887851,40.0,2
14305.0,gneE1,gneJ2,gneJ3,1.0,286.0471922630033,21.38317757009346,25.0,1
14325.0,-gneE1,gneJ3,gneJ2,1.0,-179.62239277472048,65.78139534883721,40.0,2
14345.0,gneE1,gneJ2,gneJ3,1.0,285.6657969141661,21.38139534883721,21.0,1
14364.0,-gneE1,gneJ3,gneJ2,1.0,-206.27980018212787,65.6574074074074,39.0,2
14385.0,gneE1,gneJ2,gneJ3,1.0,281.304685803055,21.36111111111111,17.0,1
14405.0,-gneE1,gneJ3,gneJ2,1.0,-230.82357898397117,65.54377880184332,41.0,2
14425.0,gneE1,gneJ2,gneJ3,1.0,270.9913217477555,21.31336405529954,11.0,1
14446.0,-gneE1,gneJ3,gneJ2,1.0,-255.25477164452164,65.43119266055047,41.0,2
14466.0,gneE1,gneJ2,gneJ3,1.0,256.74361532573715,21.24770642201835,7.0,1
14486.0,-gneE1,gneJ3,gneJ2,1.0,-280.5698401376723,65.31506849315069,40.0,2
14509.0,gneE1,gneJ2,gneJ3,1.0,238.57923176409332,21.164383561643834,3.0,1
14530.0,-gneE1,gneJ3,gneJ2,1.0,-301.7880219558541,65.21818181818182,44.0,2
14550.0,gneE1,gneJ2,gneJ3,1.0,258.3246863095479,21.254545454545454,41.0,1
14570.0,-gneE1,gneJ3,gneJ2,1.0,-326.89209435404416,65.10407239819004,40.0,2
14590.0,gneE1,gneJ2,gneJ3,1.0,276.98531979371074,21.339366515837103,40.0,1
14610.0,-gneE1,gneJ3,gneJ2,1.0,-351.88308534503517,64.990990990991,40.0,2
14631.0,gneE1,gneJ2,gneJ3,1.0,294.56640087479184,21.41891891891892,39.0,1
14653.0,-gneE1,gneJ3,gneJ2,1.0,-373.7754620266495,64.89237668161435,43.0,2
14674.0,gneE1,gneJ2,gneJ3,1.0,310.07761163712365,21.48878923766816,37.0,1
14695.0,-gneE1,gneJ3,gneJ2,1.0,-396.56564059807806,64.79017857142857,42.0,2
14714.0,gneE1,gneJ2,gneJ3,1.0,320.5418973514094,21.535714285714285,32.0,1
14734.0,-gneE1,gneJ3,gneJ2,1.0,-422.2411961536336,64.67555555555556,39.0,2
14753.0,gneE1,gneJ2,gneJ3,1.0,325.9818973514094,21.56,27.0,1
14773.0,-gneE1,gneJ3,gneJ2,1.0,-447.8031430562885,64.56194690265487,39.0,2
14794.0,gneE1,gneJ2,gneJ3,1.0,329.4066761124713,21.575221238938052,25.0,1
14815.0,-gneE1,gneJ3,gneJ2,1.0,-470.2656981223678,64.46255506607929,42.0,2
14835.0,gneE1,gneJ2,gneJ3,1.0,329.82958360145807,21.577092511013216,22.0,1
14855.0,-gneE1,gneJ3,gneJ2,0.9999999999999797,-494.6209612802625,64.35526315789474,40.0,2
14876.0,gneE1,gneJ2,gneJ3,1.0,326.2681800926861,21.56140350877193,18.0,1
14897.0,-gneE1,gneJ3,gneJ2,0.9999059281809879,-516.8786032016599,64.25764192139738,42.0,2
14918.0,gneE1,gneJ2,gneJ3,1.0,321.72669537652894,21.541484716157207,17.0,1
14939.0,-gneE1,gneJ3,gneJ2,2.5243823715808397e-06,-539.0394727668772,64.1608695652174,42.0,2
14959.0,gneE1,gneJ2,gneJ3,1.0,313.222347550442,21.504347826086956,13.0,1
14979.0,gneE2,gneJ3,gneJ4,0.8817564835813937,-537.0303030411325,21.88034188034188,11.0,2
14999.0,-gneE2,gneJ4,gneJ3,1.0,-220.8942977588804,20.39830508474576,10.0,2
15018.0,gneE2,gneJ3,gneJ4,2.9166627793503364e-06,-551.7845403292681,21.75423728813559,7.0,2
15042.0,-gneE2,gneJ4,gneJ3,1.0,-232.1968187672838,20.30252100840336,9.0,2
15061.0,-gneE1,gneJ3,gneJ2,1.0,-481.45072817813264,64.41125541125541,122.0,2
15080.0,gneE1,gneJ2,gneJ3,1.0,293.8024341305286,21.41991341991342,2.0,1
15100.0,-gneE1,gneJ3,gneJ2,1.0,-506.7524523160637,64.30172413793103,39.0,2
15120.0,gneE1,gneJ2,gneJ3,1.0,312.3024341305286,21.5,40.0,1
15141.0,-gneE1,gneJ3,gneJ2,0.9999999996694857,-529.9541690542611,64.20171673819742,41.0,2
15160.0,gneE1,gneJ2,gneJ3,1.0,327.73591052537836,21.566523605150216,37.0,1
15181.0,-gneE1,gneJ3,gneJ2,0.0938149488417725,-554.0524596525518,64.0982905982906,40.0,2
15203.0,gneE1,gneJ2,gneJ3,1.0,343.1034318928997,21.632478632478634,37.0,1
15222.0,gneE2,gneJ3,gneJ4,0.9999985136413883,-540.6332798250664,21.84873949579832,33.0,2
15242.0,-gneE2,gneJ4,gneJ3,1.0,-221.58848543395044,20.391666666666666,31.0,2
15262.0,gneE2,gneJ3,gneJ4,0.9999999987633337,-533.5416131583997,21.908333333333335,29.0,2
15282.0,-gneE2,gneJ4,gneJ3,1.0,-214.04303088849588,20.454545454545453,28.0,2
15302.0,gneE2,gneJ3,gneJ4,0.9999999999423691,-530.4754974559204,21.93388429752066,25.0,2
15322.0,-gneE2,gneJ4,gneJ3,1.0,-211.51844072456146,20.475409836065573,23.0,2
15341.0,gneE2,gneJ3,gneJ4,0.9999999989422547,-533.3853335214942,21.90983606557377,19.0,2
15361.0,-gneE2,gneJ4,gneJ3,1.0,-214.96559519610616,20.447154471544714,17.0,2
15382.0,gneE2,gneJ3,gneJ4,0.9999989979559524,-540.2389920580796,21.853658536585368,15.0,2
15402.0,-gneE2,gneJ4,gneJ3,1.0,-222.3526919702997,20.387096774193548,13.0,2
15423.0,gneE2,gneJ3,gneJ4,0.9826945021701512,-550.0131856064667,21.774193548387096,12.0,2
15442.0,-gneE2,gneJ4,gneJ3,1.0,-233.6486919702997,20.296,9.0,2
15464.0,gneE2,gneJ3,gneJ4,0.00017814653494361635,-562.6851856064667,21.672,9.0,2
15486.0,-gneE2,gneJ4,gneJ3,1.0,-245.8471046687124,20.1984126984127,8.0,2
15506.0,-gneE1,gneJ3,gneJ2,1.0,-294.2609702908496,65.20851063829787,325.0,2
15526.0,gneE1,gneJ2,gneJ3,1.0,324.550240403538,21.5531914893617,3.0,1
15545.0,-gneE1,gneJ3,gneJ2,1.0,-320.35842791796824,65.09745762711864,39.0,2
15566.0,gneE1,gneJ2,gneJ3,1.0,342.9188844713346,21.63135593220339,40.0,1
15585.0,-gneE1,gneJ3,gneJ2,1.0,-345.3499890994028,64.9915611814346,40.0,2
15606.0,gneE1,gneJ2,gneJ3,1.0,360.2142431211236,21.70464135021097,39.0,1
15627.0,-gneE1,gneJ3,gneJ2,1.0,-368.2449470825961,64.89495798319328,42.0,2
15647.0,gneE1,gneJ2,gneJ3,1.0,374.4495372387707,21.764705882352942,36.0,1
15668.0,-gneE1,gneJ3,gneJ2,1.0,-392.03992616209405,64.7949790794979,41.0,2
15688.0,gneE1,gneJ2,gneJ3,1.0,383.64618995843597,21.803347280334727,31.0,1
15707.0,-gneE1,gneJ3,gneJ2,1.0,-417.72742616209405,64.6875,39.0,2
15728.0,gneE1,gneJ2,gneJ3,1.0,388.821189958436,21.825,27.0,1
15748.0,-gneE1,gneJ3,gneJ2,1.0,-441.3166377803513,64.58921161825727,41.0,2
15768.0,gneE1,gneJ2,gneJ3,1.0,389.99131443976376,21.8298755186722,23.0,1
15787.0,-gneE1,gneJ3,gneJ2,1.0,-466.80010885473143,64.48347107438016,39.0,2
15809.0,gneE1,gneJ2,gneJ3,1.0,388.16900039017696,21.822314049586776,20.0,1
15830.0,-gneE1,gneJ3,gneJ2,1.0,-488.19517058312647,64.39506172839506,43.0,2
15852.0,gneE1,gneJ2,gneJ3,1.0,385.3583008016996,21.810699588477366,19.0,1
15873.0,-gneE1,gneJ3,gneJ2,1.0,-509.5025476323068,64.30737704918033,43.0,2
15895.0,gneE1,gneJ2,gneJ3,1.0,383.555022113175,21.80327868852459,20.0,1
15915.0,-gneE1,gneJ3,gneJ2,0.9999999999999644,-531.7188741629191,64.21632653061225,42.0,2
15935.0,gneE1,gneJ2,gneJ3,1.0,377.7754302764403,21.779591836734692,16.0,1
15955.0,-gneE1,gneJ3,gneJ2,0.9989399994239975,-555.8367603417809,64.1178861788618,40.0,2
15976.0,gneE1,gneJ2,gneJ3,1.0,369.0315278374159,21.74390243902439,13.0,1
15996.0,-gneE1,gneJ3,gneJ2,9.438663731544053e-08,-578.8610518397566,64.02429149797571,41.0,2
16017.0,gneE1,gneJ2,gneJ3,1.0,356.33922014510824,21.692307692307693,9.0,1
16036.0,gneE2,gneJ3,gneJ4,0.8348379716092931,-577.2407411620222,21.555555555555557,7.0,2
16060.0,-gneE2,gneJ4,gneJ3,1.0,-256.9573408891848,20.11023622047244,9.0,2
16082.0,gneE2,gneJ3,gneJ4,1.9670275764368314e-05,-589.6974340754081,21.456692913385826,9.0,2
16106.0,-gneE2,gneJ4,gneJ3,1.0,-267.9807783891848,20.0234375,9.0,2
16126.0,-gneE1,gneJ3,gneJ2,1.0,-513.1513744204017,64.29032258064517,130.0,2
16148.0,gneE1,gneJ2,gneJ3,1.0,341.7061556289792,21.633064516129032,7.0,1
16168.0,-gneE1,gneJ3,gneJ2,1.0,-535.3521776332531,64.20080321285141,42.0,2
16188.0,gneE1,gneJ2,gneJ3,1.0,324.14390663299525,21.562248995983936,4.0,1
16208.0,-gneE1,gneJ3,gneJ2,0.9999999999999265,-559.4561776332531,64.104,40.0,2
16229.0,gneE1,gneJ2,gneJ3,1.0,343.50390663299527,21.64,41.0,1
16249.0,-gneE1,gneJ3,gneJ2,0.999275500157315,-582.4681298244882,64.01195219123505,41.0,2
16269.0,gneE1,gneJ2,gneJ3,1.0,361.7907592226367,21.713147410358566,40.0,1
16290.0,-gneE1,gneJ3,gneJ2,1.5322922671327665e-07,-605.3887647451231,63.92063492063492,41.0,2
16311.0,gneE1,gneJ2,gneJ3,1.0,379.0090131908907,21.78174603174603,39.0,1
16330.0,gneE2,gneJ3,gneJ4,0.9999999999999692,-574.2755590754081,21.578125,37.0,2
16350.0,-gneE2,gneJ4,gneJ3,1.0,-254.11256133492125,20.131782945736433,34.0,2
16371.0,gneE2,gneJ3,gneJ4,1.0,-562.9422257420747,21.666666666666668,33.0,2
16393.0,-gneE2,gneJ4,gneJ3,1.0,-242.33563825799817,20.223076923076924,32.0,2
16415.0,gneE2,gneJ3,gneJ4,1.0,-552.6883795882286,21.746153846153845,32.0,2
16436.0,-gneE2,gneJ4,gneJ3,1.0,-232.63334818166229,20.297709923664122,30.0,2
16456.0,gneE2,gneJ3,gneJ4,1.0,-545.4899063057859,21.801526717557252,29.0,2
16476.0,-gneE2,gneJ4,gneJ3,1.0,-225.98183303014713,20.348484848484848,27.0,2
16496.0,gneE2,gneJ3,gneJ4,1.0,-542.3156638815435,21.825757575757574,25.0,2
16516.0,-gneE2,gneJ4,gneJ3,1.0,-224.34273528578623,20.360902255639097,22.0,2
16536.0,gneE2,gneJ3,gneJ4,1.0,-544.1276939567315,21.81203007518797,20.0,2
16558.0,-gneE2,gneJ4,gneJ3,1.0,-225.69348155444294,20.350746268656717,19.0,2
16577.0,gneE2,gneJ3,gneJ4,1.0,-551.881425300015,21.753731343283583,14.0,2
16597.0,-gneE2,gneJ4,gneJ3,1.0,-233.98237044333183,20.288888888888888,12.0,2
16617.0,gneE2,gneJ3,gneJ4,1.0,-562.5554993740891,21.674074074074074,11.0,2
16638.0,-gneE2,gneJ4,gneJ3,1.0,-244.19560573744948,20.21323529411765,10.0,2
16659.0,gneE2,gneJ3,gneJ4,0.9999999999999274,-575.1363817270303,21.580882352941178,9.0,2
16681.0,-gneE2,gneJ4,gneJ3,1.0,-256.31969332869033,20.124087591240876,8.0,2
16701.0,gneE2,gneJ3,gneJ4,0.9999998594820508,-589.6108342817748,21.474452554744527,7.0,2
16726.0,-gneE2,gneJ4,gneJ3,1.0,-268.35592521274833,20.036231884057973,8.0,2
16748.0,gneE2,gneJ3,gneJ4,0.9675124857796382,-601.9948922527893,21.384057971014492,9.0,2
16768.0,-gneE2,gneJ4,gneJ3,0.9999999999999996,-280.3055655005181,19.949640287769785,8.0,2
16791.0,gneE2,gneJ3,gneJ4,0.0001362215753734525,-614.2898562815664,21.294964028776977,9.0,2
16812.0,-gneE2,gneJ4,gneJ3,0.9999999999283136,-292.1698512148038,19.864285714285714,8.0,2
16832.0,-gneE1,gneJ3,gneJ2,1.0,-129.199041424965,65.81027667984189,542.0,2
16852.0,gneE1,gneJ2,gneJ3,1.0,360.30150330946776,21.707509881422926,3.0,1
16872.0,-gneE1,gneJ3,gneJ2,1.0,-154.90770284228785,65.70866141732283,40.0,2
16893.0,gneE1,gneJ2,gneJ3,1.0,379.51803874253864,21.783464566929133,41.0,1
16914.0,-gneE1,gneJ3,gneJ2,1.0,-178.52338911679766,65.6156862745098,42.0,2
16934.0,gneE1,gneJ2,gneJ3,1.0,397.6631367817543,21.854901960784314,40.0,1
16953.0,-gneE1,gneJ3,gneJ2,1.0,-205.03510786679766,65.51171875,39.0,2
16974.0,gneE1,gneJ2,gneJ3,1.0,412.7490742817543,21.9140625,37.0,1
16994.0,-gneE1,gneJ3,gneJ2,1.0,-229.451450279249,65.41634241245136,41.0,2
17017.0,gneE1,gneJ2,gneJ3,1.0,426.78020268642354,21.96887159533074,36.0,1
17038.0,-gneE1,gneJ3,gneJ2,1.0,-250.78478361258232,65.33333333333333,44.0,2
17058.0,gneE1,gneJ2,gneJ3,1.0,437.7685747794468,22.011627906976745,33.0,1
17077.0,-gneE1,gneJ3,gneJ2,1.0,-277.01644384424253,65.23166023166023,39.0,2
17099.0,gneE1,gneJ2,gneJ3,1.0,443.73382574469775,22.034749034749034,28.0,1
17119.0,-gneE1,gneJ3,gneJ2,1.0,-300.1587515365502,65.1423076923077,42.0,2
17139.0,gneE1,gneJ2,gneJ3,1.0,445.69151805239005,22.04230769230769,24.0,1
17158.0,-gneE1,gneJ3,gneJ2,1.0,-326.20089713041995,65.04214559386973,39.0,2
17177.0,gneE1,gneJ2,gneJ3,1.0,443.65703529376935,22.03448275862069,20.0,1
17199.0,-gneE1,gneJ3,gneJ2,1.0,-350.15127880980924,64.95038167938931,41.0,2
17218.0,gneE1,gneJ2,gneJ3,1.0,437.64558491209,22.01145038167939,16.0,1
17238.0,-gneE1,gneJ3,gneJ2,1.0,-376.00298983642523,64.85171102661597,39.0,2
17259.0,gneE1,gneJ2,gneJ3,1.0,426.67600316304055,21.96958174904943,11.0,1
17280.0,-gneE1,gneJ3,gneJ2,1.0,-398.76814135157673,64.76515151515152,42.0,2
17300.0,gneE1,gneJ2,gneJ3,1.0,411.76312437516174,21.91287878787879,7.0,1
17321.0,-gneE1,gneJ3,gneJ2,1.0,-422.44361304968993,64.67547169811321,41.0,2
17343.0,gneE1,gneJ2,gneJ3,1.0,395.9102941864825,21.852830188679246,6.0,1
17364.0,-gneE1,gneJ3,gneJ2,1.0,-444.03759801209594,64.59398496240601,43.0,2
17386.0,gneE1,gneJ2,gneJ3,1.0,378.1245799007682,21.785714285714285,4.0,1
17407.0,-gneE1,gneJ3,gneJ2,1.0,-465.5507066263282,64.51310861423221,43.0,2
17429.0,gneE1,gneJ2,gneJ3,1.0,357.41671473222885,21.707865168539325,1.0,1
17449.0,-gneE1,gneJ3,gneJ2,1.0,-487.9798111039401,64.42910447761194,42.0,2
17469.0,gneE1,gneJ2,gneJ3,1.0,375.64059532924375,21.776119402985074,40.0,1
17489.0,-gneE1,gneJ3,gneJ2,1.0,-512.3181010667654,64.33828996282529,40.0,2
17510.0,gneE1,gneJ2,gneJ3,1.0,392.800446630359,21.840148698884757,39.0,1
17532.0,-gneE1,gneJ3,gneJ2,1.0,-533.5773603260246,64.25925925925925,43.0,2
17552.0,gneE1,gneJ2,gneJ3,1.0,408.900446630359,21.9,38.0,1
17573.0,-gneE1,gneJ3,gneJ2,1.0,-556.750792060342,64.17343173431735,41.0,2
17594.0,gneE1,gneJ2,gneJ3,1.0,421.9521071469642,21.948339483394832,35.0,1
17614.0,-gneE1,gneJ3,gneJ2,0.9999999999999989,-579.8390273544596,64.08823529411765,41.0,2
17635.0,gneE1,gneJ2,gneJ3,1.0,431.9668130293171,21.985294117647058,32.0,1
17656.0,-gneE1,gneJ3,gneJ2,0.9999960567561572,-601.8463533617856,64.00732600732601,42.0,2
17677.0,gneE1,gneJ2,gneJ3,1.0,441.94483500733907,22.021978021978022,32.0,1
17697.0,-gneE1,gneJ3,gneJ2,2.8096014038169698e-05,-624.7697110260192,63.92335766423358,41.0,2
17718.0,gneE1,gneJ2,gneJ3,1.0,449.8937401168281,22.05109489051095,30.0,1
17736.0,gneE2,gneJ3,gneJ4,0.9999992903024068,-610.6112848529949,21.321428571428573,25.0,2
17756.0,-gneE2,gneJ4,gneJ3,0.9999999999968138,-289.05637603749886,19.886524822695037,23.0,2
17777.0,gneE2,gneJ3,gneJ4,0.9999996382040289,-609.9375259877467,21.326241134751772,22.0,2
17796.0,-gneE2,gneJ4,gneJ3,0.9999999999971533,-288.9436999811608,19.887323943661972,20.0,2
17818.0,gneE2,gneJ3,gneJ4,0.9999994997920257,-610.2614696497185,21.323943661971832,21.0,2
17837.0,-gneE2,gneJ4,gneJ3,0.9999999999499369,-291.81083284829367,19.867132867132867,17.0,2
17856.0,gneE2,gneJ3,gneJ4,0.9992799820249265,-617.5341969224457,21.272727272727273,14.0,2
17876.0,-gneE2,gneJ4,gneJ3,0.9999998762792348,-299.62333284829367,19.8125,12.0,2
17897.0,gneE2,gneJ3,gneJ4,0.048991565296615996,-627.7355858113347,21.20138888888889,11.0,2
17918.0,-gneE2,gneJ4,gneJ3,0.9992185006557704,-308.3750569862247,19.751724137931035,11.0,2
17938.0,-gneE1,gneJ3,gneJ2,1.0,-448.3369837532919,64.56727272727272,241.0,2
17959.0,gneE1,gneJ2,gneJ3,1.0,436.89010375319174,22.003636363636364,9.0,1
17979.0,-gneE1,gneJ3,gneJ2,1.0,-471.8188678112629,64.48188405797102,41.0,2
18001.0,gneE1,gneJ2,gneJ3,1.0,421.9408283908729,21.94927536231884,7.0,1
18021.0,-gneE1,gneJ3,gneJ2,1.0,-494.2195898329236,64.40072202166066,42.0,2
18041.0,gneE1,gneJ2,gneJ3,1.0,402.0635720731834,21.87725631768953,2.0,1
18063.0,-gneE1,gneJ3,gneJ2,1.0,-516.5397337178157,64.32014388489209,42.0,2
18081.0,gneE1,gneJ2,gneJ3,1.0,420.12112603001793,21.942446043165468,40.0,1
18102.0,-gneE1,gneJ3,gneJ2,1.0,-541.7691243988193,64.22939068100358,39.0,2
18124.0,gneE1,gneJ2,gneJ3,1.0,440.1067891124552,22.014336917562723,42.0,1
18144.0,-gneE1,gneJ3,gneJ2,1.0,-563.9191243988192,64.15,42.0,2
18164.0,gneE1,gneJ2,gneJ3,1.0,457.0317891124552,22.075,39.0,1
18185.0,-gneE1,gneJ3,gneJ2,1.0,-586.9867400571823,64.067615658363,41.0,2
18205.0,gneE1,gneJ2,gneJ3,1.0,468.9143513900353,22.11743772241993,34.0,1
18225.0,-gneE1,gneJ3,gneJ2,0.9999999477160452,-610.9690095607284,63.9822695035461,40.0,2
18244.0,gneE1,gneJ2,gneJ3,1.0,473.77959961698565,22.134751773049647,27.0,1
18263.0,-gneE1,gneJ3,gneJ2,0.0001090185902108415,-636.859468924686,63.890459363957596,38.0,2
18283.0,gneE1,gneJ2,gneJ3,1.0,474.6417904297065,22.137809187279153,23.0,1
18302.0,gneE2,gneJ3,gneJ4,0.999640623188769,-628.9286892596106,21.193103448275863,20.0,2
18322.0,-gneE2,gneJ4,gneJ3,0.9983526507655459,-309.12163232869045,19.746575342465754,19.0,2
18342.0,gneE2,gneJ3,gneJ4,0.9915033199234081,-632.0999221363229,21.171232876712327,18.0,2
18362.0,-gneE2,gneJ4,gneJ3,0.9361865431603278,-312.8427207640646,19.72108843537415,16.0,2
18382.0,gneE2,gneJ3,gneJ4,0.20266752646940084,-638.2291738370031,21.12925170068027,15.0,2
18402.0,-gneE2,gneJ4,gneJ3,0.01816681200237777,-319.5183964397403,19.675675675675677,13.0,2
18421.0,-gneE1,gneJ3,gneJ2,1.0,-543.0812999106015,64.22183098591549,158.0,2
18441.0,gneE1,gneJ2,gneJ3,1.0,459.55728338745297,22.08450704225352,7.0,1
18462.0,-gneE1,gneJ3,gneJ2,1.0,-566.2216507877945,64.14035087719299,41.0,2
18483.0,gneE1,gneJ2,gneJ3,1.0,441.53623075587404,22.021052631578947,4.0,1
18504.0,-gneE1,gneJ3,gneJ2,1.0,-588.2845878507316,64.06293706293707,42.0,2
18524.0,gneE1,gneJ2,gneJ3,1.0,421.5851818048251,21.95104895104895,2.0,1
18544.0,-gneE1,gneJ3,gneJ2,0.9999999999947115,-612.2636819273866,63.97909407665505,40.0,2
18564.0,gneE1,gneJ2,gneJ3,1.0,439.5712445225951,22.013937282229964,40.0,1
18585.0,-gneE1,gneJ3,gneJ2,0.9554762160286411,-635.1629874829422,63.89930555555556,41.0,2
18604.0,gneE1,gneJ2,gneJ3,1.0,455.50180007815067,22.069444444444443,38.0,1
18624.0,-gneE1,gneJ3,gneJ2,3.592644262405816e-10,-659.9761362718696,63.813148788927336,39.0,2
18645.0,gneE1,gneJ2,gneJ3,1.0,467.391073434552,22.110726643598618,34.0,1
18664.0,gneE2,gneJ3,gneJ4,0.9999999999999927,-627.4318765397059,21.2027027027027,32.0,2
18968.0,gneE3,gneJ4,gneJ5,1.0,588.3266733266737,942.5333333333333,40.0,2
18988.0,gneE4,gneJ5,gneJ6,6.127973961660248e-05,-30.666666666666664,53.666666666666664,40.0,2
19009.0,-gneE4,gneJ6,gneJ5,1.0,61.66666666666666,161.33333333333334,41.0,2
19029.0,-gneE3,gneJ5,gneJ4,6.160112466619607e-07,-44.96666666666667,26.0,2.0,2
19048.0,gneE3,gneJ4,gneJ5,1.0,-258.7358266733263,886.0625,39.0,2
19068.0,gneE4,gneJ5,gneJ6,0.9999999999999983,-10.916666666666664,60.25,80.0,2
19090.0,-gneE4,gneJ6,gneJ5,1.0,-27.833333333333343,131.5,42.0,2
19110.0,gneE4,gneJ5,gneJ6,0.9999999964274993,-25.516666666666666,56.6,42.0,2
19130.0,-gneE4,gneJ6,gneJ5,1.0,-101.03333333333335,113.2,40.0,2
19150.0,gneE4,gneJ5,gneJ6,0.9963764345723887,-39.35,53.833333333333336,40.0,2
19171.0,-gneE4,gneJ6,gneJ5,1.0,-161.20000000000002,101.16666666666667,41.0,2
19192.0,gneE4,gneJ5,gneJ6,0.010705965570171425,-49.49285714285715,52.142857142857146,42.0,2
19214.0,-gneE4,gneJ6,gneJ5,1.0,-211.05714285714288,92.85714285714286,43.0,2
19234.0,-gneE3,gneJ5,gneJ4,0.9996491363354343,-41.53809523809524,26.571428571428573,30.0,2
19253.0,gneE3,gneJ4,gneJ5,0.0,-1055.9711207909734,836.2352941176471,39.0,2
19272.0,-gneE3,gneJ5,gneJ4,0.9966809823968978,-43.78809523809524,26.25,24.0,2
19291.0,-gneE2,gneJ4,gneJ3,1.0,-318.2029601981296,19.684563758389263,21.0,2
19310.0,gneE2,gneJ3,gneJ4,0.999999999999823,-630.6130845933972,21.181208053691275,18.0,2
19329.0,-gneE2,gneJ4,gneJ3,1.0,-321.8629601981296,19.66,16.0,2
19349.0,gneE2,gneJ3,gneJ4,0.9999999994013745,-638.7397512600638,21.126666666666665,13.0,2
19369.0,-gneE2,gneJ4,gneJ3,1.0,-331.4589866881958,19.596026490066226,10.0,2
19388.0,gneE2,gneJ3,gneJ4,0.9998979583447022,-650.7861088759579,21.04635761589404,9.0,2
19410.0,-gneE2,gneJ4,gneJ3,1.0,-341.9853024776695,19.526315789473685,9.0,2
19433.0,gneE2,gneJ3,gneJ4,0.14385217864236452,-661.7597930864843,20.973684210526315,10.0,2
19454.0,-gneE2,gneJ4,gneJ3,1.0,-352.4428188175388,19.45751633986928,9.0,2
19474.0,-gneE1,gneJ3,gneJ2,1.0,123.49972579709595,66.52413793103449,850.0,2
19494.0,gneE1,gneJ2,gneJ3,1.0,449.34279757248305,22.048275862068966,4.0,1
19515.0,-gneE1,gneJ3,gneJ2,1.0,98.06329968025746,66.43642611683849,41.0,2
19534.0,gneE1,gneJ2,gneJ3,1.0,467.2328319367442,22.10996563573883,40.0,1
19554.0,-gneE1,gneJ3,gneJ2,1.0,70.7208339268328,66.34246575342466,39.0,2
19575.0,gneE1,gneJ2,gneJ3,1.0,486.0581744024976,22.174657534246574,41.0,1
19595.0,-gneE1,gneJ3,gneJ2,1.0,45.46486123058706,66.25597269624573,41.0,2
19615.0,gneE1,gneJ2,gneJ3,1.0,499.83633139908466,22.22184300341297,36.0,1
19635.0,-gneE1,gneJ3,gneJ2,1.0,19.29819456392039,66.16666666666667,40.0,2
19656.0,gneE1,gneJ2,gneJ3,1.0,510.5778279977241,22.258503401360546,33.0,1
19677.0,-gneE1,gneJ3,gneJ2,1.0,-4.7865511987914715,66.08474576271186,42.0,2
19698.0,gneE1,gneJ2,gneJ3,1.0,517.2964720655207,22.28135593220339,29.0,1
19719.0,-gneE1,gneJ3,gneJ2,1.0,-28.789929577169843,66.00337837837837,42.0,2
19739.0,gneE1,gneJ2,gneJ3,1.0,521.9991747682234,22.2972972972973,27.0,1
19759.0,-gneE1,gneJ3,gneJ2,1.0,-54.70575449299476,65.91582491582491,40.0,2
19779.0,gneE1,gneJ2,gneJ3,1.0,523.6961444651931,22.303030303030305,24.0,1
19799.0,-gneE1,gneJ3,gneJ2,1.0,-80.53461355339743,65.82885906040268,40.0,2
19820.0,gneE1,gneJ2,gneJ3,1.0,521.4008424517704,22.29530201342282,20.0,1
19840.0,-gneE1,gneJ3,gneJ2,1.0,-105.28043295139075,65.74581939799332,41.0,2
19860.0,gneE1,gneJ2,gneJ3,1.0,513.1332839233422,22.267558528428093,14.0,1
19880.0,-gneE1,gneJ3,gneJ2,1.0,-130.94043295139073,65.66,40.0,2
19902.0,gneE1,gneJ2,gneJ3,1.0,502.89995059000887,22.233333333333334,12.0,1
19923.0,-gneE1,gneJ3,gneJ2,1.0,-153.52515055936414,65.58471760797342,43.0,2
19944.0,gneE1,gneJ2,gneJ3,1.0,491.7039373009723,22.196013289036546,11.0,1
19964.0,-gneE1,gneJ3,gneJ2,1.0,-178.02846181764227,65.50331125827815,41.0,2
19984.0,gneE1,gneJ2,gneJ3,1.0,475.56155319501204,22.142384105960264,6.0,1
