time,edge,old node,current node,probability (value_exp),value_coeff,expect,true,expect-true,no.of neighbours
83,-gneE8,gneJ11,gneJ10,0.5,0.5,83,83,0,2
126,gneE11,gneJ14,gneJ10,0.5,0.5,43,43,0,2
170,-gneE8,gneJ11,gneJ10,0.340739611548615,-0.16,50,17,33,2
984,gneE11,gneJ14,gneJ10,0.712822653626341,0.738938053097345,56.5,70,-13.5,2
1243,-gneE8,gneJ11,gneJ10,0.444085683835314,0.529956331877729,76.3333333333333,129,-52.6666666666667,2
1285,gneE11,gneJ14,gneJ10,0.673055184228969,0.551841278903797,51.6666666666667,42,9.6666666666667,2
1329,gneE11,gneJ14,gneJ10,0.647132409605129,0.436263389456561,49.75,44,5.75,2
1590,-gneE8,gneJ11,gneJ10,0.158910770535241,0.149882531139722,67.75,42,25.75,2
1851,-gneE8,gneJ11,gneJ10,0.588845780847523,1.41802769243004,99.2,225,-125.8,2
1894,gneE11,gneJ14,gneJ10,0.6212571926083,0.324693141522676,48.4,43,5.4,2
1938,gneE11,gneJ14,gneJ10,0.602996120844679,0.2477700645996,47.6666666666667,44,3.6666666666667,2
1980,gneE11,gneJ14,gneJ10,0.577936000151918,0.144111528014234,46.8571428571429,42,4.8571428571429,2
2025,gneE11,gneJ14,gneJ10,0.569412268550918,0.109258981097344,46.625,45,1.625,2
2291,-gneE8,gneJ11,gneJ10,0.082530813626794,0.727779126464461,87.1666666666667,27,60.1666666666667,2
2644,-gneE8,gneJ11,gneJ10,0.17775623386304,0.107525961907499,79,30,49,2
2961,-gneE8,gneJ11,gneJ10,0.243942627820241,-0.559718405510179,72.125,24,48.125,2
3139,-gneE8,gneJ11,gneJ10,0.13722285968088,-1.01737312863721,68.2222222222222,37,31.2222222222222,2
4351,gneE11,gneJ14,gneJ10,0.346259218465058,-0.795250302722285,41.8888888888889,4,37.8888888888889,2
4398,-gneE8,gneJ11,gneJ10,0.106451966311516,-1.3063292557174,66.1,47,19.1,2
4442,gneE11,gneJ14,gneJ10,0.356544780501732,-0.750119661392119,42.1,44,-1.9,2
4657,gneE11,gneJ14,gneJ10,0.432296118662048,-1.04123077250323,40.9090909090909,29,11.9090909090909,2
4958,gneE11,gneJ14,gneJ10,0.346294965507086,-1.80593665485617,38.25,9,29.25,2
5001,gneE11,gneJ14,gneJ10,0.372426871778654,-1.6923908381231,38.6153846153846,43,-4.3846153846154,2
5045,gneE11,gneJ14,gneJ10,0.402847517417504,-1.56418570991798,39,44,-5,2
5823,gneE11,gneJ14,gneJ10,0.386036210046393,-2.11125498167641,37.5333333333333,17,20.5333333333333,2
5997,gneE11,gneJ14,gneJ10,0.588681945823625,-2.27623814665958,37.125,31,6.125,2
6491,-gneE8,gneJ11,gneJ10,0.137010928331557,-1.73818004481352,63.3636363636364,36,27.3636363636364,2
6535,gneE11,gneJ14,gneJ10,0.606130215858088,-2.20368294161226,37.2941176470588,40,-2.7058823529412,2
6750,gneE11,gneJ14,gneJ10,0.679831651553729,-3.00711507889775,35.6111111111111,7,28.6111111111111,2
6795,-gneE8,gneJ11,gneJ10,0.067822893399304,-2.51846173495437,59.1666666666667,13,46.1666666666667,2
7380,-gneE8,gneJ11,gneJ10,0.25546967523008,-1.63894366266521,63.8461538461539,120,-56.1538461538461,2
8651,gneE11,gneJ14,gneJ10,0.888633151817144,-2.0168916152106,37.6842105263158,75,-37.3157894736842,2
8964,-gneE8,gneJ11,gneJ10,0.202049022059257,-2.32563388645791,60.6428571428572,19,41.6428571428572,2
9092,gneE11,gneJ14,gneJ10,0.809388537338395,-1.25892983177111,39.25,69,-29.75,2
9136,gneE11,gneJ14,gneJ10,0.776231029914557,-1.46113571412405,38.8571428571429,31,7.8571428571429,2
9356,-gneE8,gneJ11,gneJ10,0.470346050378473,-2.03392236869687,61.9333333333333,80,-18.0666666666667,2
9399,gneE11,gneJ14,gneJ10,0.754699572491918,-1.58113571412405,38.6363636363636,34,4.6363636363636,2
9442,gneE11,gneJ14,gneJ10,0.774052819879095,-1.47363291457198,38.8260869565217,43,-4.1739130434783,2
9485,gneE11,gneJ14,gneJ10,0.779073919784624,-1.44469400781957,38.875,40,-1.125,2
9529,gneE11,gneJ14,gneJ10,0.766574753105251,-1.51590143816012,38.76,36,2.76,2
9574,gneE11,gneJ14,gneJ10,0.776349090128777,-1.46045589360567,38.8461538461538,41,-2.1538461538462,2
9617,gneE11,gneJ14,gneJ10,0.793651830944339,-1.35789179104156,39,43,-4,2
9660,gneE11,gneJ14,gneJ10,0.648051529121657,-2.09448633478569,37.9642857142857,10,27.9642857142857,2
9705,gneE11,gneJ14,gneJ10,0.687462596991484,-1.91668850085067,38.2068965517241,45,-6.7931034482759,2
9750,-gneE8,gneJ11,gneJ10,0.406238944713731,-2.29470265617121,60.875,45,15.875,2
9793,gneE11,gneJ14,gneJ10,0.598294253191961,-2.30660892525385,37.7,23,14.7,2
11270,gneE11,gneJ14,gneJ10,0.543212450835606,-2.04452241125894,38.0322580645161,48,-9.9677419354839,2
11397,-gneE8,gneJ11,gneJ10,0.720181216836071,-1.78394493867822,62.8823529411765,95,-32.1176470588235,2
11611,gneE11,gneJ14,gneJ10,0.664267990226626,-2.35406597972367,37.65625,26,11.65625,2
11654,gneE11,gneJ14,gneJ10,0.60629485084008,-2.60467425222975,37.3636363636364,28,9.3636363636364,2
11698,gneE11,gneJ14,gneJ10,0.57244731756155,-2.74459520084635,37.2058823529412,32,5.2058823529412,2
11742,gneE11,gneJ14,gneJ10,0.614984573904586,-2.56812461261106,37.4,44,-6.6,2
11784,gneE11,gneJ14,gneJ10,0.636833565529409,-2.47479127927773,37.5,41,-3.5,2
11828,gneE11,gneJ14,gneJ10,0.674697600900422,-2.30692901241976,37.6756756756757,44,-6.3243243243243,2
11873,gneE11,gneJ14,gneJ10,0.714600687023104,-2.11860378656848,37.8684210526316,45,-7.1315789473684,2
11916,-gneE8,gneJ11,gneJ10,0.655070732753079,-2.0879017732106,61.7777777777778,43,18.7777777777778,2
12349,gneE11,gneJ14,gneJ10,0.615874322995437,-2.16673937978882,37.8205128205128,36,1.8205128205128,2
13492,gneE11,gneJ14,gneJ10,0.902740628062686,-2.08494518453816,37.9,41,-3.1,2
13537,gneE11,gneJ14,gneJ10,0.796219859214644,-2.95016543437379,37.0975609756098,5,32.0975609756098,2
13625,gneE11,gneJ14,gneJ10,0.671810387140276,-3.56710354512298,36.547619047619,14,22.547619047619,2
13668,gneE11,gneJ14,gneJ10,0.533080017847215,-4.15097451286491,36.046511627907,15,21.046511627907,2
13710,gneE11,gneJ14,gneJ10,0.572808156749228,-3.99017049276441,36.1818181818182,42,-5.8181818181818,2
13797,-gneE8,gneJ11,gneJ10,0.836302296100356,-1.70925289914888,63.1052631578947,87,-23.8947368421053,2
13842,-gneE8,gneJ11,gneJ10,0.794854787178191,-1.98578023033859,62.2,45,17.2,2
13888,-gneE8,gneJ11,gneJ10,0.750873905948436,-2.23694302103626,61.4285714285714,46,15.4285714285714,2
13933,gneE11,gneJ14,gneJ10,0.629561614873759,-3.75315155568438,36.3777777777778,45,-8.6222222222222,2
13977,gneE11,gneJ14,gneJ10,0.645826120514894,-3.68274582776076,36.4347826086956,39,-2.5652173913044,2
14020,gneE11,gneJ14,gneJ10,0.673278002483611,-3.56043947947887,36.531914893617,41,-4.468085106383,2
14151,-gneE8,gneJ11,gneJ10,0.766674277771041,-2.60742494874711,60.3636363636364,38,22.3636363636364,2
14194,gneE11,gneJ14,gneJ10,0.658156003897371,-3.62840064452741,36.4791666666667,34,2.4791666666667,2
14236,gneE11,gneJ14,gneJ10,0.655254394000236,-3.6412713775996,36.469387755102,36,0.469387755101998,2
14412,gneE11,gneJ14,gneJ10,0.402763165535618,-2.16786712228045,37.6,93,-55.4,2
14589,gneE11,gneJ14,gneJ10,0.981830919888211,0.53070219197707,39.7450980392157,147,-107.254901960784,2
14633,gneE11,gneJ14,gneJ10,0.983608711448668,0.635482491349354,39.8269230769231,44,-4.1730769230769,2
14679,gneE11,gneJ14,gneJ10,0.985882302460948,0.787112155969099,39.9433962264151,46,-6.0566037735849,2
14723,gneE11,gneJ14,gneJ10,0.985901647365769,0.788502976553243,39.9444444444444,40,-0.0555555555556,2
14765,-gneE8,gneJ11,gneJ10,0.706501038890399,-2.91860098965288,59.5217391304348,41,18.5217391304348,2
14809,-gneE8,gneJ11,gneJ10,0.651535754358538,-3.17125491746604,58.875,44,14.875,2
14851,-gneE8,gneJ11,gneJ10,0.585998135336711,-3.44960543292996,58.2,42,16.2,2
14894,gneE11,gneJ14,gneJ10,0.983713372605488,0.641994532920199,39.8363636363636,34,5.8363636363636,2
14983,-gneE8,gneJ11,gneJ10,0.742845398386246,-2.95090076971752,59.3846153846154,89,-29.6153846153846,2
15024,gneE11,gneJ14,gneJ10,0.984166451607051,0.670668368045647,39.8571428571429,41,-1.1428571428571,2
15110,-gneE8,gneJ11,gneJ10,0.734282395590549,-3.28570809757602,58.6296296296296,39,19.6296296296296,2
15152,gneE11,gneJ14,gneJ10,0.959112745058078,-0.303805434014362,39.1754385964912,1,38.1754385964912,2
15196,gneE11,gneJ14,gneJ10,0.907607835931813,-1.17422545188746,38.5862068965517,5,33.5862068965517,2
15242,gneE11,gneJ14,gneJ10,0.922229821998196,-0.985959252237726,38.7118644067797,46,-7.2881355932203,2
15286,gneE11,gneJ14,gneJ10,0.877400749069482,-1.49095273899413,38.3833333333333,19,19.3833333333333,2
16998,gneE11,gneJ14,gneJ10,0.243616139432451,-1.65497843492561,38.2786885245902,32,6.2786885245902,2
17215,gneE11,gneJ14,gneJ10,0.599797850667383,-2.57542325956205,37.7096774193548,3,34.7096774193548,2
17304,gneE11,gneJ14,gneJ10,0.510142168214657,-3.28040410247393,37.2857142857143,11,26.2857142857143,2
17519,gneE11,gneJ14,gneJ10,0.50011301744525,-3.68656184182441,37.046875,22,15.046875,2
17562,-gneE8,gneJ11,gneJ10,0.611063066265786,-3.85038471449144,57.4285714285714,25,32.4285714285714,2
17607,-gneE8,gneJ11,gneJ10,0.560023307570876,-4.06091103028092,57,45,12,2
17695,-gneE8,gneJ11,gneJ10,0.74364537750156,-3.54454112792595,58.0333333333333,88,-29.9666666666667,2
17740,gneE11,gneJ14,gneJ10,0.552587518224273,-3.47588303387739,37.1692307692308,45,-7.8307692307692,2
17784,gneE11,gneJ14,gneJ10,0.596672303377309,-3.29539522899934,37.2727272727273,44,-6.7272727272727,2
17827,gneE11,gneJ14,gneJ10,0.632425744591994,-3.1443764515323,37.3582089552239,43,-5.6417910447761,2
17871,-gneE8,gneJ11,gneJ10,0.696174792401872,-3.78039546966264,57.5806451612903,44,13.5806451612903,2
17914,gneE11,gneJ14,gneJ10,0.466821511869756,-3.81992317121421,36.9852941176471,12,24.9852941176471,2
19472,gneE11,gneJ14,gneJ10,0.357494340061203,-4.57388513634892,36.5797101449275,9,27.5797101449275,2
19517,gneE11,gneJ14,gneJ10,0.41093582911681,-4.34772709820178,36.7,45,-8.3,2
19561,gneE11,gneJ14,gneJ10,0.458958200557264,-4.15216643995456,36.8028169014084,44,-7.1971830985916,2
19604,-gneE8,gneJ11,gneJ10,0.64150066969898,-4.02766023990334,57.125,43,14.125,2
19649,gneE11,gneJ14,gneJ10,0.362761389877657,-4.55102792003046,36.5972222222222,22,14.5972222222222,2
19692,gneE11,gneJ14,gneJ10,0.293735802180238,-4.86493769446655,36.4383561643836,25,11.4383561643836,2
63,-gneE9,gneJ12,gneJ11,1,1,43,43,0,1
147,gneE8,gneJ10,gneJ11,0.5,0.5,84,84,0,2
1005,gneE8,gneJ10,gneJ11,0.461900629938587,0.039130434782609,57.5,31,26.5,2
1048,-gneE9,gneJ12,gneJ11,1,0.853333333333333,37.5,32,5.5,1
1092,-gneE9,gneJ12,gneJ11,1,0.862182890855457,37.6666666666667,38,-0.3333333333333,1
1136,-gneE9,gneJ12,gneJ11,1,0.946053858597393,38.75,42,-3.25,1
1179,-gneE9,gneJ12,gneJ11,1,1.03191244445598,39.6,43,-3.4,1
1222,-gneE9,gneJ12,gneJ11,1,1.10245186354312,40.1666666666667,43,-2.8333333333333,1
1349,gneE8,gneJ10,gneJ11,0.637528437687839,0.613510600071865,80.6666666666667,127,-46.3333333333333,2
1392,-gneE9,gneJ12,gneJ11,1,1.16231101847269,40.5714285714286,43,-2.4285714285714,1
1437,-gneE9,gneJ12,gneJ11,1,1.25653594248485,41.125,45,-3.875,1
1482,-gneE9,gneJ12,gneJ11,1,1.09951114909642,40.3333333333333,34,6.3333333333333,1
1525,-gneE9,gneJ12,gneJ11,1,1.15862444958903,40.6,43,-2.4,1
1568,-gneE9,gneJ12,gneJ11,1,1.12266939340926,40.4545454545455,39,1.4545454545455,1
1611,gneE8,gneJ10,gneJ11,0.408466965375866,-0.321448749521631,61.5,4,57.5,2
1654,-gneE9,gneJ12,gneJ11,1,1.18004644258958,40.6666666666667,43,-2.3333333333333,1
1697,-gneE9,gneJ12,gneJ11,1,1.23277713938808,40.8461538461538,43,-2.1538461538462,1
1741,-gneE9,gneJ12,gneJ11,1,1.30408148721416,41.0714285714286,44,-2.9285714285714,1
1785,-gneE9,gneJ12,gneJ11,1,1.37031735151142,41.2666666666667,44,-2.7333333333333,1
1829,-gneE9,gneJ12,gneJ11,1,1.43215747217507,41.4375,44,-2.5625,1
2047,gneE8,gneJ10,gneJ11,0.822272304257596,1.02768918151285,92.8,218,-125.2,2
2090,-gneE9,gneJ12,gneJ11,1,1.46756823704759,41.5294117647059,43,-1.4705882352941,1
2135,-gneE9,gneJ12,gneJ11,1,1.546130154491,41.7222222222222,45,-3.2777777777778,1
2179,-gneE9,gneJ12,gneJ11,1,1.59770248153502,41.8421052631579,44,-2.1578947368421,1
2223,-gneE9,gneJ12,gneJ11,1,1.64657018117746,41.95,44,-2.05,1
2269,-gneE9,gneJ12,gneJ11,1,1.73809560490627,42.1428571428571,46,-3.8571428571429,1
2313,gneE8,gneJ10,gneJ11,0.707807680936681,0.38063035798344,82.1666666666667,29,53.1666666666667,2
2356,-gneE9,gneJ12,gneJ11,1,1.75749215663041,42.1818181818182,43,-0.818181818181799,1
2401,-gneE9,gneJ12,gneJ11,1,1.82121260884007,42.304347826087,45,-2.695652173913,1
2445,-gneE9,gneJ12,gneJ11,1,1.01693126327432,40.875,8,32.875,1
2489,-gneE9,gneJ12,gneJ11,1,0.368690057244167,39.8,14,25.8,1
2533,-gneE9,gneJ12,gneJ11,1,-0.16931586575682,38.9615384615385,18,20.9615384615385,1
2577,-gneE9,gneJ12,gneJ11,1,-0.045380198774795,39.1481481481481,44,-4.8518518518519,1
2623,-gneE9,gneJ12,gneJ11,1,0.122344189257843,39.3928571428571,46,-6.6071428571429,1
2667,gneE8,gneJ10,gneJ11,0.612614846924674,-0.045812844996076,76.7142857142857,44,32.7142857142857,2
2711,-gneE9,gneJ12,gneJ11,1,0.038937692330714,39.2758620689655,36,3.2758620689655,1
2755,-gneE9,gneJ12,gneJ11,1,0.154744961984138,39.4333333333333,44,-4.5666666666667,1
2798,-gneE9,gneJ12,gneJ11,1,0.24202065529572,39.5483870967742,43,-3.4516129032258,1
2849,-gneE9,gneJ12,gneJ11,1,-0.473419926757635,38.65625,11,27.65625,1
2895,-gneE9,gneJ12,gneJ11,1,-0.290255468456778,38.8787878787879,46,-7.1212121212121,1
2940,-gneE9,gneJ12,gneJ11,1,-0.138147034721838,39.0588235294118,45,-5.9411764705882,1
2984,gneE8,gneJ10,gneJ11,0.460406999627391,-0.662834121591821,70.5,27,43.5,2
3028,-gneE9,gneJ12,gneJ11,1,-0.364951158433178,38.8,30,8.8,1
3074,-gneE9,gneJ12,gneJ11,1,-0.485640813605592,38.6666666666667,34,4.6666666666667,1
3119,-gneE9,gneJ12,gneJ11,1,-0.502424030388809,38.6486486486486,38,0.648648648648603,1
4376,gneE8,gneJ10,gneJ11,0.086331088043908,-1.52147286504732,63.6666666666667,9,54.6666666666667,2
6016,gneE8,gneJ10,gneJ11,0.563118121110597,-2.02396042723637,60.3,30,30.3,2
6060,-gneE9,gneJ12,gneJ11,1,-0.645281173245951,38.5,33,5.5,1
6104,-gneE9,gneJ12,gneJ11,1,-0.683281173245951,38.4615384615385,37,1.4615384615385,1
6150,-gneE9,gneJ12,gneJ11,1,-0.619037175841668,38.525,41,-2.475,1
6196,-gneE9,gneJ12,gneJ11,1,-0.430631378740219,38.7073170731707,46,-7.2926829268293,1
6240,-gneE9,gneJ12,gneJ11,1,-0.29758416843979,38.8333333333333,44,-5.1666666666667,1
6285,-gneE9,gneJ12,gneJ11,1,-0.143049562234539,38.9767441860465,45,-6.0232558139535,1
6333,-gneE9,gneJ12,gneJ11,1,0.082008442405832,39.1818181818182,48,-8.8181818181818,1
6378,-gneE9,gneJ12,gneJ11,1,0.226722970387743,39.3111111111111,45,-5.6888888888889,1
6423,-gneE9,gneJ12,gneJ11,1,-0.03134154574129,39.0869565217391,29,10.0869565217391,1
6469,-gneE9,gneJ12,gneJ11,1,0.141109647317279,39.2340425531915,46,-6.7659574468085,1
6772,gneE8,gneJ10,gneJ11,0.614265550477256,-2.84451507650228,55.7272727272727,10,45.7272727272727,2
6818,gneE8,gneJ10,gneJ11,0.447466515685381,-3.52070555269275,52.5,17,35.5,2
6862,-gneE9,gneJ12,gneJ11,1,-0.31840777895618,38.8541666666667,21,17.8541666666667,1
6906,-gneE9,gneJ12,gneJ11,1,-0.644690169225878,38.5918367346939,26,12.5918367346939,1
6951,-gneE9,gneJ12,gneJ11,1,-0.889481835892545,38.4,29,9.4,1
6998,-gneE9,gneJ12,gneJ11,1,-0.976438357631675,38.3333333333333,35,3.3333333333333,1
7044,-gneE9,gneJ12,gneJ11,1,-1.94985349055601,37.6153846153846,1,36.6153846153846,1
7089,-gneE9,gneJ12,gneJ11,1,-2.73396754350917,37.0566037735849,8,29.0566037735849,1
7133,-gneE9,gneJ12,gneJ11,1,-3.43320804983828,36.5740740740741,11,25.5740740740741,1
7177,-gneE9,gneJ12,gneJ11,1,-3.23459487499925,36.7090909090909,44,-7.2909090909091,1
7223,-gneE9,gneJ12,gneJ11,1,-2.98713724788061,36.875,46,-9.125,1
7269,-gneE9,gneJ12,gneJ11,1,-2.74507187601893,37.0350877192982,46,-8.9649122807018,1
7313,-gneE9,gneJ12,gneJ11,1,-2.56084913819991,37.1551724137931,44,-6.8448275862069,1
7359,-gneE9,gneJ12,gneJ11,1,-2.32777326359745,37.3050847457627,46,-8.6949152542373,1
8672,gneE8,gneJ10,gneJ11,0.495391538705051,-3.83649502637696,51.1538461538462,35,16.1538461538462,2
8715,-gneE9,gneJ12,gneJ11,1,-2.4150215857451,37.25,34,3.25,1
8760,-gneE9,gneJ12,gneJ11,1,-2.42162369842116,37.2459016393443,37,0.245901639344297,1
8805,-gneE9,gneJ12,gneJ11,1,-3.33986545666292,36.6935483870968,3,33.6935483870968,1
8850,-gneE9,gneJ12,gneJ11,1,-4.14661392292059,36.2222222222222,7,29.2222222222222,1
8896,-gneE9,gneJ12,gneJ11,1,-4.8395925535355,35.828125,11,24.828125,1
8941,-gneE9,gneJ12,gneJ11,1,-5.41714887935873,35.5076923076923,15,20.5076923076923,1
9155,gneE8,gneJ10,gneJ11,0.047336011335145,-4.25148061715506,49.5714285714286,29,20.5714285714286,2
9202,-gneE9,gneJ12,gneJ11,1,-5.37578427381502,35.530303030303,37,-1.469696969697,1
9248,-gneE9,gneJ12,gneJ11,1,-5.19689864331648,35.6268656716418,42,-6.3731343283582,1
9292,-gneE9,gneJ12,gneJ11,1,-5.1865808554502,35.6323529411765,36,-0.367647058823501,1
9335,-gneE9,gneJ12,gneJ11,1,-5.09356704553956,35.6811594202899,39,-3.3188405797101,1
9727,gneE8,gneJ10,gneJ11,0.121544660413543,-4.93413223915788,47.2666666666667,15,32.2666666666667,2
11291,gneE8,gneJ10,gneJ11,0.081507180098007,-5.73357513609382,44.875,9,35.875,2
11333,-gneE9,gneJ12,gneJ11,1,-5.78220432819221,35.3285714285714,11,24.3285714285714,1
11376,-gneE9,gneJ12,gneJ11,1,-6.32579613212953,35.056338028169,16,19.056338028169,1
11894,gneE8,gneJ10,gneJ11,0.157754182328366,-6.66284004594125,42.4117647058824,3,39.4117647058824,2
13732,gneE8,gneJ10,gneJ11,0.435782974968343,-7.22440973470986,41.0555555555556,18,23.0555555555556,2
13777,-gneE9,gneJ12,gneJ11,1,-6.72340569388252,34.8611111111111,21,13.8611111111111,1
13820,gneE8,gneJ10,gneJ11,0.340592776176954,-7.62676884349099,40.1578947368421,24,16.1578947368421,2
13865,gneE8,gneJ10,gneJ11,0.278344338905024,-7.91880424172107,39.55,28,11.55,2
14041,gneE8,gneJ10,gneJ11,0.12598320471984,-7.83607042877143,39.7142857142857,43,-3.2857142857143,2
14085,-gneE9,gneJ12,gneJ11,1,-6.46577061165856,34.986301369863,44,-9.013698630137,1
14129,-gneE9,gneJ12,gneJ11,1,-6.46538436214137,34.9864864864865,35,-0.013513513513502,1
14744,gneE8,gneJ10,gneJ11,0.334551239088126,-7.80521328591429,39.7727272727273,41,-1.2272727272727,2
14787,gneE8,gneJ10,gneJ11,0.30419816255429,-7.94492725731143,39.5217391304348,34,5.5217391304348,2
14830,gneE8,gneJ10,gneJ11,0.296432479769128,-7.98188607462928,39.4583333333333,38,1.4583333333333,2
14916,gneE8,gneJ10,gneJ11,0.097389649666773,-8.0663214764604,39.32,36,3.32,2
14961,-gneE9,gneJ12,gneJ11,1,-6.29618284122882,35.0666666666667,41,-5.9333333333333,1
15045,gneE8,gneJ10,gneJ11,0.04450324552777,-8.19709827095401,39.1153846153846,34,5.1153846153846,2
15088,-gneE9,gneJ12,gneJ11,1,-6.26992627708779,35.0789473684211,36,-0.921052631578903,1
17542,gneE8,gneJ10,gneJ11,0.4635323959591,-8.54930556462004,38.5925925925926,25,13.5925925925926,2
17584,gneE8,gneJ10,gneJ11,0.391996695722203,-8.84210257116821,38.1785714285714,27,11.1785714285714,2
17629,gneE8,gneJ10,gneJ11,0.36112010998826,-8.97368151853664,38,33,5,2
17674,-gneE9,gneJ12,gneJ11,1,-6.18782568537181,35.1168831168831,38,-2.8831168831169,1
17849,gneE8,gneJ10,gneJ11,0.071277695444054,-9.81122664489043,36.9333333333333,6,30.9333333333333,2
19582,gneE8,gneJ10,gneJ11,0.116108511969091,-10.3156671422261,36.3225806451613,18,18.3225806451613,2
40,gneE9,gneJ11,gneJ12,0.5,0.5,40,40,0,2
1027,gneE9,gneJ11,gneJ12,0.630238341685412,0.373239436619718,35.5,31,4.5,2
1069,gneE9,gneJ11,gneJ12,0.656623590718044,0.488283684407329,37.6666666666667,42,-4.3333333333333,2
1114,gneE9,gneJ11,gneJ12,0.687299479267349,0.627524190736443,39.5,45,-5.5,2
1157,gneE9,gneJ11,gneJ12,0.702070288119881,0.697175932029975,40.2,43,-2.8,2
1200,gneE9,gneJ11,gneJ12,0.713930939272974,0.754552981210303,40.6666666666667,43,-2.3333333333333,2
1369,gneE9,gneJ11,gneJ12,0.889829766986196,2.61895976087132,59,169,-110,2
1414,gneE9,gneJ11,gneJ12,0.867039175636857,2.40498596174468,57.25,45,12.25,2
1459,gneE9,gneJ11,gneJ12,0.842930829348921,2.21015494782818,55.8888888888889,45,10.8888888888889,2
1503,gneE9,gneJ11,gneJ12,0.815264297635009,2.01454251638394,54.7,44,10.7,2
1546,gneE9,gneJ11,gneJ12,0.783517061589716,1.81623743163818,53.6363636363636,43,10.6363636363636,2
1632,gneE9,gneJ11,gneJ12,0.820059196520051,1.66663113242558,52.9166666666667,45,7.9166666666667,2
1676,gneE9,gneJ11,gneJ12,0.795623778870835,1.5090464490677,52.2307692307692,44,8.2307692307692,2
1717,gneE9,gneJ11,gneJ12,0.760675437641941,1.30626867128992,51.4285714285714,41,10.4285714285714,2
1762,gneE9,gneJ11,gneJ12,0.738606637712509,1.18862161246639,51,45,6,2
1806,gneE9,gneJ11,gneJ12,0.71278509199316,1.05883174843673,50.5625,44,6.5625,2
2068,gneE9,gneJ11,gneJ12,0.942650648753132,4.21756190716689,63,262,-199,2
2112,gneE9,gneJ11,gneJ12,0.92482933222335,3.92787580851218,61.9444444444444,44,17.9444444444444,2
2157,gneE9,gneJ11,gneJ12,0.90438427694939,3.66494477402942,61.0526315789474,45,16.0526315789474,2
2201,gneE9,gneJ11,gneJ12,0.878447950055636,3.3958417839962,60.2,44,16.2,2
2245,gneE9,gneJ11,gneJ12,0.847896672903733,3.13622639938081,59.4285714285714,44,15.4285714285714,2
2333,gneE9,gneJ11,gneJ12,0.945707594502813,3.585328195788,60.7272727272727,88,-27.2727272727273,2
2377,gneE9,gneJ11,gneJ12,0.930272476433822,3.31866152912133,60,44,16,2
2423,gneE9,gneJ11,gneJ12,0.914125108173242,3.09285507750843,59.4166666666667,46,13.4166666666667,2
2466,gneE9,gneJ11,gneJ12,0.823344131038448,2.26694978502932,57.44,10,47.44,2
2511,gneE9,gneJ11,gneJ12,0.790704536328696,2.05695653722378,56.9615384615385,45,11.9615384615385,2
2554,gneE9,gneJ11,gneJ12,0.748567804545842,1.81876756084583,56.4444444444444,43,13.4444444444444,2
2600,gneE9,gneJ11,gneJ12,0.713280548004076,1.63914972645092,56.0714285714286,46,10.0714285714286,2
2688,gneE9,gneJ11,gneJ12,0.888035277450181,2.1783535865233,57.1724137931034,88,-30.8275862068966,2
2732,gneE9,gneJ11,gneJ12,0.863702194787453,1.95391175338582,56.7333333333333,44,12.7333333333333,2
2776,gneE9,gneJ11,gneJ12,0.835840596889351,1.73512595728043,56.3225806451613,44,12.3225806451613,2
2826,gneE9,gneJ11,gneJ12,0.688196786158205,0.899228521382996,54.84375,9,45.84375,2
2871,gneE9,gneJ11,gneJ12,0.64946822622492,0.724228521382996,54.5454545454546,45,9.5454545454546,2
2917,gneE9,gneJ11,gneJ12,0.613948395972477,0.571465791155477,54.2941176470588,46,8.2941176470588,2
3006,gneE9,gneJ11,gneJ12,0.850814460678459,1.18128491260251,55.2857142857143,89,-33.7142857142857,2
3052,gneE9,gneJ11,gneJ12,0.828771386443436,1.0172263563178,55.0277777777778,46,9.0277777777778,2
3096,gneE9,gneJ11,gneJ12,0.799134763561668,0.821176973601751,54.7297297297297,44,10.7297297297297,2
6037,gneE9,gneJ11,gneJ12,0.956984444485695,1.79589607472535,56.2105263157895,111,-54.7894736842105,2
6082,gneE9,gneJ11,gneJ12,0.939836166525956,1.44230491450435,55.6923076923077,36,19.6923076923077,2
6127,gneE9,gneJ11,gneJ12,0.928278561361051,1.25421289826619,55.425,45,10.425,2
6174,gneE9,gneJ11,gneJ12,0.917714434398745,1.10536130816019,55.219512195122,47,8.219512195122,2
6218,gneE9,gneJ11,gneJ12,0.901356081640713,0.906054549061399,54.952380952381,44,10.952380952381,2
6262,gneE9,gneJ11,gneJ12,0.882550294398387,0.710476317768882,54.6976744186047,44,10.6976744186047,2
6309,gneE9,gneJ11,gneJ12,0.867476843004429,0.572502161870591,54.5227272727273,47,7.5227272727273,2
6356,gneE9,gneJ11,gneJ12,0.851132154629855,0.437179185582774,54.3555555555556,47,7.3555555555556,2
6401,gneE9,gneJ11,gneJ12,0.828424174469729,0.268170755233517,54.1521739130435,45,9.1521739130435,2
6446,gneE9,gneJ11,gneJ12,0.803527754137271,0.102161291511119,53.9574468085106,45,8.9574468085106,2
6839,gneE9,gneJ11,gneJ12,0.991441302038214,2.23374993876508,56.5208333333333,177,-120.479166666667,2
6885,gneE9,gneJ11,gneJ12,0.984959873789061,1.66341745794667,55.8571428571429,24,31.8571428571429,2
6928,gneE9,gneJ11,gneJ12,0.975163765566998,1.15184003392351,55.28,27,28.28,2
6974,gneE9,gneJ11,gneJ12,0.962816321969654,0.735531021047976,54.8235294117647,32,22.8235294117647,2
7020,gneE9,gneJ11,gneJ12,0.956713102136064,0.577191823299911,54.6538461538462,46,8.6538461538462,2
7067,gneE9,gneJ11,gneJ12,0.950635052315785,0.439427891143456,54.5094339622642,47,7.5094339622642,2
7111,gneE9,gneJ11,gneJ12,0.940920890518658,0.249519947058901,54.3148148148148,44,10.3148148148148,2
7155,gneE9,gneJ11,gneJ12,0.92962090320387,0.062418838560412,54.1272727272727,44,10.1272727272727,2
7199,gneE9,gneJ11,gneJ12,0.916560368484147,-0.121957195865275,53.9464285714286,44,9.9464285714286,2
7246,gneE9,gneJ11,gneJ12,0.906337328753352,-0.248749894691872,53.8245614035088,47,6.8245614035088,2
7290,gneE9,gneJ11,gneJ12,0.889904232676836,-0.428698480810124,53.6551724137931,44,9.6551724137931,2
7336,gneE9,gneJ11,gneJ12,0.875355885865681,-0.569293794299674,53.5254237288136,46,7.5254237288136,2
8692,gneE9,gneJ11,gneJ12,0.814522492470626,-0.159275241423978,53.9,76,-22.1,2
8737,gneE9,gneJ11,gneJ12,0.788651132846531,-0.32212977024374,53.7540983606557,45,8.7540983606557,2
8783,gneE9,gneJ11,gneJ12,0.763967952919144,-0.464385409341485,53.6290322580645,46,7.6290322580645,2
8827,gneE9,gneJ11,gneJ12,0.730538091496209,-0.641589327418065,53.4761904761905,44,9.4761904761905,2
8871,gneE9,gneJ11,gneJ12,0.694752959227461,-0.816508753143234,53.328125,44,9.328125,2
8917,gneE9,gneJ11,gneJ12,0.665265068072931,-0.952097073467027,53.2153846153846,46,7.2153846153846,2
9178,gneE9,gneJ11,gneJ12,0.730517188815628,-1.32838573326084,52.9090909090909,33,19.9090909090909,2
9225,gneE9,gneJ11,gneJ12,0.708280511161886,-1.43858635490537,52.8208955223881,47,5.8208955223881,2
9270,gneE9,gneJ11,gneJ12,0.643508984179892,-1.73500693656085,52.5882352941177,37,15.5882352941177,2
9313,gneE9,gneJ11,gneJ12,0.601199775787188,-1.9151672018275,52.4492753623188,43,9.4492753623188,2
11311,gneE9,gneJ11,gneJ12,0.578019855495909,-1.98005269801071,52.4,49,3.4,2
11354,gneE9,gneJ11,gneJ12,0.393027724014045,-2.72930561841277,51.8450704225352,13,38.8450704225352,2
13754,gneE9,gneJ11,gneJ12,0.222298826279271,-3.34022158706989,51.4027777777778,20,31.4027777777778,2
14062,gneE9,gneJ11,gneJ12,0.220136611503576,-3.50181346741177,51.2876712328767,43,8.2876712328767,2
14106,gneE9,gneJ11,gneJ12,0.173631072555876,-3.79705156264987,51.0810810810811,36,15.0810810810811,2
14939,gneE9,gneJ11,gneJ12,0.363060354772268,-4.01171124851374,50.9333333333333,40,10.9333333333333,2
15067,gneE9,gneJ11,gneJ12,0.20566332464732,-4.30216768004901,50.7368421052632,36,14.7368421052632,2
17651,gneE9,gneJ11,gneJ12,0.366181703793878,-4.60954367593696,50.5324675324675,35,15.5324675324675,2
104,-gneE11,gneJ10,gneJ14,0.5,0.5,104,104,0,2
190,-gneE11,gneJ10,gneJ14,0.423559994330426,0.191823899371069,79.5,55,24.5,2
832,gneE10,gneJ7,gneJ14,0.716526950842629,0.5,181,181,0,2
919,gneE10,gneJ7,gneJ14,0.583916243187635,0.028455284552846,123,65,58,2
963,gneE10,gneJ7,gneJ14,0.448692084539651,-0.516372301654051,96.6666666666667,44,52.6666666666667,2
1264,-gneE11,gneJ10,gneJ14,0.622970194899837,0.541304868229201,96.3333333333333,130,-33.6666666666667,2
1306,-gneE11,gneJ10,gneJ14,0.502431806709453,0.048857738319835,82.75,42,40.75,2
1872,-gneE11,gneJ10,gneJ14,0.802030205210378,1.07758305250296,111.4,226,-114.6,2
1916,-gneE11,gneJ10,gneJ14,0.698106990030386,0.5168509393582,100.166666666667,44,56.166666666667,2
1959,-gneE11,gneJ10,gneJ14,0.575833134516954,-0.015757756293974,92,43,49,2
2003,-gneE11,gneJ10,gneJ14,0.454456313110272,-0.504129849317229,86,44,42,2
3160,-gneE11,gneJ10,gneJ14,0.817669874167663,0.837805634553738,103.333333333333,242,-138.666666666667,2
4153,gneE10,gneJ7,gneJ14,0.49442165695981,0.061915798554717,119.75,189,-69.25,2
4199,gneE10,gneJ7,gneJ14,0.357962366921828,-0.499988963350045,105,46,59,2
4243,gneE10,gneJ7,gneJ14,0.245965437182123,-1.03601708285795,94.8333333333333,44,50.8333333333333,2
4330,gneE10,gneJ7,gneJ14,0.21863746469173,-1.10766342432137,93.7142857142857,87,6.71428571428569,2
4419,-gneE11,gneJ10,gneJ14,0.903146373096572,0.711210933866791,101.9,89,12.9,2
4464,-gneE11,gneJ10,gneJ14,0.845261488396025,0.176436497776565,96.7272727272727,45,51.7272727272727,2
4594,gneE10,gneJ7,gneJ14,0.365973372866993,-0.78450820803638,98.25,130,-31.75,2
4637,gneE10,gneJ7,gneJ14,0.252994864441884,-1.3176807050207,92.1111111111111,43,49.1111111111111,2
4679,-gneE11,gneJ10,gneJ14,0.760168871836002,-0.367867299691789,92.1666666666667,42,50.1666666666667,2
4938,gneE10,gneJ7,gneJ14,0.833569347267439,0.062834000861654,108.8,259,-150.2,2
4979,-gneE11,gneJ10,gneJ14,0.649830915421364,-0.903176802743228,88.2307692307692,41,47.2307692307692,2
5023,-gneE11,gneJ10,gneJ14,0.533825378025135,-1.3859643762109,85.0714285714286,44,41.0714285714286,2
5068,-gneE11,gneJ10,gneJ14,0.421071822233445,-1.83984787135653,82.4,45,37.4,2
5112,gneE10,gneJ7,gneJ14,0.738599094979858,-0.509604161682516,102.909090909091,44,58.909090909091,2
5800,gneE10,gneJ7,gneJ14,0.978816356891934,3.02665957458122,151.666666666667,688,-536.333333333333,2
5845,-gneE11,gneJ10,gneJ14,0.319447045811727,-2.27778698142679,80.0625,45,35.0625,2
5889,gneE10,gneJ7,gneJ14,0.958512151504749,2.33352652737092,143.384615384615,44,99.384615384615,2
5975,gneE10,gneJ7,gneJ14,0.930701605680834,1.95096242480682,139.285714285714,86,53.285714285714,2
6512,-gneE11,gneJ10,gneJ14,0.317765103336745,-2.78802200796204,77.5882352941177,38,39.5882352941177,2
6556,-gneE11,gneJ10,gneJ14,0.216558988082717,-3.30979322567422,75.2777777777778,36,39.2777777777778,2
6599,gneE10,gneJ7,gneJ14,0.872266584760677,1.27459513930757,132.866666666667,43,89.866666666667,2
6644,gneE10,gneJ7,gneJ14,0.781501382532868,0.627882676108356,127.375,45,82.375,2
6686,gneE10,gneJ7,gneJ14,0.649696739742066,-0.028848093122414,122.352941176471,42,80.352941176471,2
6730,gneE10,gneJ7,gneJ14,0.49764697199686,-0.65596673719021,118,44,74,2
7401,-gneE11,gneJ10,gneJ14,0.426204176344278,-3.8180606591753,73.2105263157895,36,37.2105263157895,2
8629,gneE10,gneJ7,gneJ14,0.981498693104894,3.90994537998689,158.105263157895,880,-721.894736842105,2
8985,-gneE11,gneJ10,gneJ14,0.956644258907722,-0.742502559575987,87.35,356,-268.65,2
9030,gneE10,gneJ7,gneJ14,0.963258611673631,3.20512412711709,152.45,45,107.45,2
9072,gneE10,gneJ7,gneJ14,0.927691838834988,2.49046867580684,147.190476190476,42,105.190476190476,2
9114,-gneE11,gneJ10,gneJ14,0.930020567441293,-1.24948970323166,85.1904761904762,42,43.1904761904762,2
9377,-gneE11,gneJ10,gneJ14,0.992011082600927,0.570198405930133,93.2727272727273,263,-169.727272727273,2
9420,-gneE11,gneJ10,gneJ14,0.986530354139228,0.042274778245169,91.0869565217391,43,48.0869565217391,2
9463,-gneE11,gneJ10,gneJ14,0.977608973729281,-0.47503111511311,89.0833333333333,43,46.0833333333333,2
9508,-gneE11,gneJ10,gneJ14,0.960899585966084,-1.04974375879127,87,37,50,2
9552,-gneE11,gneJ10,gneJ14,0.938038885569557,-1.53419621485256,85.3461538461538,44,41.3461538461538,2
9596,-gneE11,gneJ10,gneJ14,0.90398004577011,-2.00922935669966,83.8148148148148,44,39.8148148148148,2
9639,-gneE11,gneJ10,gneJ14,0.853755812710653,-2.48711313813939,82.3571428571429,43,39.3571428571429,2
9682,-gneE11,gneJ10,gneJ14,0.785031388273797,-2.95624894060852,81,43,38,2
9771,-gneE11,gneJ10,gneJ14,0.888255386268866,-2.86108897342231,81.2666666666667,89,-7.73333333333331,2
9815,-gneE11,gneJ10,gneJ14,0.835153399821378,-3.31153216439733,80.0645161290323,44,36.0645161290323,2
9858,gneE10,gneJ7,gneJ14,0.864550785022262,1.79231934587704,142.454545454545,43,99.454545454545,2
9902,gneE10,gneJ7,gneJ14,0.763515822563378,1.11075861585816,138.173913043478,44,94.173913043478,2
9946,gneE10,gneJ7,gneJ14,0.622412161659149,0.438505357012718,134.25,44,90.25,2
11120,gneE10,gneJ7,gneJ14,0.611756501260029,1.72917352729747,141.88,325,-183.12,2
11162,gneE10,gneJ7,gneJ14,0.440031217998054,1.03343655320998,138.038461538462,42,96.038461538462,2
11250,gneE10,gneJ7,gneJ14,0.438266729181683,0.679615503441143,136.185185185185,88,48.185185185185,2
11418,-gneE11,gneJ10,gneJ14,0.969252671398884,-2.28285291911431,82.8125,168,-85.1875,2
11463,gneE10,gneJ7,gneJ14,0.287067009777138,0.018143176735071,132.928571428571,45,87.928571428571,2
11506,gneE10,gneJ7,gneJ14,0.171013231748903,-0.65064832392894,129.827586206897,43,86.827586206897,2
11591,gneE10,gneJ7,gneJ14,0.064404334846655,-0.988310661591278,128.333333333333,85,43.333333333333,2
11634,-gneE11,gneJ10,gneJ14,0.951553871091657,-2.75593127039541,81.6060606060606,43,38.6060606060606,2
11675,-gneE11,gneJ10,gneJ14,0.923262246344466,-3.24605563030762,80.4117647058824,41,39.4117647058824,2
11720,-gneE11,gneJ10,gneJ14,0.886378381579994,-3.6793050005847,79.4,45,34.4,2
11763,-gneE11,gneJ10,gneJ14,0.832411768577061,-4.13075787088945,78.3888888888889,43,35.3888888888889,2
11806,-gneE11,gneJ10,gneJ14,0.760994602044705,-4.5754350087603,77.4324324324324,43,34.4324324324324,2
11851,-gneE11,gneJ10,gneJ14,0.678256085937155,-4.98780614278092,76.5789473684211,45,31.5789473684211,2
11936,-gneE11,gneJ10,gneJ14,0.85592868545376,-4.88096140154553,76.7948717948718,85,-8.2051282051282,2
12239,gneE10,gneJ7,gneJ14,0.786672357856848,0.273427840696225,133.967741935484,303,-169.032258064516,2
12283,gneE10,gneJ7,gneJ14,0.654857517338429,-0.391094437121263,131.15625,44,87.15625,2
12328,gneE10,gneJ7,gneJ14,0.497632787075533,-1.04102371576341,128.545454545455,45,83.545454545455,2
12371,-gneE11,gneJ10,gneJ14,0.793809104520139,-5.3147994528951,75.95,43,32.95,2
12456,gneE10,gneJ7,gneJ14,0.348494795584579,-1.45033573800108,126.970588235294,75,51.970588235294,2
13428,gneE10,gneJ7,gneJ14,0.997705760230455,3.98188207254912,151.114285714286,972,-820.885714285714,2
13471,gneE10,gneJ7,gneJ14,0.995346074580072,3.27220465319428,148.111111111111,43,105.111111111111,2
13515,-gneE11,gneJ10,gneJ14,0.717759455686945,-5.72946525432275,75.1707317073171,44,31.1707317073171,2
13560,-gneE11,gneJ10,gneJ14,0.631297692656301,-6.12505207875511,74.4523809523809,45,29.4523809523809,2
13604,gneE10,gneJ7,gneJ14,0.990698244364198,2.57503203414666,145.297297297297,44,101.297297297297,2
13646,-gneE11,gneJ10,gneJ14,0.526894974289075,-6.55515621255126,73.6976744186047,42,31.6976744186047,2
13689,-gneE11,gneJ10,gneJ14,0.424757060791598,-6.96611511666085,73,43,30,2
13909,-gneE11,gneJ10,gneJ14,0.944658714463772,-5.08149973204546,76.2666666666667,220,-143.733333333333,2
13955,-gneE11,gneJ10,gneJ14,0.920246441157939,-5.47310410237324,75.6086956521739,46,29.6086956521739,2
13998,-gneE11,gneJ10,gneJ14,0.882848413127514,-5.89911943892535,74.9148936170213,43,31.9148936170213,2
14171,-gneE11,gneJ10,gneJ14,0.960262855332131,-4.65114975836228,76.9583333333333,173,-96.0416666666667,2
14215,-gneE11,gneJ10,gneJ14,0.940570713900376,-5.07437073214505,76.2857142857143,44,32.2857142857143,2
14258,-gneE11,gneJ10,gneJ14,0.911358187791501,-5.5057380952765,75.62,43,32.62,2
14303,gneE10,gneJ7,gneJ14,0.981722659705317,1.89047198987439,142.657894736842,45,97.657894736842,2
14347,gneE10,gneJ7,gneJ14,0.964347930492926,1.20447016004822,140.128205128205,44,96.128205128205,2
14391,gneE10,gneJ7,gneJ14,0.931955437385477,0.523947379144246,137.725,44,93.725,2
14435,-gneE11,gneJ10,gneJ14,0.871803409327887,-5.91907142860983,75,44,31,2
14478,gneE10,gneJ7,gneJ14,0.873764910940781,-0.158509393190048,135.414634146341,43,92.414634146341,2
14522,gneE10,gneJ7,gneJ14,0.779868683045502,-0.828273510416639,133.238095238095,44,89.238095238095,2
14569,gneE10,gneJ7,gneJ14,0.650910568871525,-1.4701306785896,131.232558139535,47,84.232558139535,2
14612,-gneE11,gneJ10,gneJ14,0.816838859357992,-6.34099490327374,74.3846153846154,43,31.3846153846154,2
14657,-gneE11,gneJ10,gneJ14,0.751117705214064,-6.73148813097627,73.8301886792453,45,28.8301886792453,2
14702,-gneE11,gneJ10,gneJ14,0.672282952332062,-7.11754169338152,73.2962962962963,45,28.2962962962963,2
14873,-gneE11,gneJ10,gneJ14,0.89493158964363,-5.83975046063752,75.0727272727273,171,-95.9272727272727,2
15003,-gneE11,gneJ10,gneJ14,0.949592475162411,-5.13042902368049,76.0535714285714,130,-53.9464285714286,2
15131,-gneE11,gneJ10,gneJ14,0.930669877410595,-5.60007312696032,75.421052631579,40,35.421052631579,2
15174,-gneE11,gneJ10,gneJ14,0.897653022718803,-6.0256834447862,74.8620689655172,43,31.8620689655172,2
15220,-gneE11,gneJ10,gneJ14,0.856917448369282,-6.40717843111255,74.3728813559322,46,28.3728813559322,2
15264,-gneE11,gneJ10,gneJ14,0.799886911831765,-6.81151056107645,73.8666666666667,44,29.8666666666667,2
15308,-gneE11,gneJ10,gneJ14,0.728144778214658,-7.21186802309611,73.3770491803279,44,29.3770491803279,2
16889,gneE10,gneJ7,gneJ14,0.993357521525815,4.58165503569612,152.727272727273,1077,-924.272727272727,2
16935,gneE10,gneJ7,gneJ14,0.986790831935994,3.88759650776233,150.355555555556,46,104.355555555556,2
16977,gneE10,gneJ7,gneJ14,0.973333812943647,3.17138029154612,148,42,106,2
17020,-gneE11,gneJ10,gneJ14,0.639958442277862,-7.62191449355417,72.8870967741936,43,29.8870967741936,2
17064,gneE10,gneJ7,gneJ14,0.947803928922368,2.4731899821474,145.787234042553,44,101.787234042553,2
17107,gneE10,gneJ7,gneJ14,0.900113631046754,1.77253733530186,143.645833333333,43,100.645833333333,2
17150,gneE10,gneJ7,gneJ14,0.817899033944899,1.07622715945868,141.591836734694,43,98.591836734694,2
17194,gneE10,gneJ7,gneJ14,0.693657287944091,0.391323120501358,139.64,44,95.64,2
17238,-gneE11,gneJ10,gneJ14,0.545543128223099,-8.01441942452064,72.4285714285714,44,28.4285714285714,2
17282,gneE10,gneJ7,gneJ14,0.534111605803976,-0.289291738593432,137.764705882353,44,93.764705882353,2
17326,-gneE11,gneJ10,gneJ14,0.448662207005586,-8.40317566502423,71.984375,44,27.984375,2
17498,gneE10,gneJ7,gneJ14,0.572566119514566,-0.046724358765703,138.423076923077,172,-33.576923076923,2
17717,-gneE11,gneJ10,gneJ14,0.925542640282932,-6.45352792362348,74.2461538461538,219,-144.753846153846,2
17762,-gneE11,gneJ10,gneJ14,0.893774057861333,-6.84379686223978,73.8030303030303,45,28.8030303030303,2
17806,-gneE11,gneJ10,gneJ14,0.849371637377194,-7.24400032103937,73.3582089552239,44,29.3582089552239,2
17892,-gneE11,gneJ10,gneJ14,0.939151660632963,-7.07463419426473,73.5441176470588,86,-12.4558823529412,2
17935,-gneE11,gneJ10,gneJ14,0.910911548187932,-7.48641056222666,73.1014492753623,43,30.1014492753623,2
18495,gneE10,gneJ7,gneJ14,0.609801319880366,0.183157579082038,139.037735849057,171,-31.962264150943,2
18540,gneE10,gneJ7,gneJ14,0.443797378497095,-0.489084125800617,137.296296296296,45,92.296296296296,2
18585,gneE10,gneJ7,gneJ14,0.290295228274113,-1.15727020972608,135.618181818182,45,90.618181818182,2
18716,gneE10,gneJ7,gneJ14,0.47814811080036,-1.19073529536507,135.535714285714,131,4.53571428571399,2
19452,gneE10,gneJ7,gneJ14,0.811972394487766,-0.9492093255236,136.122807017544,169,-32.877192982456,2
19495,-gneE11,gneJ10,gneJ14,0.871749913416775,-7.89470621781935,72.6714285714286,43,29.6714285714286,2
19539,-gneE11,gneJ10,gneJ14,0.82132767496104,-8.28585804007622,72.2676056338028,44,28.2676056338028,2
19627,-gneE11,gneJ10,gneJ14,0.904117407349352,-8.07183236465948,72.4861111111111,88,-15.5138888888889,2
19670,-gneE11,gneJ10,gneJ14,0.828920318283672,-8.73767253250231,71.8219178082192,24,47.8219178082192,2
19714,-gneE11,gneJ10,gneJ14,0.767427999793829,-9.12182233390197,71.445945945946,44,27.445945945946,2
19758,gneE10,gneJ7,gneJ14,0.687816568447396,-1.62215562822769,134.534482758621,44,90.534482758621,2
19801,gneE10,gneJ7,gneJ14,0.528289935739232,-2.29880615078695,132.983050847458,43,89.983050847458,2
19974,gneE10,gneJ7,gneJ14,0.654780223162295,-2.00438041191677,133.65,173,-39.35,2
357,-gneE1,gneJ3,gneJ2,0.5,0.5,357,357,0,2
403,-gneE1,gneJ3,gneJ2,0.316108848362235,-0.271712158808933,201.5,46,155.5,2
487,-gneE1,gneJ3,gneJ2,0.221963866851434,-0.754258360040966,162.333333333333,84,78.333333333333,2
573,-gneE1,gneJ3,gneJ2,0.188827376593489,-1.15390931990135,143.25,86,57.25,2
3633,-gneE1,gneJ3,gneJ2,0.915453662861274,2.05748622097396,726.6,3060,-2333.4,2
3676,-gneE1,gneJ3,gneJ2,0.810352919181196,1.12767120465187,612.666666666667,43,569.666666666667,2
3766,-gneE1,gneJ3,gneJ2,0.563641648488079,0.294957450005031,538,90,448,2
3810,-gneE1,gneJ3,gneJ2,0.342616303884707,-0.6126540985514,476.25,44,432.25,2
3986,-gneE1,gneJ3,gneJ2,0.362517239471467,-1.21526323051327,442.888888888889,176,266.888888888889,2
5282,-gneE1,gneJ3,gneJ2,0.710563773664186,0.238352824011534,528.2,1296,-767.8,2
5327,-gneE1,gneJ3,gneJ2,0.497761656075346,-0.668724330108984,484.272727272727,45,439.272727272727,2
5587,-gneE1,gneJ3,gneJ2,0.523858801233199,-1.11028509617306,465.583333333333,260,205.583333333333,2
5630,-gneE1,gneJ3,gneJ2,0.308913703500987,-2.01099557574677,433.076923076923,43,390.076923076923,2
5674,-gneE1,gneJ3,gneJ2,0.154904956287348,-2.90243018977568,405.285714285714,44,361.285714285714,2
7789,-gneE1,gneJ3,gneJ2,0.724922740741102,0.170621549857139,519.266666666667,2115,-1595.73333333333,2
7838,-gneE1,gneJ3,gneJ2,0.517252797942362,-0.729352933429414,489.875,49,440.875,2
8059,-gneE1,gneJ3,gneJ2,0.48697178313515,-1.26316606160909,474.058823529412,221,253.058823529412,2
8103,-gneE1,gneJ3,gneJ2,0.2780042022764,-2.16542448441546,450.166666666667,44,406.166666666667,2
8232,-gneE1,gneJ3,gneJ2,0.104781350907028,-2.86768395963412,433.263157894737,129,304.263157894737,2
10644,-gneE1,gneJ3,gneJ2,0.943762712030232,0.664446818268928,532.2,2412,-1879.8,2
10688,-gneE1,gneJ3,gneJ2,0.870653231171966,-0.249101085922689,508.952380952381,44,464.952380952381,2
10732,-gneE1,gneJ3,gneJ2,0.730457383705929,-1.1589035458556,487.818181818182,44,443.818181818182,2
10775,-gneE1,gneJ3,gneJ2,0.522168188671031,-2.06711700293217,468.478260869565,43,425.478260869565,2
12763,-gneE1,gneJ3,gneJ2,0.910027640439032,0.67118903796731,531.791666666667,1988,-1456.20833333333,2
12810,-gneE1,gneJ3,gneJ2,0.803086467975171,-0.237085747356656,512.4,47,465.4,2
12854,-gneE1,gneJ3,gneJ2,0.621212349942007,-1.14808621413742,494.384615384615,44,450.384615384615,2
12941,-gneE1,gneJ3,gneJ2,0.204117052918412,-1.96657010255408,479.296296296296,87,392.296296296296,2
12986,-gneE1,gneJ3,gneJ2,0.09417162532091,-2.86954253440377,463.785714285714,45,418.785714285714,2
16146,-gneE1,gneJ3,gneJ2,0.994116887896092,1.80616661956626,556.758620689655,3160,-2603.24137931034,2
16191,-gneE1,gneJ3,gneJ2,0.985416139510704,0.889546274930347,539.7,45,494.7,2
16237,-gneE1,gneJ3,gneJ2,0.964462163708881,-0.022629619631456,523.774193548387,46,477.774193548387,2
16283,-gneE1,gneJ3,gneJ2,0.916167134926159,-0.93222858788055,508.84375,46,462.84375,2
16326,-gneE1,gneJ3,gneJ2,0.814314197077995,-1.84531201309187,494.727272727273,43,451.727272727273,2
16371,-gneE1,gneJ3,gneJ2,0.617344065559762,-2.84531201309187,481.5,0,481.5,2
16414,-gneE1,gneJ3,gneJ2,0.394121625008887,-3.75362199237784,468.971428571429,43,425.971428571429,2
16458,-gneE1,gneJ3,gneJ2,0.208535667270029,-4.6573770051376,457.166666666667,44,413.166666666667,2
19149,-gneE1,gneJ3,gneJ2,0.939861034362334,-0.457784337113157,517.540540540541,2691,-2173.45945945946,2
19193,-gneE1,gneJ3,gneJ2,0.862497380554342,-1.37066924306845,505.078947368421,44,461.078947368421,2
19238,-gneE1,gneJ3,gneJ2,0.716550519103715,-2.27944354393133,493.282051282051,45,448.282051282051,2
19282,-gneE1,gneJ3,gneJ2,0.504672784468763,-3.1881667054291,482.05,44,438.05,2
338,-gneE2,gneJ4,gneJ3,0.5,0.5,338,338,0,2
381,gneE1,gneJ2,gneJ3,1,1,43,43,0,1
425,gneE1,gneJ2,gneJ3,1,1.01149425287356,43.5,44,-0.5,1
467,-gneE2,gneJ4,gneJ3,0.314546796596649,-0.278947368421053,190,42,148,2
509,gneE1,gneJ2,gneJ3,1,0.988238438920075,43,42,1,1
552,-gneE2,gneJ4,gneJ3,0.186337998187275,-0.97398282941396,141,43,98,2
596,gneE1,gneJ2,gneJ3,1,1.0055794793825,43.25,44,-0.75,1
683,-gneE2,gneJ4,gneJ3,0.142873010651534,-1.29162988823749,127.5,87,40.5,2
3613,-gneE2,gneJ4,gneJ3,0.983090182813561,1.96709104199507,688,2930,-2242,2
3655,gneE1,gneJ2,gneJ3,1,0.982323665429014,43,42,1,1
3699,gneE1,gneJ2,gneJ3,1,1.00162868473403,43.1666666666667,44,-0.8333333333333,1
3744,-gneE2,gneJ4,gneJ3,0.958524069345551,1.04456593439105,580.833333333333,45,535.833333333333,2
3788,gneE1,gneJ2,gneJ3,1,1.01813033489905,43.2857142857143,44,-0.714285714285701,1
3832,gneE1,gneJ2,gneJ3,1,1.03253955680107,43.375,44,-0.625,1
3876,-gneE2,gneJ4,gneJ3,0.902697098385426,0.131842783356764,504.142857142857,44,460.142857142857,2
3921,-gneE2,gneJ4,gneJ3,0.790556932069332,-0.767429740426113,446.75,45,401.75,2
3964,-gneE2,gneJ4,gneJ3,0.607133888702254,-1.66043499339819,401.888888888889,43,358.888888888889,2
4008,gneE1,gneJ2,gneJ3,1,1.04532728058623,43.4444444444444,44,-0.5555555555556,1
5261,-gneE2,gneJ4,gneJ3,0.725716096193774,-0.087539716190797,487,1253,-766,2
5305,gneE1,gneJ2,gneJ3,1,1.0568215334598,43.5,44,-0.5,1
5350,gneE1,gneJ2,gneJ3,1,1.0880715334598,43.6363636363636,45,-1.3636363636364,1
5393,-gneE2,gneJ4,gneJ3,0.517310668445963,-0.991264527914794,446.636363636364,43,403.636363636364,2
5478,-gneE2,gneJ4,gneJ3,0.257705826341845,-1.78718289526173,416.5,85,331.5,2
5566,-gneE2,gneJ4,gneJ3,0.197114982519735,-2.56225171162036,391.230769230769,88,303.230769230769,2
5609,gneE1,gneJ2,gneJ3,1,1.07468721223609,43.5833333333333,43,0.5833333333333,1
5653,gneE1,gneJ2,gneJ3,1,1.08350555438776,43.6153846153846,44,-0.384615384615401,1
5696,gneE1,gneJ2,gneJ3,1,1.0703908002894,43.5714285714286,43,0.571428571428598,1
7722,-gneE2,gneJ4,gneJ3,0.882062472922481,0.425937264757588,508,2026,-1518,2
7767,-gneE2,gneJ4,gneJ3,0.75146129037362,-0.479749475496708,477.133333333333,45,432.133333333333,2
7814,gneE1,gneJ2,gneJ3,1,1.14345016102,43.8,47,-3.2,1
7862,gneE1,gneJ2,gneJ3,1,1.23281186314766,44.0625,48,-3.9375,1
7906,-gneE2,gneJ4,gneJ3,0.550869708646339,-1.38198527607996,450.0625,44,406.0625,2
7951,-gneE2,gneJ4,gneJ3,0.333979859868611,-2.27640978615448,426.235294117647,45,381.235294117647,2
8037,-gneE2,gneJ4,gneJ3,0.082622172239009,-3.06528048991881,407.333333333333,86,321.333333333333,2
8081,gneE1,gneJ2,gneJ3,1,1.23147674966301,44.0588235294118,44,0.058823529411797,1
8125,gneE1,gneJ2,gneJ3,1,1.23021571561509,44.0555555555556,44,0.0555555555556,1
8211,-gneE2,gneJ4,gneJ3,0.037221320669867,-3.84500548317844,390.421052631579,86,304.421052631579,2
8257,gneE1,gneJ2,gneJ3,1,1.27193204457814,44.1578947368421,46,-1.8421052631579,1
10492,-gneE2,gneJ4,gneJ3,0.990418769410801,-0.214320721964314,482.65,2235,-1752.35,2
10538,-gneE2,gneJ4,gneJ3,0.976749866244726,-1.11472282527393,461.857142857143,46,415.857142857143,2
10581,-gneE2,gneJ4,gneJ3,0.944539425496684,-2.0176175080906,442.818181818182,43,399.818181818182,2
10622,-gneE2,gneJ4,gneJ3,0.87340614745609,-2.92122580820304,425.347826086957,41,384.347826086957,2
10666,gneE1,gneJ2,gneJ3,1,1.26853453608437,44.15,44,0.149999999999999,1
10711,gneE1,gneJ2,gneJ3,1,1.28685350160161,44.1904761904762,45,-0.809523809523803,1
10754,gneE1,gneJ2,gneJ3,1,1.26110684866649,44.1363636363636,43,1.1363636363636,1
10798,gneE1,gneJ2,gneJ3,1,1.25815118364186,44.1304347826087,44,0.130434782608702,1
10841,-gneE2,gneJ4,gneJ3,0.738163331004867,-3.81619833008377,409.416666666667,43,366.416666666667,2
10885,-gneE2,gneJ4,gneJ3,0.536906016587584,-4.70474949523068,394.8,44,350.8,2
12742,-gneE2,gneJ4,gneJ3,0.909386929747339,-1.58758397975357,451.038461538462,1857,-1405.96153846154,2
12786,gneE1,gneJ2,gneJ3,1,1.25531832245206,44.125,44,0.125,1
12832,gneE1,gneJ2,gneJ3,1,1.29604230435251,44.2,46,-1.8,1
12877,gneE1,gneJ2,gneJ3,1,1.31343360870034,44.2307692307692,45,-0.769230769230802,1
12920,-gneE2,gneJ4,gneJ3,0.802946498987957,-2.48894336802885,435.925925925926,43,392.925925925926,2
12964,gneE1,gneJ2,gneJ3,1,1.3084084830722,44.2222222222222,44,0.2222222222222,1
13009,gneE1,gneJ2,gneJ3,1,1.32535763561457,44.25,45,-0.75,1
13053,-gneE2,gneJ4,gneJ3,0.624594501082281,-3.38466031402513,421.928571428571,44,377.928571428571,2
13095,-gneE2,gneJ4,gneJ3,0.40415759130514,-4.28192752050286,408.827586206897,42,366.827586206897,2
13141,-gneE2,gneJ4,gneJ3,0.218876702776868,-5.16598062082213,396.733333333333,46,350.733333333333,2
15859,-gneE2,gneJ4,gneJ3,0.980967577988562,-0.402779526430889,471.612903225806,2718,-2246.38709677419,2
15905,-gneE2,gneJ4,gneJ3,0.954469082953283,-1.30241132787641,458.3125,46,412.3125,2
15950,-gneE2,gneJ4,gneJ3,0.895079397789435,-2.20146645669158,445.787878787879,45,400.787878787879,2
15996,-gneE2,gneJ4,gneJ3,0.77724656341906,-3.09548285568867,434.029411764706,46,388.029411764706,2
16125,-gneE2,gneJ4,gneJ3,0.642671103298586,-3.792177736785,425.314285714286,129,296.314285714286,2
16168,gneE1,gneJ2,gneJ3,1,1.29805654357089,44.2068965517241,43,1.2068965517241,1
16214,gneE1,gneJ2,gneJ3,1,1.33721317007691,44.2666666666667,46,-1.7333333333333,1
16260,gneE1,gneJ2,gneJ3,1,1.37505887604489,44.3225806451613,46,-1.6774193548387,1
16304,gneE1,gneJ2,gneJ3,1,1.36800668986718,44.3125,44,0.3125,1
16348,gneE1,gneJ2,gneJ3,1,1.36116674458674,44.3030303030303,44,0.303030303030297,1
16394,gneE1,gneJ2,gneJ3,1,1.39830202310133,44.3529411764706,46,-1.6470588235294,1
16436,gneE1,gneJ2,gneJ3,1,1.34668911987552,44.2857142857143,42,2.2857142857143,1
16479,gneE1,gneJ2,gneJ3,1,1.3184405323049,44.25,43,1.25,1
16611,-gneE2,gneJ4,gneJ3,0.18496799014961,-4.47575744113977,417.166666666667,132,285.166666666667,2
18042,-gneE2,gneJ4,gneJ3,0.753326568485998,-2.25689915188207,444.567567567568,1431,-986.432432432432,2
18085,-gneE2,gneJ4,gneJ3,0.553670392873981,-3.15782081086824,434,43,391,2
18298,-gneE2,gneJ4,gneJ3,0.684549146930175,-3.6605445462768,428.333333333333,213,215.333333333333,2
18344,-gneE2,gneJ4,gneJ3,0.471182406451788,-4.55070035787014,418.775,46,372.775,2
18912,-gneE2,gneJ4,gneJ3,0.711994964254764,-4.20604997389878,422.414634146342,568,-145.585365853658,2
18957,-gneE2,gneJ4,gneJ3,0.50348463396775,-5.09720408585455,413.428571428571,45,368.428571428571,2
19128,-gneE2,gneJ4,gneJ3,0.524839683791602,-5.67787132280921,407.790697674419,171,236.790697674419,2
19172,gneE1,gneJ2,gneJ3,1,1.31294267036232,44.2432432432432,44,0.243243243243199,1
19215,gneE1,gneJ2,gneJ3,1,1.28556171798137,44.2105263157895,43,1.2105263157895,1
19260,gneE1,gneJ2,gneJ3,1,1.30295302232919,44.2307692307692,45,-0.769230769230802,1
19305,gneE1,gneJ2,gneJ3,1,1.31990217487157,44.25,45,-0.75,1
318,-gneE3,gneJ5,gneJ4,0.5,0.5,301,301,0,2
446,gneE2,gneJ3,gneJ4,0.683891151637765,0.5,128,128,0,2
532,gneE2,gneJ3,gneJ4,0.742307521734003,0.303738317757009,107,86,21,2
618,gneE2,gneJ3,gneJ4,0.788790068494576,0.163738317757009,100,86,14,2
661,-gneE3,gneJ5,gneJ4,0.320821300824607,-0.25,172,43,129,2
705,gneE2,gneJ3,gneJ4,0.696201725759815,-0.324633775266246,86,44,42,2
3335,-gneE3,gneJ5,gneJ4,0.653118445565819,1.13277511961722,557.333333333333,1328,-770.666666666667,2
3379,-gneE3,gneJ5,gneJ4,0.434218332897818,0.235339222181327,429,44,385,2
3423,-gneE3,gneJ5,gneJ4,0.242382648041043,-0.639660777818673,352,44,308,2
3592,-gneE3,gneJ5,gneJ4,0.415804189029665,-1.1139998135885,321.5,169,152.5,2
3721,gneE2,gneJ3,gneJ4,0.251869069525618,0.039002588370117,94.6,129,-34.4,2
3853,gneE2,gneJ3,gneJ4,0.723271461330716,0.348093497461026,100.833333333333,132,-31.166666666667,2
3899,gneE2,gneJ3,gneJ4,0.611915535682826,-0.157282846624995,93,46,47,2
3943,gneE2,gneJ3,gneJ4,0.490462674964165,-0.65080802648111,86.875,44,42.875,2
4029,gneE2,gneJ3,gneJ4,0.635408913641843,-0.659770894598908,86.7777777777778,86,0.7777777777778,2
5197,-gneE3,gneJ5,gneJ4,0.951674452884919,0.525974354961708,442.428571428571,1168,-725.571428571429,2
5242,-gneE3,gneJ5,gneJ4,0.890400580230475,-0.359448942301182,392.75,45,347.75,2
5371,gneE2,gneJ3,gneJ4,0.605046159465763,-0.24218847701649,91,129,-38,2
5415,gneE2,gneJ3,gneJ4,0.483474366230165,-0.73485095081104,86.7272727272727,44,42.7272727272727,2
5457,-gneE3,gneJ5,gneJ4,0.770927884289518,-1.24073034933636,353.777777777778,42,311.777777777778,2
5501,gneE2,gneJ3,gneJ4,0.368869785958002,-1.20579283457858,83.1666666666667,44,39.1666666666667,2
5545,-gneE3,gneJ5,gneJ4,0.586584908118159,-2.10442303830786,322.8,44,278.8,2
5717,gneE2,gneJ3,gneJ4,0.931358595985605,-0.294681723467464,90,172,-82,2
7658,-gneE3,gneJ5,gneJ4,0.975293073867919,1.02616314857549,469.909090909091,1941,-1471.09090909091,2
7701,-gneE3,gneJ5,gneJ4,0.941290856431537,0.125165450954611,434.333333333333,43,391.333333333333,2
7744,gneE2,gneJ3,gneJ4,0.891295095513597,-0.798391533854933,86.6428571428571,43,43.6428571428571,2
7883,gneE2,gneJ3,gneJ4,0.616122227242024,-0.256231770541323,90.1333333333333,139,-48.8666666666667,2
7929,gneE2,gneJ3,gneJ4,0.499896885859393,-0.72976538999769,87.375,46,41.375,2
7973,gneE2,gneJ3,gneJ4,0.381853498836178,-1.21104139554554,84.8235294117647,44,40.8235294117647,2
8016,-gneE3,gneJ5,gneJ4,0.867729571316102,-0.768459667979738,404.230769230769,43,361.230769230769,2
8146,gneE2,gneJ3,gneJ4,0.808908387167748,-0.722491777224929,87.3333333333333,130,-42.6666666666667,2
8189,-gneE3,gneJ5,gneJ4,0.73000725169126,-1.65483188391028,378.428571428571,43,335.428571428571,2
8279,gneE2,gneJ3,gneJ4,0.897896981127182,-0.693610910798936,87.4736842105263,90,-2.5263157894737,2
8321,-gneE3,gneJ5,gneJ4,0.528129490089841,-2.53685435582039,356,42,314,2
8366,-gneE3,gneJ5,gneJ4,0.320024683576365,-3.40314962044435,336.5625,45,291.5625,2
10296,-gneE3,gneJ5,gneJ4,0.959485275450449,0.08215454907035,430.294117647059,1930,-1499.70588235294,2
10342,-gneE3,gneJ5,gneJ4,0.906972434804738,-0.805360734179208,408.944444444444,46,362.944444444444,2
10386,-gneE3,gneJ5,gneJ4,0.800610266425885,-1.6924640427545,389.736842105263,44,345.736842105263,2
10428,-gneE3,gneJ5,gneJ4,0.623142947859191,-2.57966694325134,372.35,42,330.35,2
10473,-gneE3,gneJ5,gneJ4,0.408310169732797,-3.45353239973826,356.761904761905,45,311.761904761905,2
10515,gneE2,gneJ3,gneJ4,0.841179547481593,-1.20065316432006,85.2,42,43.2,2
10559,gneE2,gneJ3,gneJ4,0.767747348998583,-1.67204904532693,83.2380952380952,44,39.2380952380952,2
10601,gneE2,gneJ3,gneJ4,0.670806728680523,-2.15584792800849,81.3636363636364,42,39.3636363636364,2
10819,gneE2,gneJ3,gneJ4,0.803494674904292,-0.658835975817257,87.304347826087,218,-130.695652173913,2
10863,gneE2,gneJ3,gneJ4,0.715632817229933,-1.14421609277632,85.5,44,41.5,2
10905,gneE2,gneJ3,gneJ4,0.604519769827415,-1.64278342801987,83.76,42,41.76,2
12631,-gneE3,gneJ5,gneJ4,0.961112036022194,-0.334200657494822,419,1726,-1307,2
12675,-gneE3,gneJ5,gneJ4,0.910248250876255,-1.22493699953758,402.695652173913,44,358.695652173913,2
12720,-gneE3,gneJ5,gneJ4,0.807323453319745,-2.10889531048633,387.791666666667,45,342.791666666667,2
12898,gneE2,gneJ3,gneJ4,0.632341392819615,-0.605811597033959,87.3846153846154,178,-90.6153846153846,2
13031,gneE2,gneJ3,gneJ4,0.940300183992176,-0.112672303894666,89.0740740740741,133,-43.9259259259259,2
13074,gneE2,gneJ3,gneJ4,0.904538366317444,-0.620842238535189,87.4285714285714,43,44.4285714285714,2
13117,gneE2,gneJ3,gneJ4,0.851864800651062,-1.12024007073109,85.8965517241379,43,42.8965517241379,2
13165,gneE2,gneJ3,gneJ4,0.788591287248266,-1.55308764851762,84.6333333333334,48,36.6333333333334,2
13209,-gneE3,gneJ5,gneJ4,0.63421586566232,-2.99126083289035,374.04,44,330.04,2
13253,-gneE3,gneJ5,gneJ4,0.418754816166816,-3.86949393560456,361.346153846154,44,317.346153846154,2
13294,-gneE3,gneJ5,gneJ4,0.229600136026923,-4.75217727600303,349.481481481481,41,308.481481481481,2
15791,-gneE3,gneJ5,gneJ4,0.995482326383394,0.106869066073563,426.178571428572,2497,-2070.82142857143,2
15837,-gneE3,gneJ5,gneJ4,0.989084454375854,-0.781769384548359,413.068965517241,46,367.068965517241,2
15882,gneE2,gneJ3,gneJ4,0.701890296351513,-2.01322696740307,83.3548387096774,45,38.3548387096774,2
15928,gneE2,gneJ3,gneJ4,0.602528416359159,-2.45353114991258,82.1875,46,36.1875,2
15973,gneE2,gneJ3,gneJ4,0.492788392988909,-2.89839096299669,81.0606060606061,45,36.0606060606061,2
16019,gneE2,gneJ3,gneJ4,0.388395959282994,-3.32360228236457,80.0294117647059,46,34.0294117647059,2
16062,-gneE3,gneJ5,gneJ4,0.973760386313717,-1.67446610722345,400.733333333333,43,357.733333333333,2
16104,-gneE3,gneJ5,gneJ4,0.938301946834655,-2.56654170404043,389.161290322581,42,347.161290322581,2
16500,gneE2,gneJ3,gneJ4,0.991676862105817,0.122980970763437,89.0571428571429,396,-306.942857142857,2
16544,-gneE3,gneJ5,gneJ4,0.8627245743889,-3.45025495148014,378.375,44,334.375,2
16589,-gneE3,gneJ5,gneJ4,0.723181511540281,-4.32806290013479,368.272727272727,45,323.272727272727,2
16633,gneE2,gneJ3,gneJ4,0.98636605931821,-0.375911784693697,87.8055555555556,44,43.8055555555556,2
18021,-gneE3,gneJ5,gneJ4,0.753709773141085,-1.8429436327247,398.264705882353,1388,-989.735294117647,2
18064,gneE2,gneJ3,gneJ4,0.977643588176663,-0.879344993183085,86.5945945945946,43,43.5945945945946,2
18108,gneE2,gneJ3,gneJ4,0.964181337747894,-1.36456666805993,85.4736842105263,44,41.4736842105263,2
18151,-gneE3,gneJ5,gneJ4,0.557072393463791,-2.73215152436192,388.114285714286,43,345.114285714286,2
18278,-gneE3,gneJ5,gneJ4,0.393575268823728,-3.39869663412781,380.861111111111,127,253.861111111111,2
18322,gneE2,gneJ3,gneJ4,0.943431635534648,-1.84330299855811,84.4102564102564,44,40.4102564102564,2
18367,gneE2,gneJ3,gneJ4,0.913210491539327,-2.30389634587606,83.425,45,38.425,2
18802,-gneE3,gneJ5,gneJ4,0.47456656313368,-3.26091917053386,382.324324324324,435,-52.675675675676,2
18890,-gneE3,gneJ5,gneJ4,0.429551724893079,-4.02598872231129,374.578947368421,88,286.578947368421,2
18935,gneE2,gneJ3,gneJ4,0.869780098226304,-2.75836115959575,82.4878048780488,45,37.4878048780488,2
18980,gneE2,gneJ3,gneJ4,0.810078236912146,-3.20685838749187,81.5952380952381,45,36.5952380952381,2
19023,-gneE3,gneJ5,gneJ4,0.237539155048461,-4.90852707070381,366.076923076923,43,323.076923076923,2
19108,-gneE3,gneJ5,gneJ4,0.122880203401889,-5.67179124003956,359.05,85,274.05,2
19326,gneE2,gneJ3,gneJ4,0.825353872179771,-1.63511627500902,84.7674418604651,218,-133.232558139535,2
296,-gneE4,gneJ6,gneJ5,0.5,0.5,220,220,0,2
639,gneE3,gneJ4,gneJ5,0.813662001812725,0.5,343,343,0,2
726,gneE3,gneJ4,gneJ5,0.767862542581522,-0.095348837209302,215,87,128,2
3313,-gneE4,gneJ6,gneJ5,0.940159659911827,1.20764119601329,752.5,1285,-532.5,2
3357,gneE3,gneJ4,gneJ5,0.616510251902139,-0.816867824551074,158,44,114,2
3402,gneE3,gneJ4,gneJ5,0.455513665576478,-1.47004701530252,129.75,45,84.75,2
3444,gneE3,gneJ4,gneJ5,0.309152253498077,-2.09571546450038,112.2,42,70.2,2
3486,-gneE4,gneJ6,gneJ5,0.862453318027243,0.289089159814194,515.666666666667,42,473.666666666667,2
3570,-gneE4,gneJ6,gneJ5,0.424682248472938,-0.504902256494819,407.75,84,323.75,2
4049,gneE3,gneJ4,gneJ5,0.790539602832118,-0.332253926038842,173.333333333333,479,-305.666666666667,2
4089,-gneE4,gneJ6,gneJ5,0.234353044962935,-1.38521344739847,334.2,40,294.2,2
4742,-gneE4,gneJ6,gneJ5,0.290140153237192,-0.699327044644597,387.333333333333,653,-265.666666666667,2
4874,-gneE4,gneJ6,gneJ5,0.373472536327976,-1.32310554627326,350.857142857143,132,218.857142857143,2
5177,-gneE4,gneJ6,gneJ5,0.418282996174835,-1.44452635091262,344.875,303,41.875,2
5219,gneE3,gneJ4,gneJ5,0.645633451760709,-1.06053488722184,154.571428571429,42,112.571428571429,2
5435,gneE3,gneJ4,gneJ5,0.56512996902647,-0.729255996620912,162.25,216,-53.75,2
5523,gneE3,gneJ4,gneJ5,0.652343302627733,-1.15782742519234,154,88,66,2
5738,gneE3,gneJ4,gneJ5,0.851616348069677,-0.814916744367856,160.1,215,-54.9,2
7549,-gneE4,gneJ6,gneJ5,0.798283231540476,1.12199443683355,507.777777777778,1811,-1303.22222222222,2
7594,-gneE4,gneJ6,gneJ5,0.612554841172876,0.204459714611325,460.8,38,422.8,2
7637,-gneE4,gneJ6,gneJ5,0.386661555675973,-0.714971565009528,422,34,388,2
7680,gneE3,gneJ4,gneJ5,0.726329938100708,-1.58617056699783,148.636363636364,34,114.636363636364,2
7993,gneE3,gneJ4,gneJ5,0.834570298003757,-0.658039150160043,162.333333333333,313,-150.666666666667,2
8167,gneE3,gneJ4,gneJ5,0.922242761017584,-0.592063655343832,163.230769230769,174,-10.769230769231,2
8299,gneE3,gneJ4,gneJ5,0.955757468286553,-0.772187878946317,161,132,29,2
8344,gneE3,gneJ4,gneJ5,0.914230833838838,-1.47858196333083,153.266666666667,45,108.266666666667,2
8388,gneE3,gneJ4,gneJ5,0.841161138098558,-2.17811247976276,146.4375,44,102.4375,2
8432,-gneE4,gneJ6,gneJ5,0.206084449626407,-1.6022955086715,390.5,44,346.5,2
10187,-gneE4,gneJ6,gneJ5,0.936662182697903,0.939856331104932,495.461538461538,1755,-1259.53846153846,2
10230,-gneE4,gneJ6,gneJ5,0.856520247486422,0.032700254608942,463.142857142857,43,420.142857142857,2
10275,-gneE4,gneJ6,gneJ5,0.708904396608766,-0.863914847244328,435.266666666667,45,390.266666666667,2
10319,gneE3,gneJ4,gneJ5,0.727159219431189,-2.86474842446322,140.411764705882,44,96.411764705882,2
10364,gneE3,gneJ4,gneJ5,0.577694517756584,-3.5316892139369,135.111111111111,45,90.111111111111,2
10408,gneE3,gneJ4,gneJ5,0.413614662204328,-4.19404785690944,130.315789473684,44,86.315789473684,2
10451,gneE3,gneJ4,gneJ5,0.26744253761311,-4.85264253733818,125.95,43,82.95,2
10925,gneE3,gneJ4,gneJ5,0.898244284179954,-2.52688243042204,142.52380952381,474,-331.47619047619,2
10969,-gneE4,gneJ6,gneJ5,0.499293438072934,-1.75681002448455,410.8125,44,366.8125,2
11056,-gneE4,gneJ6,gneJ5,0.00599443809715,-2.53473795241248,391.764705882353,87,304.764705882353,2
12565,-gneE4,gneJ6,gneJ5,0.990033741514977,-0.209728771362168,453.833333333333,1509,-1055.16666666667,2
12611,-gneE4,gneJ6,gneJ5,0.975988655045151,-1.10333802273161,432.368421052632,46,386.368421052632,2
12653,gneE3,gneJ4,gneJ5,0.814922018845235,-3.22243432498547,137.954545454545,42,95.954545454545,2
12697,gneE3,gneJ4,gneJ5,0.692321132772904,-3.89375618273149,133.869565217391,44,89.869565217391,2
13187,gneE3,gneJ4,gneJ5,0.972542250161766,-1.5987155551047,148.708333333333,490,-341.291666666667,2
13231,gneE3,gneJ4,gneJ5,0.946430679126754,-2.29425942446535,144.52,44,100.52,2
13273,gneE3,gneJ4,gneJ5,0.897568026339311,-2.99549061461583,140.576923076923,42,98.576923076923,2
13317,gneE3,gneJ4,gneJ5,0.816326982319643,-3.67432273140415,137,44,93,2
13362,-gneE4,gneJ6,gneJ5,0.943421460979382,-1.99437918495922,413,45,368,2
15373,-gneE4,gneJ6,gneJ5,0.730017696386616,1.11729445928185,489.095238095238,2011,-1521.90476190476,2
15418,-gneE4,gneJ6,gneJ5,0.522654426021406,0.213261888517988,468.909090909091,45,423.909090909091,2
15505,-gneE4,gneJ6,gneJ5,0.354679371980945,-0.594389750432315,452.304347826087,87,365.304347826087,2
15636,-gneE4,gneJ6,gneJ5,0.447831750237159,-1.29592762778185,438.916666666667,131,307.916666666667,2
15770,-gneE4,gneJ6,gneJ5,0.544526030917136,-1.98190438068774,426.72,134,292.72,2
15814,gneE3,gneJ4,gneJ5,0.69440732662745,-4.34517498895157,133.678571428571,44,89.678571428571,2
16039,gneE3,gneJ4,gneJ5,0.353135069896548,-3.70076974701608,136.827586206897,225,-88.172413793103,2
16082,gneE3,gneJ4,gneJ5,0.216925929361582,-4.37915418979843,133.7,43,90.7,2
16520,gneE3,gneJ4,gneJ5,0.812287884642003,-2.32723240962311,143.516129032258,438,-294.483870967742,2
16567,gneE3,gneJ4,gneJ5,0.689860006439507,-2.99271283666938,140.5,47,93.5,2
16653,gneE3,gneJ4,gneJ5,0.750714162035992,-3.37333265334332,138.848484848485,86,52.848484848485,2
16694,-gneE4,gneJ6,gneJ5,0.326979045375058,-2.88236193975021,411.884615384615,41,370.884615384615,2
17999,-gneE4,gneJ6,gneJ5,0.548107319933274,-0.949533572844931,444.962962962963,1305,-860.037037037037,2
18129,gneE3,gneJ4,gneJ5,0.43107138114253,-3.43530209307167,138.588235294118,130,8.58823529411799,2
18172,gneE3,gneJ4,gneJ5,0.217979270071164,-4.43530209307167,135.857142857143,0,135.857142857143,2
18256,-gneE4,gneJ6,gneJ5,0.205443508042859,-1.75512127329129,432.071428571429,84,348.071428571429,2
18390,gneE3,gneJ4,gneJ5,0.525503625581061,-4.44859724545457,135.805555555556,134,1.805555555556,2
18780,-gneE4,gneJ6,gneJ5,0.68819715962427,-1.84945183062633,430.620689655173,390,40.620689655173,2
18825,gneE3,gneJ4,gneJ5,0.363445082362427,-5.11114284740026,133.351351351351,45,88.351351351351,2
18870,-gneE4,gneJ6,gneJ5,0.474876159222648,-2.74173619989147,417.766666666667,45,372.766666666667,2
19001,gneE3,gneJ4,gneJ5,0.492221761443898,-5.12831955026304,133.289473684211,131,2.289473684211,2
19047,gneE3,gneJ4,gneJ5,0.336237235631974,-5.77731191966237,131.051282051282,46,85.051282051282,2
19089,-gneE4,gneJ6,gneJ5,0.269523534238577,-3.63819743249584,405.645161290323,42,363.645161290323,2
19347,gneE3,gneJ4,gneJ5,0.694810246122211,-4.85516626870316,134.225,258,-123.775,2
231,-gneE5,gneJ7,gneJ6,0.5,0.5,135,135,0,2
275,-gneE5,gneJ7,gneJ6,0.375573394267825,-0.008379888268156,89.5,44,45.5,2
747,gneE4,gneJ5,gneJ6,0.679178699175393,0.5,472,472,0,2
790,-gneE5,gneJ7,gneJ6,0.283473049157371,-0.427298807187075,74,43,31,2
876,-gneE5,gneJ7,gneJ6,0.307801921688828,-0.310415690303958,77,86,-9,2
3204,-gneE5,gneJ7,gneJ6,0.946241174352791,2.35161732446581,230.2,843,-612.8,2
3247,-gneE5,gneJ7,gneJ6,0.889345201191402,1.56769772647586,199,43,156,2
3292,-gneE5,gneJ7,gneJ6,0.792211442403065,0.821935014611451,177,45,132,2
3464,gneE4,gneJ5,gneJ6,0.662358500014968,0.03416149068323,322,172,150,2
3508,gneE4,gneJ5,gneJ6,0.466471076554111,-0.773978044200491,229.333333333333,44,185.333333333333,2
3550,-gneE5,gneJ7,gneJ6,0.645794113352128,0.084230096578664,160.125,42,118.125,2
4068,gneE4,gneJ5,gneJ6,0.742326913334001,-0.055901758960027,301.5,518,-216.5,2
4111,gneE4,gneJ5,gneJ6,0.557306022336405,-0.883764048791892,249.8,43,206.8,2
4286,-gneE5,gneJ7,gneJ6,0.768876462669437,0.165960865809433,161.777777777778,175,-13.222222222222,2
4507,-gneE5,gneJ7,gneJ6,0.830820536857763,0.483790323173774,167.7,221,-53.3,2
4551,-gneE5,gneJ7,gneJ6,0.705304205861148,-0.234977834873872,156.454545454545,44,112.454545454545,2
4721,-gneE5,gneJ7,gneJ6,0.761604649968156,-0.156183546137754,157.583333333333,170,-12.416666666667,2
4765,gneE4,gneJ5,gneJ6,0.362255515674867,-1.67958771468516,215.5,44,171.5,2
4807,-gneE5,gneJ7,gneJ6,0.609202131144723,-0.873721052604386,148.692307692308,42,106.692307692308,2
4853,-gneE5,gneJ7,gneJ6,0.442598326613299,-1.54830417539367,141.357142857143,46,95.357142857143,2
4896,gneE4,gneJ5,gneJ6,0.20746261886023,-2.45428831348756,190.857142857143,43,147.857142857143,2
5156,-gneE5,gneJ7,gneJ6,0.426327468642038,-0.806455135643786,149.266666666667,260,-110.733333333333,2
5758,gneE4,gneJ5,gneJ6,0.756791897288682,-0.969252193776516,242.25,602,-359.75,2
5933,-gneE5,gneJ7,gneJ6,0.048333898946153,-0.646554555693496,150.875,175,-24.125,2
7441,-gneE5,gneJ7,gneJ6,0.98822394466078,3.7738743382117,208.470588235294,1130,-921.529411764706,2
7484,-gneE5,gneJ7,gneJ6,0.97355450265783,2.94990116134665,198.833333333333,35,163.833333333333,2
7529,-gneE5,gneJ7,gneJ6,0.944893005577604,2.18582831366453,190.736842105263,45,145.736842105263,2
7572,gneE4,gneJ5,gneJ6,0.572080166175055,-1.81407977998341,219.111111111111,34,185.111111111111,2
7615,gneE4,gneJ5,gneJ6,0.367009376376057,-2.64949125130511,200.5,33,167.5,2
8409,gneE4,gneJ5,gneJ6,0.938480029060691,-0.678249897100522,249.727272727273,742,-492.272727272727,2
8453,gneE4,gneJ5,gneJ6,0.871476734795897,-1.48907039154696,232.583333333333,44,188.583333333333,2
8495,-gneE5,gneJ7,gneJ6,0.888045219508853,1.41496088322263,183.3,42,141.3,2
8541,-gneE5,gneJ7,gneJ6,0.791033222807439,0.675197952188149,176.761904761905,46,130.761904761905,2
8586,-gneE5,gneJ7,gneJ6,0.644436585004189,-0.061293929632452,170.772727272727,45,125.772727272727,2
9988,-gneE5,gneJ7,gneJ6,0.991427928560483,5.18914220140069,224.304347826087,1402,-1177.69565217391,2
10031,-gneE5,gneJ7,gneJ6,0.981090904687687,4.38752743784821,216.75,43,173.75,2
10076,-gneE5,gneJ7,gneJ6,0.959434664139977,3.60193567112437,209.88,45,164.88,2
10121,-gneE5,gneJ7,gneJ6,0.915639137247,2.82302410649852,203.538461538462,45,158.538461538462,2
10166,-gneE5,gneJ7,gneJ6,0.833713101027367,2.0506800930078,197.666666666667,45,152.666666666667,2
10209,gneE4,gneJ5,gneJ6,0.75237641042783,-2.29182268512494,218,43,175,2
10252,gneE4,gneJ5,gneJ6,0.579463811678846,-3.08257694303248,205.5,43,162.5,2
10946,gneE4,gneJ5,gneJ6,0.907719727513041,-1.16742712505432,238.066666666667,694,-455.933333333333,2
10992,gneE4,gneJ5,gneJ6,0.816016549381067,-1.96394357515109,226.0625,46,180.0625,2
11035,-gneE5,gneJ7,gneJ6,0.697615046999226,1.27447191456913,192.142857142857,43,149.142857142857,2
11081,gneE4,gneJ5,gneJ6,0.668869194737233,-2.75045736166488,215.470588235294,46,169.470588235294,2
11205,-gneE5,gneJ7,gneJ6,0.473619116859132,0.927814937824948,189.793103448276,124,65.793103448276,2
11548,-gneE5,gneJ7,gneJ6,0.912002965099938,1.68769179775312,194.9,343,-148.1,2
11977,-gneE5,gneJ7,gneJ6,0.978012047869914,2.80671665434967,202.451612903226,429,-226.548387096774,2
12021,-gneE5,gneJ7,gneJ6,0.953372363246956,2.02950146447626,197.5,44,153.5,2
12066,-gneE5,gneJ7,gneJ6,0.904747037704054,1.26280861294444,192.878787878788,45,147.878787878788,2
12107,-gneE5,gneJ7,gneJ6,0.81286393579783,0.480417104983156,188.411764705882,41,147.411764705882,2
12152,-gneE5,gneJ7,gneJ6,0.671036330267752,-0.275434700938407,184.314285714286,45,139.314285714286,2
12196,-gneE5,gneJ7,gneJ6,0.489190651522313,-1.03155479331716,180.416666666667,44,136.416666666667,2
12415,-gneE5,gneJ7,gneJ6,0.553877524992766,-0.824673649438697,181.459459459459,219,-37.540540540541,2
12500,-gneE5,gneJ7,gneJ6,0.525161715369431,-1.34960378622352,178.921052631579,85,93.921052631579,2
12545,-gneE5,gneJ7,gneJ6,0.344605048426091,-2.09317479732814,175.487179487179,45,130.487179487179,2
12588,gneE4,gneJ5,gneJ6,0.4779956100538,-3.54160684898274,205.888888888889,43,162.888888888889,2
13340,gneE4,gneJ5,gneJ6,0.968188381781049,-1.3365821742407,234.631578947368,752,-517.368421052632,2
13384,gneE4,gneJ5,gneJ6,0.931570240485382,-2.1411134936543,225.1,44,181.1,2
15351,-gneE5,gneJ7,gneJ6,0.999329424050966,5.83657210994686,220.275,1967,-1746.725,2
15395,gneE4,gneJ5,gneJ6,0.859883101938676,-2.93785788432741,216.47619047619,44,172.47619047619,2
15441,gneE4,gneJ5,gneJ6,0.737826589593249,-3.71747460906609,208.727272727273,46,162.727272727273,2
15485,-gneE5,gneJ7,gneJ6,0.998514369817516,5.04029881802139,215.975609756098,44,171.975609756098,2
15527,gneE4,gneJ5,gneJ6,0.560492697504033,-4.50901539456458,201.478260869565,42,159.478260869565,2
15570,-gneE5,gneJ7,gneJ6,0.996709423356475,4.24326577688856,211.857142857143,43,168.857142857143,2
15615,-gneE5,gneJ7,gneJ6,0.992823683081567,3.45963612241019,207.976744186046,45,162.976744186046,2
15658,gneE4,gneJ5,gneJ6,0.369075761004736,-5.28836112900974,194.875,43,151.875,2
15703,-gneE5,gneJ7,gneJ6,0.984481168164283,2.67992984737682,204.272727272727,45,159.272727272727,2
15749,-gneE5,gneJ7,gneJ6,0.967047959595254,1.90906422860329,200.755555555556,46,154.755555555556,2
16673,gneE4,gneJ5,gneJ6,0.896966588620468,-2.16409760463909,224.04,924,-699.96,2
16717,gneE4,gneJ5,gneJ6,0.796833921823558,-2.96144038586141,217.115384615385,44,173.115384615385,2
16758,-gneE5,gneJ7,gneJ6,0.930021431437086,1.11688792006335,197.282608695652,41,156.282608695652,2
16803,-gneE5,gneJ7,gneJ6,0.860437264893833,0.34879581480019,194.042553191489,45,149.042553191489,2
16846,-gneE5,gneJ7,gneJ6,0.739655778827862,-0.42595044734103,190.895833333333,43,147.895833333333,2
17367,-gneE5,gneJ7,gneJ6,0.817506655352037,1.21025360057306,197.632653061224,521,-323.367346938776,2
17410,-gneE5,gneJ7,gneJ6,0.672734630393696,0.431287835177764,194.54,43,151.54,2
17454,-gneE5,gneJ7,gneJ6,0.487562258738833,-0.339052969243482,191.588235294118,44,147.588235294118,2
17977,-gneE5,gneJ7,gneJ6,0.7940640170409,1.30287436706893,197.961538461538,523,-325.038461538462,2
18193,gneE4,gneJ5,gneJ6,0.441707080204817,-2.9663883469602,217.074074074074,216,1.07407407407399,2
18236,-gneE5,gneJ7,gneJ6,0.638779069063368,0.523344522820118,195.037735849057,43,152.037735849057,2
18410,gneE4,gneJ5,gneJ6,0.559614849136388,-3.1590975433148,215.535714285714,174,41.535714285714,2
18451,-gneE5,gneJ7,gneJ6,0.446061900119246,-0.263319574308423,192.185185185185,41,151.185185185185,2
18628,-gneE5,gneJ7,gneJ6,0.693442362294103,-0.341007873692602,191.909090909091,177,14.909090909091,2
18673,-gneE5,gneJ7,gneJ6,0.513496267059427,-1.103272024636,189.285714285714,45,144.285714285714,2
18759,-gneE5,gneJ7,gneJ6,0.388456313616935,-1.64454097466407,187.473684210526,86,101.473684210526,2
18847,gneE4,gneJ5,gneJ6,0.381924135537783,-3.74230838767214,211.137931034483,88,123.137931034483,2
19066,gneE4,gneJ5,gneJ6,0.768910498356206,-3.70635758350941,211.4,219,-7.59999999999999,2
19367,gneE4,gneJ5,gneJ6,0.914516342124057,-3.30172112407843,214.290322580645,301,-86.709677419355,2
19410,-gneE5,gneJ7,gneJ6,0.227698684550698,-2.41208687828976,184.98275862069,43,141.98275862069,2
19845,-gneE5,gneJ7,gneJ6,0.765957950289108,-1.11317967656995,189.220338983051,435,-245.779661016949,2
19889,-gneE5,gneJ7,gneJ6,0.603763787798897,-1.87763363802605,186.8,44,142.8,2
19932,-gneE5,gneJ7,gneJ6,0.414427329309213,-2.64449880556671,184.44262295082,43,141.44262295082,2
211,-gneE10,gneJ14,gneJ7,0.5,0.5,95,95,0,2
253,gneE5,gneJ6,gneJ7,0.5,0.5,42,42,0,2
769,gneE5,gneJ6,gneJ7,0.685200976665316,1.27777777777778,189,336,-147,2
812,gneE5,gneJ6,gneJ7,0.521035346208239,0.584191079440486,140.333333333333,43,97.333333333333,2
854,-gneE10,gneJ14,gneJ7,0.404473103275345,0.113138686131387,68.5,42,26.5,2
898,gneE5,gneJ6,gneJ7,0.368812566127632,-0.037314296903601,116.25,44,72.25,2
941,-gneE10,gneJ14,gneJ7,0.338453257402399,-0.170194647201946,60,43,17,2
3182,-gneE10,gneJ14,gneJ7,0.8794623725911,2.09660779678991,245.5,802,-556.5,2
3226,gneE5,gneJ6,gneJ7,0.248786601374786,-0.605094257610869,101.8,44,57.8,2
3269,gneE5,gneJ6,gneJ7,0.114383365881713,-1.54672849885601,85.6666666666667,5,80.6666666666667,2
3528,gneE5,gneJ6,gneJ7,0.379796950278686,-0.201320995621853,110.428571428571,259,-148.571428571429,2
4132,gneE5,gneJ6,gneJ7,0.975706906693844,2.30775670953428,172.125,604,-431.875,2
4176,-gneE10,gneJ14,gneJ7,0.768840176475648,1.31103274805696,205.2,44,161.2,2
4220,-gneE10,gneJ14,gneJ7,0.610283187798056,0.55776172001958,178.333333333333,44,134.333333333333,2
4265,-gneE10,gneJ14,gneJ7,0.433156035117648,-0.159727069218088,159.285714285714,45,114.285714285714,2
4308,gneE5,gneJ6,gneJ7,0.950991220177906,1.58029192080189,157.777777777778,43,114.777777777778,2
4486,-gneE10,gneJ14,gneJ7,0.666346630692551,-0.058412297369674,161.625,178,-16.375,2
4529,gneE5,gneJ6,gneJ7,0.90546016276499,0.874208530507972,146.3,43,103.3,2
4573,gneE5,gneJ6,gneJ7,0.829288040474684,0.195376413719651,137,44,93,2
4616,-gneE10,gneJ14,gneJ7,0.49534464020687,-0.768741638687039,148.444444444444,43,105.444444444444,2
4701,-gneE10,gneJ14,gneJ7,0.467709861652667,-1.17057133608324,142.1,85,57.1,2
4785,gneE5,gneJ6,gneJ7,0.629078886048603,-0.171059789925855,132.583333333333,84,48.583333333333,2
4831,gneE5,gneJ6,gneJ7,0.473417497148047,-0.805757407519013,125.923076923077,46,79.923076923077,2
4916,gneE5,gneJ6,gneJ7,0.55191350305632,-1.11470049694991,123,85,38,2
5089,-gneE10,gneJ14,gneJ7,0.642783590602212,-0.976719391290265,144.909090909091,173,-28.090909090909,2
5134,-gneE10,gneJ14,gneJ7,0.479245808575755,-1.64725020276067,136.583333333333,45,91.583333333333,2
5780,gneE5,gneJ6,gneJ7,0.968381589893347,1.9773603138609,157.866666666667,646,-488.133333333333,2
5865,-gneE10,gneJ14,gneJ7,0.526214953339185,-2.00629892665859,132.615384615385,85,47.615384615385,2
5912,-gneE10,gneJ14,gneJ7,0.372033610763388,-2.6347574246823,126.5,47,79.5,2
5955,gneE5,gneJ6,gneJ7,0.93745282925179,1.26271908615456,150.6875,43,107.6875,2
6577,-gneE10,gneJ14,gneJ7,0.595151407527599,-1.81838025346642,134.333333333333,244,-109.666666666667,2
6621,-gneE10,gneJ14,gneJ7,0.432223813681515,-2.4764667031993,128.6875,44,84.6875,2
6665,-gneE10,gneJ14,gneJ7,0.2855488713609,-3.12078434466388,123.705882352941,44,79.705882352941,2
6708,-gneE10,gneJ14,gneJ7,0.174159460072531,-3.76011332882045,119.222222222222,43,76.222222222222,2
7421,-gneE10,gneJ14,gneJ7,0.252253148990526,-4.09374642234563,117.052631578947,78,39.052631578947,2
7462,gneE5,gneJ6,gneJ7,0.873998755948584,0.492260821015441,143.764705882353,33,110.764705882353,2
7507,gneE5,gneJ6,gneJ7,0.766905905419836,-0.253604447237887,137.722222222222,35,102.722222222222,2
8473,gneE5,gneJ6,gneJ7,0.991369028905336,3.14143431245204,169.736842105263,746,-576.263157894737,2
8518,gneE5,gneJ6,gneJ7,0.982345618066787,2.4166636702502,163.5,45,118.5,2
8563,gneE5,gneJ6,gneJ7,0.964566704211152,1.70173154355337,157.857142857143,45,112.857142857143,2
8608,gneE5,gneJ6,gneJ7,0.930775928212884,0.996374400696226,152.727272727273,45,107.727272727273,2
9007,-gneE10,gneJ14,gneJ7,0.49136664548492,-2.05142846580731,131.15,399,-267.85,2
9051,-gneE10,gneJ14,gneJ7,0.33446028772312,-2.70497177289392,127,44,83,2
9836,-gneE10,gneJ14,gneJ7,0.97352013883862,1.29792509848499,156.909090909091,785,-628.090909090909,2
9881,-gneE10,gneJ14,gneJ7,0.947871246811416,0.593893071032885,152.04347826087,45,107.04347826087,2
9924,-gneE10,gneJ14,gneJ7,0.89953128249672,-0.114581505238302,147.5,43,104.5,2
9966,-gneE10,gneJ14,gneJ7,0.815350665557073,-0.821449176930094,143.28,42,101.28,2
10010,gneE5,gneJ6,gneJ7,0.86943441178638,0.293671697993523,148,44,104,2
10053,gneE5,gneJ6,gneJ7,0.767697965028207,-0.40693752741988,143.625,43,100.625,2
10098,gneE5,gneJ6,gneJ7,0.626568362242029,-1.08477257896627,139.68,45,94.68,2
10143,gneE5,gneJ6,gneJ7,0.462150479969647,-1.75398377489502,136.038461538462,45,91.038461538462,2
11013,gneE5,gneJ6,gneJ7,0.987041790048892,2.5761727941996,163.222222222222,870,-706.777777777778,2
11101,gneE5,gneJ6,gneJ7,0.990613717697001,2.12433742156333,160.535714285714,88,72.535714285714,2
11142,-gneE10,gneJ14,gneJ7,0.68554885607855,-1.52721787690249,139.346153846154,41,98.346153846154,2
11184,-gneE10,gneJ14,gneJ7,0.522186525771726,-2.21780450718899,135.740740740741,42,93.740740740741,2
11228,gneE5,gneJ6,gneJ7,0.980926443255873,1.40545661081207,156.51724137931,44,112.51724137931,2
11441,-gneE10,gneJ14,gneJ7,0.590159321384043,-1.67989837000487,138.5,213,-74.5,2
11484,-gneE10,gneJ14,gneJ7,0.421322965593492,-2.36186725549327,135.206896551724,43,92.206896551724,2
11527,-gneE10,gneJ14,gneJ7,0.270533800990305,-3.03643839575563,132.133333333333,43,89.133333333333,2
11570,gneE5,gneJ6,gneJ7,0.96164391367751,0.686993057778459,152.733333333333,43,109.733333333333,2
11957,-gneE10,gneJ14,gneJ7,0.698352013671521,-1.27914122269196,140.354838709677,387,-246.645161290323,2
11999,gneE5,gneJ6,gneJ7,0.924373216510288,-0.031432547757874,149.161290322581,42,107.161290322581,2
12043,gneE5,gneJ6,gneJ7,0.858748427649557,-0.729804441502518,145.875,44,101.875,2
12086,gneE5,gneJ6,gneJ7,0.751409431508199,-1.42859450730596,142.757575757576,43,99.757575757576,2
12128,gneE5,gneJ6,gneJ7,0.600268809032105,-2.12815268109093,139.794117647059,42,97.794117647059,2
12174,gneE5,gneJ6,gneJ7,0.435873078182975,-2.792666121391,137.114285714286,46,91.114285714286,2
12218,gneE5,gneJ6,gneJ7,0.282750642645246,-3.46559612345583,134.527777777778,44,90.527777777778,2
12261,-gneE10,gneJ14,gneJ7,0.538080331346635,-1.96598692137198,137.3125,43,94.3125,2
12305,-gneE10,gneJ14,gneJ7,0.372803426478429,-2.6388125184878,134.484848484849,44,90.484848484849,2
12394,-gneE10,gneJ14,gneJ7,0.309247576598158,-2.97037867709173,133.147058823529,89,44.147058823529,2
12436,gneE5,gneJ6,gneJ7,0.166208341941909,-4.14747943973014,132.027027027027,42,90.027027027027,2
12478,-gneE10,gneJ14,gneJ7,0.185139720493217,-3.64864525621189,130.542857142857,42,88.542857142857,2
12522,gneE5,gneJ6,gneJ7,0.093339506580198,-4.80826256003852,129.710526315789,44,85.710526315789,2
13406,gneE5,gneJ6,gneJ7,0.892540828504236,0.122582098485477,149.051282051282,884,-734.948717948718,2
13449,-gneE10,gneJ14,gneJ7,0.104681254260361,-4.31299911570885,128.111111111111,43,85.111111111111,2
13581,-gneE10,gneJ14,gneJ7,0.20861027947742,-4.28348815449469,128.216216216216,132,-3.783783783784,2
14281,-gneE10,gneJ14,gneJ7,0.962453167059901,-0.397375002400641,143.263157894737,700,-556.736842105263,2
14326,-gneE10,gneJ14,gneJ7,0.928483654536966,-1.07764463257007,140.74358974359,45,95.74358974359,2
14368,-gneE10,gneJ14,gneJ7,0.866153588505487,-1.77390209053427,138.275,42,96.275,2
14456,-gneE10,gneJ14,gneJ7,0.509017064331702,-2.13179495403312,137.048780487805,88,49.048780487805,2
14500,-gneE10,gneJ14,gneJ7,0.345789483244753,-2.80546615304424,134.833333333333,44,90.833333333333,2
14546,-gneE10,gneJ14,gneJ7,0.215661854032078,-3.45899566784543,132.767441860465,46,86.767441860465,2
15330,-gneE10,gneJ14,gneJ7,0.912516460571248,0.853802730429634,147.568181818182,784,-636.431818181818,2
15461,gneE5,gneJ6,gneJ7,0.447910050762988,0.004143336708896,148.6,131,17.6,2
15548,gneE5,gneJ6,gneJ7,0.547351992085672,-0.404412458349967,147.09756097561,87,60.09756097561,2
15594,gneE5,gneJ6,gneJ7,0.379398354855051,-1.08649243202119,144.690476190476,46,98.690476190476,2
15680,gneE5,gneJ6,gneJ7,0.452510490987697,-1.48645998029313,143.325581395349,86,57.325581395349,2
15726,gneE5,gneJ6,gneJ7,0.296388777238055,-2.16048156186826,141.113636363636,46,95.113636363636,2
16737,gneE5,gneJ6,gneJ7,0.997583768226692,3.14076497552786,160.444444444444,1011,-850.555555555556,2
16781,gneE5,gneJ6,gneJ7,0.995041895226916,2.41939933676134,157.913043478261,44,113.913043478261,2
16825,gneE5,gneJ6,gneJ7,0.989896703442981,1.70237689560096,155.489361702128,44,111.489361702128,2
16867,gneE5,gneJ6,gneJ7,0.979346982077384,0.976662609886679,153.125,42,111.125,2
16912,-gneE10,gneJ14,gneJ7,0.839496049521118,0.163530475917551,145.288888888889,45,100.288888888889,2
16957,-gneE10,gneJ14,gneJ7,0.724906076208464,-0.522023223003913,143.108695652174,45,98.108695652174,2
17042,-gneE10,gneJ14,gneJ7,0.675262729235403,-0.922893049038706,141.872340425532,85,56.872340425532,2
17086,-gneE10,gneJ14,gneJ7,0.511684296350902,-1.60823273914598,139.833333333333,44,95.833333333333,2
17129,-gneE10,gneJ14,gneJ7,0.344944324785579,-2.29631564070038,137.857142857143,43,94.857142857143,2
17172,-gneE10,gneJ14,gneJ7,0.209976393403483,-2.98004614967361,135.96,43,92.96,2
17261,-gneE10,gneJ14,gneJ7,0.32179059676473,-3.32097834075826,135.039215686275,89,46.039215686275,2
17346,-gneE10,gneJ14,gneJ7,0.399725303227119,-3.68701391161311,134.076923076923,85,49.076923076923,2
17389,gneE5,gneJ6,gneJ7,0.958672598901034,0.261661933571245,150.877551020408,43,107.877551020408,2
17433,gneE5,gneJ6,gneJ7,0.919815441180059,-0.442519860162787,148.74,44,104.74,2
17477,gneE5,gneJ6,gneJ7,0.850661911248352,-1.14255996175348,146.686274509804,44,102.686274509804,2
17955,-gneE10,gneJ14,gneJ7,0.92645351199281,-1.28647699886143,140.566037735849,478,-337.433962264151,2
18214,gneE5,gneJ6,gneJ7,0.633445160729238,-0.40250828216692,148.846153846154,259,-110.153846153846,2
18430,gneE5,gneJ6,gneJ7,0.769982488630271,-0.546908943155861,148.433962264151,127,21.433962264151,2
18473,gneE5,gneJ6,gneJ7,0.622873974946293,-1.25335647792198,146.481481481482,43,103.481481481482,2
18519,-gneE10,gneJ14,gneJ7,0.865858107336452,-1.95510026460316,138.814814814815,46,92.814814814815,2
18562,-gneE10,gneJ14,gneJ7,0.76468248924424,-2.64139818209885,137.072727272727,43,94.072727272727,2
18606,-gneE10,gneJ14,gneJ7,0.623272650412276,-3.3164608222149,135.410714285714,44,91.410714285714,2
18651,gneE5,gneJ6,gneJ7,0.453358466596795,-1.94223139935504,144.636363636364,45,99.636363636364,2
18694,gneE5,gneJ6,gneJ7,0.291928770946075,-2.64115613053784,142.821428571429,43,99.821428571429,2
18738,-gneE10,gneJ14,gneJ7,0.45817152317633,-3.98762904038718,133.80701754386,44,89.80701754386,2
19388,gneE5,gneJ6,gneJ7,0.986363418521088,0.643071436529693,151.719298245614,650,-498.280701754386,2
19431,gneE5,gneJ6,gneJ7,0.972568069733285,-0.069965037984172,149.844827586207,43,106.844827586207,2
19736,-gneE10,gneJ14,gneJ7,0.891631493937351,-2.75742228294895,136.758620689655,305,-168.241379310345,2
19778,-gneE10,gneJ14,gneJ7,0.805067908243761,-3.44666231304677,135.152542372881,42,93.152542372881,2
19824,-gneE10,gneJ14,gneJ7,0.681877833640797,-4.10252266217396,133.666666666667,46,87.666666666667,2
19867,gneE5,gneJ6,gneJ7,0.94576698691455,-0.779491028366585,148.033898305085,43,105.033898305085,2
19910,gneE5,gneJ6,gneJ7,0.895916756057347,-1.48554093152256,146.283333333333,43,103.283333333333,2
19954,gneE5,gneJ6,gneJ7,0.81106273734807,-2.18126703967356,144.606557377049,44,100.606557377049,2
19995,-gneE10,gneJ14,gneJ7,0.518160584027652,-4.79226338913091,132.147540983607,41,91.147540983607,2
