robot,time,edge,probability (reward_coeff),expect,true,no.of neighbours
bot_0,79,-gneE1,0.512167339846385,,,2
bot_0,397,-gneE1,0.510113423792339,,,2
bot_0,440,-gneE1,0.522335043162204,,,2
bot_0,751,-gneE1,0.519647304167577,,,2
bot_0,1105,-gneE1,0.515938659512054,,,2
bot_0,1458,-gneE1,0.511194423939158,,,2
bot_0,1812,-gneE1,0.505245122566647,,,2
bot_0,2167,-gneE1,0.498387242421177,,,2
bot_0,2519,-gneE1,0.490624419954223,,,2
bot_0,2876,-gneE1,0.482007379629655,,,2
bot_0,3229,-gneE1,0.472541050932824,,,2
bot_0,3269,-gneE1,0.472846174851973,,,2
bot_0,3589,-gneE1,0.462869340114818,,,2
bot_0,3629,-gneE1,0.465803520517466,,,2
bot_0,3942,-gneE1,0.454820313212822,,,2
bot_0,3984,-gneE1,0.462208695903423,,,2
bot_0,4305,-gneE1,0.450554045966184,,,2
bot_0,4348,-gneE1,0.461226928278332,,,2
bot_0,4681,-gneE1,0.449614669738547,,,2
bot_0,4726,-gneE1,0.460334377690706,,,2
bot_0,5069,-gneE1,0.448884187714168,,,2
bot_0,5111,-gneE1,0.459479643546994,,,2
bot_0,5448,-gneE1,0.448070485067359,,,2
bot_0,5494,-gneE1,0.458467721328654,,,2
bot_0,5836,-gneE1,0.447173856841867,,,2
bot_0,5879,-gneE1,0.457489955385947,,,2
bot_0,6219,-gneE1,0.446281352898605,,,2
bot_0,6265,-gneE1,0.456536174076317,,,2
bot_0,6605,-gneE1,0.445461372656454,,,2
bot_0,6645,-gneE1,0.455864714923037,,,2
bot_0,6985,-gneE1,0.44486452308435,,,2
bot_0,7028,-gneE1,0.455116059477672,,,2
bot_0,7371,-gneE1,0.444148624490489,,,2
bot_0,7413,-gneE1,0.454065826520527,,,2
bot_0,7753,-gneE1,0.443133762945696,,,2
bot_0,7799,-gneE1,0.453151083141593,,,2
bot_0,8140,-gneE1,0.442275151981779,,,2
bot_0,8182,-gneE1,0.452329683958539,,,2
bot_0,8520,-gneE1,0.441512791091261,,,2
bot_0,8562,-gneE1,0.451491869697545,,,2
bot_0,8900,-gneE1,0.440755817819912,,,2
bot_0,8942,-gneE1,0.450582890596217,,,2
bot_0,9278,-gneE1,0.439868134360935,,,2
bot_0,9324,-gneE1,0.449579367965339,,,2
bot_0,9659,-gneE1,0.43893839493336,,,2
bot_0,9701,-gneE1,0.448934567406395,,,2
bot_0,10039,-gneE1,0.438338831309041,,,2
bot_0,10084,-gneE1,0.448089402309878,,,2
bot_0,10423,-gneE1,0.437533989877266,,,2
bot_0,10467,-gneE1,0.447220176101946,,,2
bot_0,10802,-gneE1,0.436708685295228,,,2
bot_0,10845,-gneE1,0.446331690749252,,,2
bot_0,11186,-gneE1,0.435856270411389,,,2
bot_0,11226,-gneE1,0.445674668962629,,,2
bot_0,11571,-gneE1,0.435236484645396,,,2
bot_0,11615,-gneE1,0.444663279286648,,,2
bot_0,11953,-gneE1,0.434263161239887,,,2
bot_0,11996,-gneE1,0.443931114965707,,,2
bot_0,12331,-gneE1,0.433539933318667,,,2
bot_0,12376,-gneE1,0.443066392719687,,,2
bot_0,12711,-gneE1,0.432707405801066,,,2
bot_0,12756,-gneE1,0.442203389990802,,,2
bot_0,13093,-gneE1,0.431875596346649,,,2
bot_0,13135,-gneE1,0.441552318945283,,,2
bot_0,13474,-gneE1,0.431256259044644,,,2
bot_0,13517,-gneE1,0.440643191146645,,,2
bot_0,13845,-gneE1,0.430354128032713,,,2
bot_0,13889,-gneE1,0.439839146388492,,,2
bot_0,14229,-gneE1,0.429627301995678,,,2
bot_0,14273,-gneE1,0.438879297748402,,,2
bot_0,14617,-gneE1,0.428666706315947,,,2
bot_0,14659,-gneE1,0.438086412120724,,,2
bot_0,14995,-gneE1,0.427906610551402,,,2
bot_0,15036,-gneE1,0.437393830123546,,,2
bot_0,15379,-gneE1,0.427264310457466,,,2
bot_0,15421,-gneE1,0.436669382353676,,,2
bot_0,15761,-gneE1,0.426566846316491,,,2
bot_0,15802,-gneE1,0.435827901946337,,,2
bot_0,16139,-gneE1,0.42575265081087,,,2
bot_0,16184,-gneE1,0.435015422178884,,,2
bot_0,16519,-gneE1,0.424935927684416,,,2
bot_0,16564,-gneE1,0.434260514100238,,,2
bot_0,16897,-gneE1,0.424205589585968,,,2
bot_0,16942,-gneE1,0.433519807728274,,,2
bot_0,17277,-gneE1,0.423486660416163,,,2
bot_0,17321,-gneE1,0.432555174262943,,,2
bot_0,17665,-gneE1,0.422566728541691,,,2
bot_0,17709,-gneE1,0.43174422837615,,,2
bot_0,18046,-gneE1,0.421781878628488,,,2
bot_0,18089,-gneE1,0.431033855145642,,,2
bot_0,18430,-gneE1,0.421064469272212,,,2
bot_0,18475,-gneE1,0.430190445128652,,,2
bot_0,18814,-gneE1,0.420241946906295,,,2
bot_0,18861,-gneE1,0.429476122779602,,,2
bot_0,19197,-gneE1,0.419548504541952,,,2
bot_0,19244,-gneE1,0.428559077065366,,,2
bot_0,19582,-gneE1,0.418624025314974,,,2
bot_0,19625,-gneE1,0.427777310303121,,,2
bot_0,19967,-gneE1,0.417914257048103,,,2
bot_0,299,-gneE10,0.494627611061189,,,2
bot_0,538,-gneE10,0.497819744662123,,,2
bot_0,655,-gneE10,0.491253354477631,,,2
bot_0,888,-gneE10,0.495384212802642,,,2
bot_0,1004,-gneE10,0.486049940840773,,,2
bot_0,1239,-gneE10,0.491810302548973,,,2
bot_0,1360,-gneE10,0.479955590654827,,,2
bot_0,1595,-gneE10,0.487030375425126,,,2
bot_0,1948,-gneE10,0.495312129066227,,,2
bot_0,2305,-gneE10,0.50478944401729,,,2
bot_0,2420,-gneE10,0.504039378082837,,,2
bot_0,2662,-gneE10,0.514764572039813,,,2
bot_0,2781,-gneE10,0.511712605496577,,,2
bot_0,3015,-gneE10,0.523368854866224,,,2
bot_0,3131,-gneE10,0.518192297649047,,,2
bot_0,3368,-gneE10,0.52719134219272,,,2
bot_0,3488,-gneE10,0.520097920481602,,,2
bot_0,3729,-gneE10,0.529964144002776,,,2
bot_0,3846,-gneE10,0.521311158194464,,,2
bot_0,4081,-gneE10,0.532467345023479,,,2
bot_0,4199,-gneE10,0.521099343372747,,,2
bot_0,4450,-gneE10,0.53267591787285,,,2
bot_0,4576,-gneE10,0.521386767252731,,,2
bot_0,4832,-gneE10,0.532819006535151,,,2
bot_0,4960,-gneE10,0.521610413546685,,,2
bot_0,5218,-gneE10,0.532980261545622,,,2
bot_0,5346,-gneE10,0.522020137883458,,,2
bot_0,5598,-gneE10,0.533293171401644,,,2
bot_0,5728,-gneE10,0.522344886459498,,,2
bot_0,5985,-gneE10,0.533498142803243,,,2
bot_0,6112,-gneE10,0.522631345291332,,,2
bot_0,6370,-gneE10,0.533743274894282,,,2
bot_0,6499,-gneE10,0.52288585885639,,,2
bot_0,6753,-gneE10,0.533846067703717,,,2
bot_0,6881,-gneE10,0.523055751482531,,,2
bot_0,7135,-gneE10,0.533984663644694,,,2
bot_0,7265,-gneE10,0.523315557228822,,,2
bot_0,7519,-gneE10,0.53421800461986,,,2
bot_0,7647,-gneE10,0.523561173307304,,,2
bot_0,7905,-gneE10,0.534443812837852,,,2
bot_0,8033,-gneE10,0.523845348065896,,,2
bot_0,8287,-gneE10,0.534630275613985,,,2
bot_0,8417,-gneE10,0.524151653056643,,,2
bot_0,8667,-gneE10,0.534842708919976,,,2
bot_0,8793,-gneE10,0.524349739562088,,,2
bot_0,9048,-gneE10,0.534954239952559,,,2
bot_0,9173,-gneE10,0.524584821438397,,,2
bot_0,9426,-gneE10,0.535253897179648,,,2
bot_0,9555,-gneE10,0.52497698525071,,,2
bot_0,9807,-gneE10,0.535523159953283,,,2
bot_0,9934,-gneE10,0.525308595471312,,,2
bot_0,10190,-gneE10,0.53585583598565,,,2
bot_0,10315,-gneE10,0.52555640167017,,,2
bot_0,10573,-gneE10,0.536024714192019,,,2
bot_0,10697,-gneE10,0.525695306997252,,,2
bot_0,10950,-gneE10,0.536118720079478,,,2
bot_0,11079,-gneE10,0.525886131700828,,,2
bot_0,11334,-gneE10,0.536309327840129,,,2
bot_0,11464,-gneE10,0.526167247722533,,,2
bot_0,11720,-gneE10,0.536555109168912,,,2
bot_0,11847,-gneE10,0.526389803644396,,,2
bot_0,12098,-gneE10,0.536736760485597,,,2
bot_0,12229,-gneE10,0.526725710401767,,,2
bot_0,12478,-gneE10,0.537003660884183,,,2
bot_0,12606,-gneE10,0.526911006509931,,,2
bot_0,12859,-gneE10,0.537156285775538,,,2
bot_0,12986,-gneE10,0.527098217520639,,,2
bot_0,13241,-gneE10,0.537347733873802,,,2
bot_0,13372,-gneE10,0.527369994313122,,,2
bot_0,13618,-gneE10,0.537551347834302,,,2
bot_0,13741,-gneE10,0.527571222532458,,,2
bot_0,13992,-gneE10,0.53775856841409,,,2
bot_0,14123,-gneE10,0.527774611501138,,,2
bot_0,14376,-gneE10,0.537972449373877,,,2
bot_0,14508,-gneE10,0.527956539413198,,,2
bot_0,14766,-gneE10,0.538131672700404,,,2
bot_0,14893,-gneE10,0.528285251809908,,,2
bot_0,15142,-gneE10,0.538352187945138,,,2
bot_0,15272,-gneE10,0.528512050052621,,,2
bot_0,15526,-gneE10,0.538561494527961,,,2
bot_0,15653,-gneE10,0.528700863469001,,,2
bot_0,15906,-gneE10,0.53875894226975,,,2
bot_0,16036,-gneE10,0.528974697797392,,,2
bot_0,16290,-gneE10,0.539006153657332,,,2
bot_0,16418,-gneE10,0.529242488120626,,,2
bot_0,16668,-gneE10,0.539250272685265,,,2
bot_0,16796,-gneE10,0.529512596211163,,,2
bot_0,17046,-gneE10,0.539459341098221,,,2
bot_0,17172,-gneE10,0.529753412140354,,,2
bot_0,17426,-gneE10,0.539646198654401,,,2
bot_0,17556,-gneE10,0.529887245574937,,,2
bot_0,17815,-gneE10,0.539769072975532,,,2
bot_0,17942,-gneE10,0.530097014469894,,,2
bot_0,18195,-gneE10,0.539980806912178,,,2
bot_0,18323,-gneE10,0.53020787609926,,,2
bot_0,18582,-gneE10,0.540074658726152,,,2
bot_0,18713,-gneE10,0.530493167916766,,,2
bot_0,18965,-gneE10,0.540336417647934,,,2
bot_0,19091,-gneE10,0.530674414717304,,,2
bot_0,19351,-gneE10,0.540503691215573,,,2
bot_0,19480,-gneE10,0.530902981712288,,,2
bot_0,19735,-gneE10,0.540675889937531,,,2
bot_0,19863,-gneE10,0.531038682433887,,,2
bot_0,279,-gneE11,0.492515152694728,,,2
bot_0,556,-gneE11,0.495168651623647,,,2
bot_0,636,-gneE11,0.486165108580102,,,2
bot_0,908,-gneE11,0.489741396994522,,,2
bot_0,986,-gneE11,0.477079301423869,,,2
bot_0,1258,-gneE11,0.481989889096655,,,2
bot_0,1614,-gneE11,0.488221788873128,,,2
bot_0,1967,-gneE11,0.495409846033273,,,2
bot_0,2324,-gneE11,0.503616170982824,,,2
bot_0,2682,-gneE11,0.512926864660563,,,2
bot_0,3033,-gneE11,0.523194041323208,,,2
bot_0,3112,-gneE11,0.520749919899372,,,2
bot_0,3389,-gneE11,0.531841887367963,,,2
bot_0,3468,-gneE11,0.526628016429525,,,2
bot_0,3748,-gneE11,0.53843947903092,,,2
bot_0,3826,-gneE11,0.531060969942801,,,2
bot_0,4100,-gneE11,0.542392913289532,,,2
bot_0,4178,-gneE11,0.531432991669608,,,2
bot_0,4471,-gneE11,0.543008606742948,,,2
bot_0,4555,-gneE11,0.5319035972219,,,2
bot_0,4852,-gneE11,0.543408067026845,,,2
bot_0,4938,-gneE11,0.532384770818161,,,2
bot_0,5239,-gneE11,0.543789364410729,,,2
bot_0,5322,-gneE11,0.532786526164138,,,2
bot_0,5619,-gneE11,0.544092997858424,,,2
bot_0,5706,-gneE11,0.533242820268201,,,2
bot_0,6005,-gneE11,0.544466171541411,,,2
bot_0,6092,-gneE11,0.533804525391439,,,2
bot_0,6391,-gneE11,0.544916285551916,,,2
bot_0,6478,-gneE11,0.534316754485922,,,2
bot_0,6774,-gneE11,0.545319115951368,,,2
bot_0,6859,-gneE11,0.534882775825424,,,2
bot_0,7155,-gneE11,0.545915631761604,,,2
bot_0,7242,-gneE11,0.535356470966729,,,2
bot_0,7539,-gneE11,0.546326095232297,,,2
bot_0,7626,-gneE11,0.535838718875962,,,2
bot_0,7928,-gneE11,0.546686303115231,,,2
bot_0,8011,-gneE11,0.536267428419744,,,2
bot_0,8308,-gneE11,0.54705275324298,,,2
bot_0,8395,-gneE11,0.536757321650636,,,2
bot_0,8685,-gneE11,0.547553069840185,,,2
bot_0,8773,-gneE11,0.537313582560003,,,2
bot_0,9067,-gneE11,0.548025576694582,,,2
bot_0,9151,-gneE11,0.537769898089687,,,2
bot_0,9447,-gneE11,0.548467136815966,,,2
bot_0,9535,-gneE11,0.538392874283462,,,2
bot_0,9828,-gneE11,0.548980220629677,,,2
bot_0,9913,-gneE11,0.538895020583685,,,2
bot_0,10212,-gneE11,0.549444295640517,,,2
bot_0,10296,-gneE11,0.53948018665664,,,2
bot_0,10593,-gneE11,0.550016925936022,,,2
bot_0,10677,-gneE11,0.539920727508832,,,2
bot_0,10970,-gneE11,0.550412572553849,,,2
bot_0,11058,-gneE11,0.540421791680691,,,2
bot_0,11356,-gneE11,0.550880045289571,,,2
bot_0,11443,-gneE11,0.540925852968046,,,2
bot_0,11741,-gneE11,0.55134541987517,,,2
bot_0,11825,-gneE11,0.541269872954982,,,2
bot_0,12118,-gneE11,0.551651419154168,,,2
bot_0,12204,-gneE11,0.541698647583741,,,2
bot_0,12499,-gneE11,0.552017842390617,,,2
bot_0,12585,-gneE11,0.542092185852201,,,2
bot_0,12878,-gneE11,0.552438544848949,,,2
bot_0,12966,-gneE11,0.542544147994916,,,2
bot_0,13262,-gneE11,0.552798929311509,,,2
bot_0,13350,-gneE11,0.543075403605274,,,2
bot_0,13638,-gneE11,0.553293332150089,,,2
bot_0,13722,-gneE11,0.543558440360892,,,2
bot_0,14013,-gneE11,0.553779744437907,,,2
bot_0,14101,-gneE11,0.543962030408646,,,2
bot_0,14398,-gneE11,0.554160322186229,,,2
bot_0,14487,-gneE11,0.544360399274109,,,2
bot_0,14787,-gneE11,0.554563500724382,,,2
bot_0,14872,-gneE11,0.544805230542175,,,2
bot_0,15162,-gneE11,0.554942102644489,,,2
bot_0,15249,-gneE11,0.545199211136995,,,2
bot_0,15547,-gneE11,0.555317801449438,,,2
bot_0,15632,-gneE11,0.545696525625683,,,2
bot_0,15929,-gneE11,0.555757912692584,,,2
bot_0,16016,-gneE11,0.546149405794857,,,2
bot_0,16310,-gneE11,0.556213708954418,,,2
bot_0,16398,-gneE11,0.546708415472368,,,2
bot_0,16689,-gneE11,0.55674820864369,,,2
bot_0,16773,-gneE11,0.547034722233889,,,2
bot_0,17066,-gneE11,0.557050029099234,,,2
bot_0,17150,-gneE11,0.547439448907932,,,2
bot_0,17446,-gneE11,0.557435092956729,,,2
bot_0,17533,-gneE11,0.547846234926168,,,2
bot_0,17836,-gneE11,0.557796852673069,,,2
bot_0,17922,-gneE11,0.548293179695887,,,2
bot_0,18217,-gneE11,0.558216119168719,,,2
bot_0,18302,-gneE11,0.548584585045935,,,2
bot_0,18603,-gneE11,0.558517774222468,,,2
bot_0,18689,-gneE11,0.548986160655951,,,2
bot_0,18984,-gneE11,0.55889608111766,,,2
bot_0,19070,-gneE11,0.54939405060075,,,2
bot_0,19372,-gneE11,0.559259105782925,,,2
bot_0,19458,-gneE11,0.549761503446213,,,2
bot_0,19756,-gneE11,0.55963290371997,,,2
bot_0,19842,-gneE11,0.550063257713895,,,2
bot_0,99,-gneE2,0.50417658729649,,,2
bot_0,378,-gneE2,0.501891008426402,,,2
bot_0,459,-gneE2,0.509981458848575,,,2
bot_0,731,-gneE2,0.506919426445609,,,2
bot_0,811,-gneE2,0.517867530155534,,,2
bot_0,1085,-gneE2,0.51353882421731,,,2
bot_0,1162,-gneE2,0.527588285508033,,,2
bot_0,1437,-gneE2,0.522077641992152,,,2
bot_0,1792,-gneE2,0.515253771596251,,,2
bot_0,2148,-gneE2,0.507474800704865,,,2
bot_0,2498,-gneE2,0.498555878511584,,,2
bot_0,2856,-gneE2,0.488750205653575,,,2
bot_0,2937,-gneE2,0.489705369231062,,,2
bot_0,3209,-gneE2,0.478952360967037,,,2
bot_0,3289,-gneE2,0.483377136715979,,,2
bot_0,3569,-gneE2,0.471995353736769,,,2
bot_0,3650,-gneE2,0.478342958384702,,,2
bot_0,3924,-gneE2,0.467643688684576,,,2
bot_0,4003,-gneE2,0.476761480306486,,,2
bot_0,4282,-gneE2,0.46506610958637,,,2
bot_0,4369,-gneE2,0.476143887757143,,,2
bot_0,4662,-gneE2,0.464623687582634,,,2
bot_0,4746,-gneE2,0.475692813586678,,,2
bot_0,5047,-gneE2,0.464273373226599,,,2
bot_0,5132,-gneE2,0.475333354024277,,,2
bot_0,5429,-gneE2,0.463980017213334,,,2
bot_0,5514,-gneE2,0.4748447304647,,,2
bot_0,5814,-gneE2,0.463577152344248,,,2
bot_0,5900,-gneE2,0.474284497790261,,,2
bot_0,6200,-gneE2,0.463133249857673,,,2
bot_0,6285,-gneE2,0.473863526582963,,,2
bot_0,6583,-gneE2,0.462790935703978,,,2
bot_0,6666,-gneE2,0.473517438274197,,,2
bot_0,6961,-gneE2,0.462451708168669,,,2
bot_0,7049,-gneE2,0.473032206753141,,,2
bot_0,7348,-gneE2,0.462063318119001,,,2
bot_0,7434,-gneE2,0.472486839414375,,,2
bot_0,7733,-gneE2,0.46161163794987,,,2
bot_0,7821,-gneE2,0.47199439439332,,,2
bot_0,8119,-gneE2,0.461178039236382,,,2
bot_0,8204,-gneE2,0.471569392417926,,,2
bot_0,8499,-gneE2,0.460780019788029,,,2
bot_0,8581,-gneE2,0.47120254528883,,,2
bot_0,8878,-gneE2,0.460465730842932,,,2
bot_0,8962,-gneE2,0.470744927668201,,,2
bot_0,9257,-gneE2,0.460089941222916,,,2
bot_0,9345,-gneE2,0.470186382653706,,,2
bot_0,9635,-gneE2,0.45951348286387,,,2
bot_0,9723,-gneE2,0.469728675741832,,,2
bot_0,10017,-gneE2,0.459131009631626,,,2
bot_0,10104,-gneE2,0.469303619658416,,,2
bot_0,10399,-gneE2,0.4587488347564,,,2
bot_0,10488,-gneE2,0.468885612177694,,,2
bot_0,10782,-gneE2,0.458404751600917,,,2
bot_0,10866,-gneE2,0.468390339291252,,,2
bot_0,11164,-gneE2,0.457944415752528,,,2
bot_0,11248,-gneE2,0.467984224894396,,,2
bot_0,11549,-gneE2,0.457512821418449,,,2
bot_0,11635,-gneE2,0.467437585143772,,,2
bot_0,11933,-gneE2,0.457097948130302,,,2
bot_0,12017,-gneE2,0.466994475924596,,,2
bot_0,12310,-gneE2,0.456629503064456,,,2
bot_0,12397,-gneE2,0.466416877998468,,,2
bot_0,12689,-gneE2,0.456086678927954,,,2
bot_0,12775,-gneE2,0.466001810252896,,,2
bot_0,13072,-gneE2,0.455700293990758,,,2
bot_0,13157,-gneE2,0.465574164820565,,,2
bot_0,13454,-gneE2,0.455335713873625,,,2
bot_0,13537,-gneE2,0.465090599297598,,,2
bot_0,13826,-gneE2,0.454887343269261,,,2
bot_0,13908,-gneE2,0.464772749276677,,,2
bot_0,14207,-gneE2,0.454560939487777,,,2
bot_0,14294,-gneE2,0.464283681135718,,,2
bot_0,14595,-gneE2,0.454097697105542,,,2
bot_0,14682,-gneE2,0.463863915610339,,,2
bot_0,14974,-gneE2,0.453679837356804,,,2
bot_0,15056,-gneE2,0.463393680430773,,,2
bot_0,15358,-gneE2,0.45329338510774,,,2
bot_0,15441,-gneE2,0.462998114980871,,,2
bot_0,15739,-gneE2,0.452895240724198,,,2
bot_0,15823,-gneE2,0.462585866109705,,,2
bot_0,16117,-gneE2,0.452509929955941,,,2
bot_0,16203,-gneE2,0.462253550627143,,,2
bot_0,16499,-gneE2,0.452200460387517,,,2
bot_0,16585,-gneE2,0.461844175740208,,,2
bot_0,16876,-gneE2,0.451817349223445,,,2
bot_0,16962,-gneE2,0.461428457864137,,,2
bot_0,17255,-gneE2,0.45145440977463,,,2
bot_0,17340,-gneE2,0.461059183577396,,,2
bot_0,17641,-gneE2,0.451073469980552,,,2
bot_0,17729,-gneE2,0.460671092643143,,,2
bot_0,18025,-gneE2,0.450739032002336,,,2
bot_0,18110,-gneE2,0.460221556288696,,,2
bot_0,18409,-gneE2,0.450247902499839,,,2
bot_0,18497,-gneE2,0.459731705821476,,,2
bot_0,18793,-gneE2,0.449808773189652,,,2
bot_0,18881,-gneE2,0.459325493740247,,,2
bot_0,19174,-gneE2,0.449396747654933,,,2
bot_0,19266,-gneE2,0.458694175177674,,,2
bot_0,19562,-gneE2,0.448841193441442,,,2
bot_0,19647,-gneE2,0.458239979002795,,,2
bot_0,19944,-gneE2,0.448348227387227,,,2
bot_0,358,-gneE3,0.497135314405147,,,2
bot_0,479,-gneE3,0.50290762941585,,,2
bot_0,710,-gneE3,0.499353571287225,,,2
bot_0,829,-gneE3,0.507461516894564,,,2
bot_0,1064,-gneE3,0.5023636398974,,,2
bot_0,1182,-gneE3,0.512853282656153,,,2
bot_0,1418,-gneE3,0.506389306714233,,,2
bot_0,1537,-gneE3,0.519149709249911,,,2
bot_0,1774,-gneE3,0.511303737633307,,,2
bot_0,2128,-gneE3,0.502320162266582,,,2
bot_0,2478,-gneE3,0.492074266015744,,,2
bot_0,2603,-gneE3,0.494322737872904,,,2
bot_0,2837,-gneE3,0.48307130487379,,,2
bot_0,2956,-gneE3,0.486946345146424,,,2
bot_0,3188,-gneE3,0.478346938666671,,,2
bot_0,3309,-gneE3,0.484710434881205,,,2
bot_0,3550,-gneE3,0.475481372866065,,,2
bot_0,3671,-gneE3,0.483254518051473,,,2
bot_0,3904,-gneE3,0.472789222022274,,,2
bot_0,4023,-gneE3,0.48277880737497,,,2
bot_0,4263,-gneE3,0.471156915439284,,,2
bot_0,4390,-gneE3,0.48244505211473,,,2
bot_0,4640,-gneE3,0.470965258607382,,,2
bot_0,4766,-gneE3,0.482210404623957,,,2
bot_0,5027,-gneE3,0.470827703377598,,,2
bot_0,5155,-gneE3,0.481914568096065,,,2
bot_0,5408,-gneE3,0.470594124448336,,,2
bot_0,5537,-gneE3,0.481581895142501,,,2
bot_0,5793,-gneE3,0.470387824671155,,,2
bot_0,5920,-gneE3,0.481358710154808,,,2
bot_0,6178,-gneE3,0.47024715718777,,,2
bot_0,6306,-gneE3,0.481154206000321,,,2
bot_0,6562,-gneE3,0.470121194571622,,,2
bot_0,6687,-gneE3,0.480930735770248,,,2
bot_0,6941,-gneE3,0.469930726182161,,,2
bot_0,7070,-gneE3,0.480678740850305,,,2
bot_0,7327,-gneE3,0.469780160854881,,,2
bot_0,7456,-gneE3,0.48040815681766,,,2
bot_0,7711,-gneE3,0.469535413489367,,,2
bot_0,7843,-gneE3,0.480113439382819,,,2
bot_0,8097,-gneE3,0.469299710670039,,,2
bot_0,8224,-gneE3,0.479873601457447,,,2
bot_0,8479,-gneE3,0.469153206936122,,,2
bot_0,8604,-gneE3,0.479595917895386,,,2
bot_0,8857,-gneE3,0.468891932032146,,,2
bot_0,8984,-gneE3,0.479292071658892,,,2
bot_0,9235,-gneE3,0.468639106480855,,,2
bot_0,9364,-gneE3,0.478927424605987,,,2
bot_0,9616,-gneE3,0.46832243863989,,,2
bot_0,9746,-gneE3,0.478637173742572,,,2
bot_0,9995,-gneE3,0.468074676570376,,,2
bot_0,10125,-gneE3,0.478476140175345,,,2
bot_0,10380,-gneE3,0.467991357057121,,,2
bot_0,10510,-gneE3,0.478228597193063,,,2
bot_0,10760,-gneE3,0.46775101084575,,,2
bot_0,10888,-gneE3,0.477929229109762,,,2
bot_0,11143,-gneE3,0.46748605275336,,,2
bot_0,11269,-gneE3,0.477757786516091,,,2
bot_0,11530,-gneE3,0.467382237776965,,,2
bot_0,11656,-gneE3,0.477553361683026,,,2
bot_0,11909,-gneE3,0.46715181339255,,,2
bot_0,12036,-gneE3,0.477285173561237,,,2
bot_0,12288,-gneE3,0.466956332761836,,,2
bot_0,12416,-gneE3,0.476992757440318,,,2
bot_0,12668,-gneE3,0.466697216121868,,,2
bot_0,12795,-gneE3,0.476705121499993,,,2
bot_0,13050,-gneE3,0.466403997623148,,,2
bot_0,13178,-gneE3,0.476446504343618,,,2
bot_0,13433,-gneE3,0.466243971550072,,,2
bot_0,13556,-gneE3,0.476238314888217,,,2
bot_0,13805,-gneE3,0.466039594288188,,,2
bot_0,13928,-gneE3,0.47601181612792,,,2
bot_0,14186,-gneE3,0.465833334228995,,,2
bot_0,14314,-gneE3,0.475733732166162,,,2
bot_0,14576,-gneE3,0.465612904913416,,,2
bot_0,14704,-gneE3,0.475546510652406,,,2
bot_0,14956,-gneE3,0.465459021817329,,,2
bot_0,15077,-gneE3,0.475409385272316,,,2
bot_0,15335,-gneE3,0.465311284583429,,,2
bot_0,15462,-gneE3,0.475187386887022,,,2
bot_0,15716,-gneE3,0.465118688901965,,,2
bot_0,15843,-gneE3,0.474964068954954,,,2
bot_0,16096,-gneE3,0.464886042788545,,,2
bot_0,16227,-gneE3,0.474658337241118,,,2
bot_0,16479,-gneE3,0.464638798882953,,,2
bot_0,16605,-gneE3,0.474495607253451,,,2
bot_0,16856,-gneE3,0.464502218692831,,,2
bot_0,16984,-gneE3,0.474215824046312,,,2
bot_0,17234,-gneE3,0.464245155790114,,,2
bot_0,17363,-gneE3,0.47394654315034,,,2
bot_0,17621,-gneE3,0.464025143801764,,,2
bot_0,17751,-gneE3,0.473714000903547,,,2
bot_0,18003,-gneE3,0.463785852733493,,,2
bot_0,18129,-gneE3,0.473556965753191,,,2
bot_0,18388,-gneE3,0.463645577695648,,,2
bot_0,18517,-gneE3,0.473346099318594,,,2
bot_0,18773,-gneE3,0.463456495040983,,,2
bot_0,18902,-gneE3,0.47313674431798,,,2
bot_0,19154,-gneE3,0.463271937812,,,2
bot_0,19285,-gneE3,0.472879406311462,,,2
bot_0,19541,-gneE3,0.463064927964726,,,2
bot_0,19669,-gneE3,0.47264395163765,,,2
bot_0,19925,-gneE3,0.462812034162991,,,2
bot_0,338,-gneE4,0.496551000564164,,,2
bot_0,500,-gneE4,0.500954043144846,,,2
bot_0,691,-gneE4,0.496602916275602,,,2
bot_0,849,-gneE4,0.502793932126165,,,2
bot_0,1043,-gneE4,0.496839951549335,,,2
bot_0,1201,-gneE4,0.505215585203458,,,2
bot_0,1399,-gneE4,0.497468219573522,,,2
bot_0,1557,-gneE4,0.50748167430147,,,2
bot_0,1755,-gneE4,0.498257377711217,,,2
bot_0,1909,-gneE4,0.510334829337469,,,2
bot_0,2108,-gneE4,0.499794250182483,,,2
bot_0,2266,-gneE4,0.502200866138533,,,2
bot_0,2460,-gneE4,0.490217870391239,,,2
bot_0,2624,-gneE4,0.494576577406536,,,2
bot_0,2819,-gneE4,0.488176847267006,,,2
bot_0,2975,-gneE4,0.493977266938589,,,2
bot_0,3169,-gneE4,0.486170580828747,,,2
bot_0,3329,-gneE4,0.493767734444859,,,2
bot_0,3529,-gneE4,0.484994483611061,,,2
bot_0,3692,-gneE4,0.493647891515954,,,2
bot_0,3884,-gneE4,0.483616459388911,,,2
bot_0,4044,-gneE4,0.494015465375644,,,2
bot_0,4243,-gneE4,0.4824428127276,,,2
bot_0,4411,-gneE4,0.493797036503457,,,2
bot_0,4619,-gneE4,0.482372438302863,,,2
bot_0,4787,-gneE4,0.493782203823762,,,2
bot_0,5005,-gneE4,0.482450563413867,,,2
bot_0,5177,-gneE4,0.49365878924748,,,2
bot_0,5389,-gneE4,0.482473074426721,,,2
bot_0,5557,-gneE4,0.493575552200659,,,2
bot_0,5772,-gneE4,0.482432018285602,,,2
bot_0,5941,-gneE4,0.49350776040757,,,2
bot_0,6155,-gneE4,0.482450984857681,,,2
bot_0,6328,-gneE4,0.493452831330131,,,2
bot_0,6540,-gneE4,0.482427776024535,,,2
bot_0,6709,-gneE4,0.493344611365772,,,2
bot_0,6921,-gneE4,0.482434506685132,,,2
bot_0,7090,-gneE4,0.493335241472719,,,2
bot_0,7307,-gneE4,0.482530646471571,,,2
bot_0,7477,-gneE4,0.493318860762951,,,2
bot_0,7691,-gneE4,0.48257779771165,,,2
bot_0,7863,-gneE4,0.493364875142762,,,2
bot_0,8078,-gneE4,0.482682422994718,,,2
bot_0,8247,-gneE4,0.493305464799507,,,2
bot_0,8456,-gneE4,0.482553923953679,,,2
bot_0,8623,-gneE4,0.493213815165344,,,2
bot_0,8838,-gneE4,0.482594247685533,,,2
bot_0,9006,-gneE4,0.493112408036025,,,2
bot_0,9215,-gneE4,0.482547500394298,,,2
bot_0,9383,-gneE4,0.493116027201742,,,2
bot_0,9594,-gneE4,0.482516192184553,,,2
bot_0,9767,-gneE4,0.49293930856784,,,2
bot_0,9975,-gneE4,0.482466863313132,,,2
bot_0,10149,-gneE4,0.49285305285596,,,2
bot_0,10358,-gneE4,0.482335077350561,,,2
bot_0,10529,-gneE4,0.492778840581423,,,2
bot_0,10741,-gneE4,0.482388351253398,,,2
bot_0,10909,-gneE4,0.492738234095512,,,2
bot_0,11122,-gneE4,0.48234021723111,,,2
bot_0,11291,-gneE4,0.492651927180789,,,2
bot_0,11508,-gneE4,0.482327838864372,,,2
bot_0,11675,-gneE4,0.492651421060693,,,2
bot_0,11889,-gneE4,0.48232992619886,,,2
bot_0,12056,-gneE4,0.492563936739052,,,2
bot_0,12268,-gneE4,0.482323160564278,,,2
bot_0,12436,-gneE4,0.492519563735271,,,2
bot_0,12647,-gneE4,0.482270945069798,,,2
bot_0,12817,-gneE4,0.492392456604818,,,2
bot_0,13031,-gneE4,0.482209501981191,,,2
bot_0,13199,-gneE4,0.492303904825949,,,2
bot_0,13412,-gneE4,0.482112015912757,,,2
bot_0,13578,-gneE4,0.492161300975195,,,2
bot_0,13785,-gneE4,0.482050340195776,,,2
bot_0,13949,-gneE4,0.492126018998009,,,2
bot_0,14165,-gneE4,0.481989819656638,,,2
bot_0,14334,-gneE4,0.492042548402317,,,2
bot_0,14555,-gneE4,0.481970062688033,,,2
bot_0,14726,-gneE4,0.491959420236285,,,2
bot_0,14934,-gneE4,0.481885399862309,,,2
bot_0,15099,-gneE4,0.491823796624912,,,2
bot_0,15316,-gneE4,0.481805955533517,,,2
bot_0,15485,-gneE4,0.491733230600222,,,2
bot_0,15696,-gneE4,0.481707236490895,,,2
bot_0,15865,-gneE4,0.491607567038259,,,2
bot_0,16077,-gneE4,0.481607676058913,,,2
bot_0,16246,-gneE4,0.491528718213351,,,2
bot_0,16458,-gneE4,0.48155167984142,,,2
bot_0,16625,-gneE4,0.491493207685817,,,2
bot_0,16837,-gneE4,0.48162490547755,,,2
bot_0,17004,-gneE4,0.491495743542823,,,2
bot_0,17212,-gneE4,0.481529949279919,,,2
bot_0,17383,-gneE4,0.491384101386257,,,2
bot_0,17598,-gneE4,0.481471685348751,,,2
bot_0,17771,-gneE4,0.491310815631607,,,2
bot_0,17982,-gneE4,0.48142649451941,,,2
bot_0,18151,-gneE4,0.49123350372539,,,2
bot_0,18365,-gneE4,0.481327932178348,,,2
bot_0,18539,-gneE4,0.491126457120457,,,2
bot_0,18754,-gneE4,0.481318909371906,,,2
bot_0,18923,-gneE4,0.491086290900742,,,2
bot_0,19133,-gneE4,0.481265444106986,,,2
bot_0,19306,-gneE4,0.491021970189059,,,2
bot_0,19520,-gneE4,0.48121849985837,,,2
bot_0,19690,-gneE4,0.490898473682133,,,2
bot_0,19905,-gneE4,0.481148569945883,,,2
bot_0,319,-gneE5,0.495837085090136,,,2
bot_0,519,-gneE5,0.499502635152153,,,2
bot_0,673,-gneE5,0.494278134371722,,,2
bot_0,868,-gneE5,0.499310762114762,,,2
bot_0,1023,-gneE5,0.491873141354147,,,2
bot_0,1220,-gneE5,0.498728445809436,,,2
bot_0,1380,-gneE5,0.489367688294167,,,2
bot_0,1576,-gneE5,0.497677396605794,,,2
bot_0,1735,-gneE5,0.486572567796467,,,2
bot_0,1929,-gneE5,0.49640222580559,,,2
bot_0,2087,-gneE5,0.483584830340952,,,2
bot_0,2286,-gneE5,0.494782738379922,,,2
bot_0,2439,-gneE5,0.491443782093855,,,2
bot_0,2643,-gneE5,0.50397669118678,,,2
bot_0,2801,-gneE5,0.498950193563953,,,2
bot_0,2995,-gneE5,0.505896544042516,,,2
bot_0,3150,-gneE5,0.499113414887652,,,2
bot_0,3348,-gneE5,0.507571160837892,,,2
bot_0,3508,-gneE5,0.499445070857388,,,2
bot_0,3711,-gneE5,0.508808034964312,,,2
bot_0,3865,-gneE5,0.499322175359962,,,2
bot_0,4062,-gneE5,0.510183838461674,,,2
bot_0,4221,-gneE5,0.498688680262448,,,2
bot_0,4431,-gneE5,0.510174901846763,,,2
bot_0,4598,-gneE5,0.4988873344798,,,2
bot_0,4810,-gneE5,0.510311913040813,,,2
bot_0,4983,-gneE5,0.499053406094591,,,2
bot_0,5197,-gneE5,0.510380316484139,,,2
bot_0,5367,-gneE5,0.499230520811533,,,2
bot_0,5576,-gneE5,0.510457954802635,,,2
bot_0,5750,-gneE5,0.49944886871563,,,2
bot_0,5965,-gneE5,0.51050738126449,,,2
bot_0,6131,-gneE5,0.499421357861642,,,2
bot_0,6349,-gneE5,0.51048652203645,,,2
bot_0,6520,-gneE5,0.499526059620839,,,2
bot_0,6731,-gneE5,0.510467453632546,,,2
bot_0,6901,-gneE5,0.499577410537419,,,2
bot_0,7112,-gneE5,0.510495446649176,,,2
bot_0,7284,-gneE5,0.499671543683527,,,2
bot_0,7498,-gneE5,0.510529058615887,,,2
bot_0,7668,-gneE5,0.49977126686671,,,2
bot_0,7885,-gneE5,0.510614949096072,,,2
bot_0,8053,-gneE5,0.499866804043946,,,2
bot_0,8266,-gneE5,0.510605579498032,,,2
bot_0,8437,-gneE5,0.499959554732062,,,2
bot_0,8645,-gneE5,0.510638298795718,,,2
bot_0,8815,-gneE5,0.50004755619935,,,2
bot_0,9027,-gneE5,0.510637911250253,,,2
bot_0,9195,-gneE5,0.500148075348764,,,2
bot_0,9405,-gneE5,0.510733978528616,,,2
bot_0,9575,-gneE5,0.500238781972515,,,2
bot_0,9788,-gneE5,0.510691317201091,,,2
bot_0,9953,-gneE5,0.500300699582629,,,2
bot_0,10170,-gneE5,0.510800871454763,,,2
bot_0,10337,-gneE5,0.50039068358723,,,2
bot_0,10551,-gneE5,0.510846533853095,,,2
bot_0,10721,-gneE5,0.500530260926451,,,2
bot_0,10929,-gneE5,0.510942517490427,,,2
bot_0,11101,-gneE5,0.500610118524402,,,2
bot_0,11314,-gneE5,0.51094721751196,,,2
bot_0,11488,-gneE5,0.500739366947667,,,2
bot_0,11698,-gneE5,0.511038161101,,,2
bot_0,11869,-gneE5,0.500829478390263,,,2
bot_0,12078,-gneE5,0.511090276565945,,,2
bot_0,12249,-gneE5,0.500965646411299,,,2
bot_0,12458,-gneE5,0.511194223635304,,,2
bot_0,12627,-gneE5,0.501006519199546,,,2
bot_0,12839,-gneE5,0.511202525374834,,,2
bot_0,13009,-gneE5,0.501090588177394,,,2
bot_0,13219,-gneE5,0.511295431249035,,,2
bot_0,13393,-gneE5,0.501261338849887,,,2
bot_0,13598,-gneE5,0.511386809339728,,,2
bot_0,13763,-gneE5,0.501298887248584,,,2
bot_0,13972,-gneE5,0.511398616198695,,,2
bot_0,14143,-gneE5,0.501324396170786,,,2
bot_0,14356,-gneE5,0.511402891964454,,,2
bot_0,14533,-gneE5,0.501397817046535,,,2
bot_0,14744,-gneE5,0.511532248186565,,,2
bot_0,14913,-gneE5,0.501524718223809,,,2
bot_0,15119,-gneE5,0.511579173172995,,,2
bot_0,15293,-gneE5,0.501584903085285,,,2
bot_0,15505,-gneE5,0.511584405276574,,,2
bot_0,15676,-gneE5,0.501667684629619,,,2
bot_0,15887,-gneE5,0.511600061790458,,,2
bot_0,16056,-gneE5,0.501661426660057,,,2
bot_0,16269,-gneE5,0.511607030589343,,,2
bot_0,16439,-gneE5,0.501742947498585,,,2
bot_0,16646,-gneE5,0.511699216841736,,,2
bot_0,16817,-gneE5,0.50185818040449,,,2
bot_0,17023,-gneE5,0.511835269385014,,,2
bot_0,17193,-gneE5,0.501973732424375,,,2
bot_0,17406,-gneE5,0.511814795318775,,,2
bot_0,17578,-gneE5,0.502012258061416,,,2
bot_0,17792,-gneE5,0.511875340381882,,,2
bot_0,17962,-gneE5,0.502054148434963,,,2
bot_0,18174,-gneE5,0.511845565698036,,,2
bot_0,18346,-gneE5,0.502081798201247,,,2
bot_0,18561,-gneE5,0.511902419323983,,,2
bot_0,18731,-gneE5,0.502070176058443,,,2
bot_0,18944,-gneE5,0.511904713559925,,,2
bot_0,19112,-gneE5,0.502147178899494,,,2
bot_0,19329,-gneE5,0.511927456298519,,,2
bot_0,19499,-gneE5,0.502182515232947,,,2
bot_0,19710,-gneE5,0.512013983352362,,,2
bot_0,19883,-gneE5,0.502288243366077,,,2
bot_0,259,-gneE8,0.488587979789509,,,2
bot_0,575,-gneE8,0.490924314985607,,,2
bot_0,617,-gneE8,0.477329987719647,,,2
bot_0,927,-gneE8,0.48040710571686,,,2
bot_0,1278,-gneE8,0.484629000334806,,,2
bot_0,1635,-gneE8,0.490042416663791,,,2
bot_0,1987,-gneE8,0.496401783280106,,,2
bot_0,2344,-gneE8,0.503585426156699,,,2
bot_0,2701,-gneE8,0.511774616402357,,,2
bot_0,3053,-gneE8,0.52080306422109,,,2
bot_0,3408,-gneE8,0.530603835950765,,,2
bot_0,3448,-gneE8,0.528915797620442,,,2
bot_0,3766,-gneE8,0.539398585297656,,,2
bot_0,3805,-gneE8,0.534450851059698,,,2
bot_0,4118,-gneE8,0.545953581183557,,,2
bot_0,4159,-gneE8,0.535953217097993,,,2
bot_0,4489,-gneE8,0.547620325306414,,,2
bot_0,4534,-gneE8,0.536874117484017,,,2
bot_0,4874,-gneE8,0.548405662541887,,,2
bot_0,4919,-gneE8,0.537859062932856,,,2
bot_0,5261,-gneE8,0.549289028300308,,,2
bot_0,5303,-gneE8,0.538726068905165,,,2
bot_0,5641,-gneE8,0.550059342230246,,,2
bot_0,5685,-gneE8,0.539689291177415,,,2
bot_0,6026,-gneE8,0.550909896338837,,,2
bot_0,6070,-gneE8,0.540510739985256,,,2
bot_0,6413,-gneE8,0.55162357415329,,,2
bot_0,6455,-gneE8,0.541297316384808,,,2
bot_0,6794,-gneE8,0.552362599931169,,,2
bot_0,6838,-gneE8,0.542236979599665,,,2
bot_0,7177,-gneE8,0.553264711664769,,,2
bot_0,7222,-gneE8,0.543044593430474,,,2
bot_0,7563,-gneE8,0.553980450545814,,,2
bot_0,7604,-gneE8,0.543711841165348,,,2
bot_0,7948,-gneE8,0.554615483858114,,,2
bot_0,7990,-gneE8,0.544403458826299,,,2
bot_0,8328,-gneE8,0.555218511917795,,,2
bot_0,8373,-gneE8,0.545306280312051,,,2
bot_0,8708,-gneE8,0.556097149432106,,,2
bot_0,8753,-gneE8,0.546233385344722,,,2
bot_0,9088,-gneE8,0.556944815268162,,,2
bot_0,9130,-gneE8,0.547048913731152,,,2
bot_0,9468,-gneE8,0.557741162914374,,,2
bot_0,9514,-gneE8,0.547941202820603,,,2
bot_0,9847,-gneE8,0.558587207298785,,,2
bot_0,9889,-gneE8,0.548644643780709,,,2
bot_0,10233,-gneE8,0.559222402637677,,,2
bot_0,10273,-gneE8,0.549570569975378,,,2
bot_0,10615,-gneE8,0.560103874490015,,,2
bot_0,10655,-gneE8,0.550372798465371,,,2
bot_0,10991,-gneE8,0.560919823656418,,,2
bot_0,11037,-gneE8,0.551288811718658,,,2
bot_0,11378,-gneE8,0.561774756118833,,,2
bot_0,11421,-gneE8,0.552055975637382,,,2
bot_0,11762,-gneE8,0.562475277109198,,,2
bot_0,11805,-gneE8,0.552813849520221,,,2
bot_0,12138,-gneE8,0.563221265314014,,,2
bot_0,12184,-gneE8,0.553704254654729,,,2
bot_0,12520,-gneE8,0.564081032776305,,,2
bot_0,12565,-gneE8,0.554582324998664,,,2
bot_0,12901,-gneE8,0.564897927242565,,,2
bot_0,12947,-gneE8,0.555536862014509,,,2
bot_0,13284,-gneE8,0.56582197732375,,,2
bot_0,13326,-gneE8,0.556283835753206,,,2
bot_0,13658,-gneE8,0.566533022445157,,,2
bot_0,13701,-gneE8,0.557172966917573,,,2
bot_0,14034,-gneE8,0.567422197066475,,,2
bot_0,14081,-gneE8,0.558012422437622,,,2
bot_0,14419,-gneE8,0.568237880793615,,,2
bot_0,14464,-gneE8,0.558747837648519,,,2
bot_0,14810,-gneE8,0.568948126466969,,,2
bot_0,14852,-gneE8,0.559506244854485,,,2
bot_0,15182,-gneE8,0.569669396736048,,,2
bot_0,15228,-gneE8,0.56037276129198,,,2
bot_0,15568,-gneE8,0.570490721402425,,,2
bot_0,15609,-gneE8,0.561007495390046,,,2
bot_0,15950,-gneE8,0.571124638409463,,,2
bot_0,15995,-gneE8,0.561838755311706,,,2
bot_0,16330,-gneE8,0.571930206399756,,,2
bot_0,16373,-gneE8,0.562493682123927,,,2
bot_0,16711,-gneE8,0.572507781871476,,,2
bot_0,16754,-gneE8,0.563302427941274,,,2
bot_0,17087,-gneE8,0.573344661179398,,,2
bot_0,17131,-gneE8,0.564172949109565,,,2
bot_0,17467,-gneE8,0.574194862365414,,,2
bot_0,17510,-gneE8,0.564934749114813,,,2
bot_0,17857,-gneE8,0.574913380600426,,,2
bot_0,17900,-gneE8,0.565662656339088,,,2
bot_0,18239,-gneE8,0.575588153049656,,,2
bot_0,18283,-gneE8,0.56632469061428,,,2
bot_0,18625,-gneE8,0.576258153862077,,,2
bot_0,18669,-gneE8,0.567141871240821,,,2
bot_0,19006,-gneE8,0.577078452121159,,,2
bot_0,19049,-gneE8,0.567897497971522,,,2
bot_0,19394,-gneE8,0.57781757613264,,,2
bot_0,19436,-gneE8,0.568524836924607,,,2
bot_0,19778,-gneE8,0.578423082467288,,,2
bot_0,19822,-gneE8,0.569245846644724,,,2
bot_0,4138,-gneE9,1,,,1
bot_0,4513,-gneE9,1,,,1
bot_0,4896,-gneE9,1,,,1
bot_0,5283,-gneE9,1,,,1
bot_0,5665,-gneE9,1,,,1
bot_0,6049,-gneE9,1,,,1
bot_0,6435,-gneE9,1,,,1
bot_0,6818,-gneE9,1,,,1
bot_0,7200,-gneE9,1,,,1
bot_0,7583,-gneE9,1,,,1
bot_0,7970,-gneE9,1,,,1
bot_0,8350,-gneE9,1,,,1
bot_0,8732,-gneE9,1,,,1
bot_0,9111,-gneE9,1,,,1
bot_0,9491,-gneE9,1,,,1
bot_0,9868,-gneE9,1,,,1
bot_0,10252,-gneE9,1,,,1
bot_0,10636,-gneE9,1,,,1
bot_0,11015,-gneE9,1,,,1
bot_0,11402,-gneE9,1,,,1
bot_0,11783,-gneE9,1,,,1
bot_0,12160,-gneE9,1,,,1
bot_0,12543,-gneE9,1,,,1
bot_0,12923,-gneE9,1,,,1
bot_0,13307,-gneE9,1,,,1
bot_0,13681,-gneE9,1,,,1
bot_0,14058,-gneE9,1,,,1
bot_0,14443,-gneE9,1,,,1
bot_0,14831,-gneE9,1,,,1
bot_0,15205,-gneE9,1,,,1
bot_0,15589,-gneE9,1,,,1
bot_0,15974,-gneE9,1,,,1
bot_0,16354,-gneE9,1,,,1
bot_0,16733,-gneE9,1,,,1
bot_0,17109,-gneE9,1,,,1
bot_0,17489,-gneE9,1,,,1
bot_0,17878,-gneE9,1,,,1
bot_0,18262,-gneE9,1,,,1
bot_0,18647,-gneE9,1,,,1
bot_0,19028,-gneE9,1,,,1
bot_0,19417,-gneE9,1,,,1
bot_0,19800,-gneE9,1,,,1
bot_0,3964,gneE1,1,,,1
bot_0,4327,gneE1,1,,,1
bot_0,4705,gneE1,1,,,1
bot_0,5091,gneE1,1,,,1
bot_0,5471,gneE1,1,,,1
bot_0,5857,gneE1,1,,,1
bot_0,6243,gneE1,1,,,1
bot_0,6626,gneE1,1,,,1
bot_0,7008,gneE1,1,,,1
bot_0,7391,gneE1,1,,,1
bot_0,7777,gneE1,1,,,1
bot_0,8163,gneE1,1,,,1
bot_0,8543,gneE1,1,,,1
bot_0,8922,gneE1,1,,,1
bot_0,9301,gneE1,1,,,1
bot_0,9680,gneE1,1,,,1
bot_0,10062,gneE1,1,,,1
bot_0,10446,gneE1,1,,,1
bot_0,10823,gneE1,1,,,1
bot_0,11207,gneE1,1,,,1
bot_0,11593,gneE1,1,,,1
bot_0,11974,gneE1,1,,,1
bot_0,12355,gneE1,1,,,1
bot_0,12733,gneE1,1,,,1
bot_0,13116,gneE1,1,,,1
bot_0,13495,gneE1,1,,,1
bot_0,13868,gneE1,1,,,1
bot_0,14252,gneE1,1,,,1
bot_0,14639,gneE1,1,,,1
bot_0,15017,gneE1,1,,,1
bot_0,15401,gneE1,1,,,1
bot_0,15782,gneE1,1,,,1
bot_0,16162,gneE1,1,,,1
bot_0,16543,gneE1,1,,,1
bot_0,16921,gneE1,1,,,1
bot_0,17302,gneE1,1,,,1
bot_0,17688,gneE1,1,,,1
bot_0,18068,gneE1,1,,,1
bot_0,18452,gneE1,1,,,1
bot_0,18839,gneE1,1,,,1
bot_0,19221,gneE1,1,,,1
bot_0,19605,gneE1,1,,,1
bot_0,19989,gneE1,1,,,1
bot_0,319,gneE10,0.504162914909864,,,2
bot_0,519,gneE10,0.500497364847847,,,2
bot_0,673,gneE10,0.505721865628278,,,2
bot_0,868,gneE10,0.500689237885238,,,2
bot_0,1023,gneE10,0.508126858645853,,,2
bot_0,1220,gneE10,0.501271554190564,,,2
bot_0,1380,gneE10,0.510632311705833,,,2
bot_0,1576,gneE10,0.502322603394206,,,2
bot_0,1735,gneE10,0.513427432203533,,,2
bot_0,1929,gneE10,0.50359777419441,,,2
bot_0,2087,gneE10,0.516415169659048,,,2
bot_0,2286,gneE10,0.505217261620078,,,2
bot_0,2439,gneE10,0.508556217906145,,,2
bot_0,2643,gneE10,0.49602330881322,,,2
bot_0,2801,gneE10,0.501049806436047,,,2
bot_0,2995,gneE10,0.494103455957484,,,2
bot_0,3150,gneE10,0.500886585112348,,,2
bot_0,3348,gneE10,0.492428839162108,,,2
bot_0,3508,gneE10,0.500554929142612,,,2
bot_0,3711,gneE10,0.491191965035688,,,2
bot_0,3865,gneE10,0.500677824640038,,,2
bot_0,4062,gneE10,0.489816161538326,,,2
bot_0,4221,gneE10,0.501311319737552,,,2
bot_0,4431,gneE10,0.489825098153237,,,2
bot_0,4598,gneE10,0.501112665520199,,,2
bot_0,4810,gneE10,0.489688086959186,,,2
bot_0,4983,gneE10,0.500946593905409,,,2
bot_0,5197,gneE10,0.489619683515861,,,2
bot_0,5367,gneE10,0.500769479188467,,,2
bot_0,5576,gneE10,0.489542045197365,,,2
bot_0,5750,gneE10,0.50055113128437,,,2
bot_0,5965,gneE10,0.48949261873551,,,2
bot_0,6131,gneE10,0.500578642138358,,,2
bot_0,6349,gneE10,0.48951347796355,,,2
bot_0,6520,gneE10,0.500473940379161,,,2
bot_0,6731,gneE10,0.489532546367454,,,2
bot_0,6901,gneE10,0.500422589462582,,,2
bot_0,7112,gneE10,0.489504553350824,,,2
bot_0,7284,gneE10,0.500328456316473,,,2
bot_0,7498,gneE10,0.489470941384113,,,2
bot_0,7668,gneE10,0.50022873313329,,,2
bot_0,7885,gneE10,0.489385050903928,,,2
bot_0,8053,gneE10,0.500133195956055,,,2
bot_0,8266,gneE10,0.489394420501968,,,2
bot_0,8437,gneE10,0.500040445267939,,,2
bot_0,8645,gneE10,0.489361701204283,,,2
bot_0,8815,gneE10,0.49995244380065,,,2
bot_0,9027,gneE10,0.489362088749747,,,2
bot_0,9195,gneE10,0.499851924651236,,,2
bot_0,9405,gneE10,0.489266021471384,,,2
bot_0,9575,gneE10,0.499761218027485,,,2
bot_0,9788,gneE10,0.489308682798909,,,2
bot_0,9953,gneE10,0.499699300417371,,,2
bot_0,10170,gneE10,0.489199128545237,,,2
bot_0,10337,gneE10,0.49960931641277,,,2
bot_0,10551,gneE10,0.489153466146905,,,2
bot_0,10721,gneE10,0.499469739073549,,,2
bot_0,10929,gneE10,0.489057482509573,,,2
bot_0,11101,gneE10,0.499389881475598,,,2
bot_0,11314,gneE10,0.48905278248804,,,2
bot_0,11488,gneE10,0.499260633052334,,,2
bot_0,11698,gneE10,0.488961838899,,,2
bot_0,11869,gneE10,0.499170521609737,,,2
bot_0,12078,gneE10,0.488909723434055,,,2
bot_0,12249,gneE10,0.499034353588702,,,2
bot_0,12458,gneE10,0.488805776364696,,,2
bot_0,12627,gneE10,0.498993480800455,,,2
bot_0,12839,gneE10,0.488797474625166,,,2
bot_0,13009,gneE10,0.498909411822606,,,2
bot_0,13219,gneE10,0.488704568750966,,,2
bot_0,13393,gneE10,0.498738661150114,,,2
bot_0,13598,gneE10,0.488613190660272,,,2
bot_0,13763,gneE10,0.498701112751416,,,2
bot_0,13972,gneE10,0.488601383801305,,,2
bot_0,14143,gneE10,0.498675603829214,,,2
bot_0,14356,gneE10,0.488597108035546,,,2
bot_0,14533,gneE10,0.498602182953465,,,2
bot_0,14744,gneE10,0.488467751813435,,,2
bot_0,14913,gneE10,0.498475281776191,,,2
bot_0,15119,gneE10,0.488420826827005,,,2
bot_0,15293,gneE10,0.498415096914715,,,2
bot_0,15505,gneE10,0.488415594723426,,,2
bot_0,15676,gneE10,0.498332315370381,,,2
bot_0,15887,gneE10,0.488399938209542,,,2
bot_0,16056,gneE10,0.498338573339943,,,2
bot_0,16269,gneE10,0.488392969410657,,,2
bot_0,16439,gneE10,0.498257052501415,,,2
bot_0,16646,gneE10,0.488300783158264,,,2
bot_0,16817,gneE10,0.498141819595511,,,2
bot_0,17023,gneE10,0.488164730614986,,,2
bot_0,17193,gneE10,0.498026267575626,,,2
bot_0,17406,gneE10,0.488185204681226,,,2
bot_0,17578,gneE10,0.497987741938584,,,2
bot_0,17792,gneE10,0.488124659618118,,,2
bot_0,17962,gneE10,0.497945851565037,,,2
bot_0,18174,gneE10,0.488154434301964,,,2
bot_0,18346,gneE10,0.497918201798753,,,2
bot_0,18561,gneE10,0.488097580676017,,,2
bot_0,18731,gneE10,0.497929823941557,,,2
bot_0,18944,gneE10,0.488095286440075,,,2
bot_0,19112,gneE10,0.497852821100506,,,2
bot_0,19329,gneE10,0.488072543701481,,,2
bot_0,19499,gneE10,0.497817484767053,,,2
bot_0,19710,gneE10,0.487986016647637,,,2
bot_0,19883,gneE10,0.497711756633922,,,2
bot_0,299,gneE11,0.505372388938811,,,2
bot_0,538,gneE11,0.502180255337877,,,2
bot_0,655,gneE11,0.508746645522369,,,2
bot_0,888,gneE11,0.504615787197358,,,2
bot_0,1004,gneE11,0.513950059159227,,,2
bot_0,1239,gneE11,0.508189697451027,,,2
bot_0,1360,gneE11,0.520044409345173,,,2
bot_0,1595,gneE11,0.512969624574874,,,2
bot_0,1948,gneE11,0.504687870933773,,,2
bot_0,2305,gneE11,0.495210555982711,,,2
bot_0,2420,gneE11,0.495960621917163,,,2
bot_0,2662,gneE11,0.485235427960187,,,2
bot_0,2781,gneE11,0.488287394503423,,,2
bot_0,3015,gneE11,0.476631145133777,,,2
bot_0,3131,gneE11,0.481807702350953,,,2
bot_0,3368,gneE11,0.472808657807281,,,2
bot_0,3488,gneE11,0.479902079518398,,,2
bot_0,3729,gneE11,0.470035855997225,,,2
bot_0,3846,gneE11,0.478688841805536,,,2
bot_0,4081,gneE11,0.467532654976521,,,2
bot_0,4199,gneE11,0.478900656627253,,,2
bot_0,4450,gneE11,0.46732408212715,,,2
bot_0,4576,gneE11,0.47861323274727,,,2
bot_0,4832,gneE11,0.467180993464849,,,2
bot_0,4960,gneE11,0.478389586453316,,,2
bot_0,5218,gneE11,0.467019738454378,,,2
bot_0,5346,gneE11,0.477979862116542,,,2
bot_0,5598,gneE11,0.466706828598357,,,2
bot_0,5728,gneE11,0.477655113540503,,,2
bot_0,5985,gneE11,0.466501857196757,,,2
bot_0,6112,gneE11,0.477368654708669,,,2
bot_0,6370,gneE11,0.466256725105719,,,2
bot_0,6499,gneE11,0.47711414114361,,,2
bot_0,6753,gneE11,0.466153932296283,,,2
bot_0,6881,gneE11,0.47694424851747,,,2
bot_0,7135,gneE11,0.466015336355306,,,2
bot_0,7265,gneE11,0.476684442771179,,,2
bot_0,7519,gneE11,0.46578199538014,,,2
bot_0,7647,gneE11,0.476438826692696,,,2
bot_0,7905,gneE11,0.465556187162148,,,2
bot_0,8033,gneE11,0.476154651934105,,,2
bot_0,8287,gneE11,0.465369724386016,,,2
bot_0,8417,gneE11,0.475848346943358,,,2
bot_0,8667,gneE11,0.465157291080025,,,2
bot_0,8793,gneE11,0.475650260437912,,,2
bot_0,9048,gneE11,0.465045760047441,,,2
bot_0,9173,gneE11,0.475415178561603,,,2
bot_0,9426,gneE11,0.464746102820352,,,2
bot_0,9555,gneE11,0.47502301474929,,,2
bot_0,9807,gneE11,0.464476840046717,,,2
bot_0,9934,gneE11,0.474691404528688,,,2
bot_0,10190,gneE11,0.46414416401435,,,2
bot_0,10315,gneE11,0.47444359832983,,,2
bot_0,10573,gneE11,0.463975285807981,,,2
bot_0,10697,gneE11,0.474304693002748,,,2
bot_0,10950,gneE11,0.463881279920522,,,2
bot_0,11079,gneE11,0.474113868299172,,,2
bot_0,11334,gneE11,0.463690672159871,,,2
bot_0,11464,gneE11,0.473832752277467,,,2
bot_0,11720,gneE11,0.463444890831088,,,2
bot_0,11847,gneE11,0.473610196355605,,,2
bot_0,12098,gneE11,0.463263239514403,,,2
bot_0,12229,gneE11,0.473274289598233,,,2
bot_0,12478,gneE11,0.462996339115817,,,2
bot_0,12606,gneE11,0.473088993490069,,,2
bot_0,12859,gneE11,0.462843714224462,,,2
bot_0,12986,gneE11,0.472901782479361,,,2
bot_0,13241,gneE11,0.462652266126198,,,2
bot_0,13372,gneE11,0.472630005686878,,,2
bot_0,13618,gneE11,0.462448652165698,,,2
bot_0,13741,gneE11,0.472428777467542,,,2
bot_0,13992,gneE11,0.46224143158591,,,2
bot_0,14123,gneE11,0.472225388498862,,,2
bot_0,14376,gneE11,0.462027550626123,,,2
bot_0,14508,gneE11,0.472043460586802,,,2
bot_0,14766,gneE11,0.461868327299596,,,2
bot_0,14893,gneE11,0.471714748190092,,,2
bot_0,15142,gneE11,0.461647812054861,,,2
bot_0,15272,gneE11,0.471487949947379,,,2
bot_0,15526,gneE11,0.461438505472039,,,2
bot_0,15653,gneE11,0.471299136530999,,,2
bot_0,15906,gneE11,0.46124105773025,,,2
bot_0,16036,gneE11,0.471025302202608,,,2
bot_0,16290,gneE11,0.460993846342668,,,2
bot_0,16418,gneE11,0.470757511879374,,,2
bot_0,16668,gneE11,0.460749727314735,,,2
bot_0,16796,gneE11,0.470487403788837,,,2
bot_0,17046,gneE11,0.460540658901779,,,2
bot_0,17172,gneE11,0.470246587859646,,,2
bot_0,17426,gneE11,0.460353801345599,,,2
bot_0,17556,gneE11,0.470112754425063,,,2
bot_0,17815,gneE11,0.460230927024468,,,2
bot_0,17942,gneE11,0.469902985530106,,,2
bot_0,18195,gneE11,0.460019193087822,,,2
bot_0,18323,gneE11,0.46979212390074,,,2
bot_0,18582,gneE11,0.459925341273848,,,2
bot_0,18713,gneE11,0.469506832083234,,,2
bot_0,18965,gneE11,0.459663582352066,,,2
bot_0,19091,gneE11,0.469325585282696,,,2
bot_0,19351,gneE11,0.459496308784427,,,2
bot_0,19480,gneE11,0.469097018287712,,,2
bot_0,19735,gneE11,0.459324110062469,,,2
bot_0,19863,gneE11,0.468961317566113,,,2
bot_0,79,gneE2,0.487832660153615,,,2
bot_0,397,gneE2,0.489886576207661,,,2
bot_0,440,gneE2,0.477664956837796,,,2
bot_0,751,gneE2,0.480352695832423,,,2
bot_0,1105,gneE2,0.484061340487946,,,2
bot_0,1458,gneE2,0.488805576060842,,,2
bot_0,1812,gneE2,0.494754877433353,,,2
bot_0,2167,gneE2,0.501612757578823,,,2
bot_0,2519,gneE2,0.509375580045777,,,2
bot_0,2876,gneE2,0.517992620370345,,,2
bot_0,3229,gneE2,0.527458949067175,,,2
bot_0,3269,gneE2,0.527153825148027,,,2
bot_0,3589,gneE2,0.537130659885183,,,2
bot_0,3629,gneE2,0.534196479482534,,,2
bot_0,3942,gneE2,0.545179686787178,,,2
bot_0,3984,gneE2,0.537791304096577,,,2
bot_0,4305,gneE2,0.549445954033816,,,2
bot_0,4348,gneE2,0.538773071721668,,,2
bot_0,4681,gneE2,0.550385330261453,,,2
bot_0,4726,gneE2,0.539665622309294,,,2
bot_0,5069,gneE2,0.551115812285832,,,2
bot_0,5111,gneE2,0.540520356453006,,,2
bot_0,5448,gneE2,0.55192951493264,,,2
bot_0,5494,gneE2,0.541532278671346,,,2
bot_0,5836,gneE2,0.552826143158133,,,2
bot_0,5879,gneE2,0.542510044614053,,,2
bot_0,6219,gneE2,0.553718647101395,,,2
bot_0,6265,gneE2,0.543463825923683,,,2
bot_0,6605,gneE2,0.554538627343546,,,2
bot_0,6645,gneE2,0.544135285076963,,,2
bot_0,6985,gneE2,0.55513547691565,,,2
bot_0,7028,gneE2,0.544883940522328,,,2
bot_0,7371,gneE2,0.55585137550951,,,2
bot_0,7413,gneE2,0.545934173479473,,,2
bot_0,7753,gneE2,0.556866237054303,,,2
bot_0,7799,gneE2,0.546848916858407,,,2
bot_0,8140,gneE2,0.557724848018221,,,2
bot_0,8182,gneE2,0.547670316041461,,,2
bot_0,8520,gneE2,0.558487208908739,,,2
bot_0,8562,gneE2,0.548508130302455,,,2
bot_0,8900,gneE2,0.559244182180087,,,2
bot_0,8942,gneE2,0.549417109403783,,,2
bot_0,9278,gneE2,0.560131865639065,,,2
bot_0,9324,gneE2,0.550420632034661,,,2
bot_0,9659,gneE2,0.56106160506664,,,2
bot_0,9701,gneE2,0.551065432593605,,,2
bot_0,10039,gneE2,0.561661168690959,,,2
bot_0,10084,gneE2,0.551910597690121,,,2
bot_0,10423,gneE2,0.562466010122733,,,2
bot_0,10467,gneE2,0.552779823898054,,,2
bot_0,10802,gneE2,0.563291314704772,,,2
bot_0,10845,gneE2,0.553668309250748,,,2
bot_0,11186,gneE2,0.564143729588611,,,2
bot_0,11226,gneE2,0.554325331037371,,,2
bot_0,11571,gneE2,0.564763515354603,,,2
bot_0,11615,gneE2,0.555336720713352,,,2
bot_0,11953,gneE2,0.565736838760113,,,2
bot_0,11996,gneE2,0.556068885034293,,,2
bot_0,12331,gneE2,0.566460066681333,,,2
bot_0,12376,gneE2,0.556933607280312,,,2
bot_0,12711,gneE2,0.567292594198934,,,2
bot_0,12756,gneE2,0.557796610009198,,,2
bot_0,13093,gneE2,0.568124403653351,,,2
bot_0,13135,gneE2,0.558447681054717,,,2
bot_0,13474,gneE2,0.568743740955356,,,2
bot_0,13517,gneE2,0.559356808853354,,,2
bot_0,13845,gneE2,0.569645871967287,,,2
bot_0,13889,gneE2,0.560160853611508,,,2
bot_0,14229,gneE2,0.570372698004322,,,2
bot_0,14273,gneE2,0.561120702251599,,,2
bot_0,14617,gneE2,0.571333293684053,,,2
bot_0,14659,gneE2,0.561913587879275,,,2
bot_0,14995,gneE2,0.572093389448597,,,2
bot_0,15036,gneE2,0.562606169876454,,,2
bot_0,15379,gneE2,0.572735689542534,,,2
bot_0,15421,gneE2,0.563330617646324,,,2
bot_0,15761,gneE2,0.573433153683509,,,2
bot_0,15802,gneE2,0.564172098053662,,,2
bot_0,16139,gneE2,0.57424734918913,,,2
bot_0,16184,gneE2,0.564984577821116,,,2
bot_0,16519,gneE2,0.575064072315584,,,2
bot_0,16564,gneE2,0.565739485899762,,,2
bot_0,16897,gneE2,0.575794410414032,,,2
bot_0,16942,gneE2,0.566480192271726,,,2
bot_0,17277,gneE2,0.576513339583837,,,2
bot_0,17321,gneE2,0.567444825737056,,,2
bot_0,17665,gneE2,0.577433271458308,,,2
bot_0,17709,gneE2,0.56825577162385,,,2
bot_0,18046,gneE2,0.578218121371512,,,2
bot_0,18089,gneE2,0.568966144854358,,,2
bot_0,18430,gneE2,0.578935530727788,,,2
bot_0,18475,gneE2,0.569809554871348,,,2
bot_0,18814,gneE2,0.579758053093705,,,2
bot_0,18861,gneE2,0.570523877220398,,,2
bot_0,19197,gneE2,0.580451495458048,,,2
bot_0,19244,gneE2,0.571440922934634,,,2
bot_0,19582,gneE2,0.581375974685026,,,2
bot_0,19625,gneE2,0.572222689696879,,,2
bot_0,19967,gneE2,0.582085742951897,,,2
bot_0,99,gneE3,0.49582341270351,,,2
bot_0,378,gneE3,0.498108991573599,,,2
bot_0,459,gneE3,0.490018541151425,,,2
bot_0,731,gneE3,0.493080573554391,,,2
bot_0,811,gneE3,0.482132469844466,,,2
bot_0,1085,gneE3,0.48646117578269,,,2
bot_0,1162,gneE3,0.472411714491967,,,2
bot_0,1437,gneE3,0.477922358007848,,,2
bot_0,1792,gneE3,0.484746228403749,,,2
bot_0,2148,gneE3,0.492525199295135,,,2
bot_0,2498,gneE3,0.501444121488416,,,2
bot_0,2856,gneE3,0.511249794346425,,,2
bot_0,2937,gneE3,0.510294630768939,,,2
bot_0,3209,gneE3,0.521047639032964,,,2
bot_0,3289,gneE3,0.516622863284022,,,2
bot_0,3569,gneE3,0.528004646263231,,,2
bot_0,3650,gneE3,0.521657041615298,,,2
bot_0,3924,gneE3,0.532356311315424,,,2
bot_0,4003,gneE3,0.523238519693515,,,2
bot_0,4282,gneE3,0.534933890413631,,,2
bot_0,4369,gneE3,0.523856112242857,,,2
bot_0,4662,gneE3,0.535376312417367,,,2
bot_0,4746,gneE3,0.524307186413323,,,2
bot_0,5047,gneE3,0.535726626773401,,,2
bot_0,5132,gneE3,0.524666645975724,,,2
bot_0,5429,gneE3,0.536019982786666,,,2
bot_0,5514,gneE3,0.5251552695353,,,2
bot_0,5814,gneE3,0.536422847655752,,,2
bot_0,5900,gneE3,0.52571550220974,,,2
bot_0,6200,gneE3,0.536866750142328,,,2
bot_0,6285,gneE3,0.526136473417037,,,2
bot_0,6583,gneE3,0.537209064296023,,,2
bot_0,6666,gneE3,0.526482561725804,,,2
bot_0,6961,gneE3,0.537548291831331,,,2
bot_0,7049,gneE3,0.52696779324686,,,2
bot_0,7348,gneE3,0.537936681880999,,,2
bot_0,7434,gneE3,0.527513160585626,,,2
bot_0,7733,gneE3,0.53838836205013,,,2
bot_0,7821,gneE3,0.528005605606681,,,2
bot_0,8119,gneE3,0.538821960763618,,,2
bot_0,8204,gneE3,0.528430607582074,,,2
bot_0,8499,gneE3,0.539219980211971,,,2
bot_0,8581,gneE3,0.528797454711171,,,2
bot_0,8878,gneE3,0.539534269157069,,,2
bot_0,8962,gneE3,0.529255072331799,,,2
bot_0,9257,gneE3,0.539910058777084,,,2
bot_0,9345,gneE3,0.529813617346295,,,2
bot_0,9635,gneE3,0.54048651713613,,,2
bot_0,9723,gneE3,0.530271324258168,,,2
bot_0,10017,gneE3,0.540868990368374,,,2
bot_0,10104,gneE3,0.530696380341584,,,2
bot_0,10399,gneE3,0.541251165243601,,,2
bot_0,10488,gneE3,0.531114387822306,,,2
bot_0,10782,gneE3,0.541595248399083,,,2
bot_0,10866,gneE3,0.531609660708748,,,2
bot_0,11164,gneE3,0.542055584247473,,,2
bot_0,11248,gneE3,0.532015775105605,,,2
bot_0,11549,gneE3,0.542487178581552,,,2
bot_0,11635,gneE3,0.532562414856229,,,2
bot_0,11933,gneE3,0.542902051869698,,,2
bot_0,12017,gneE3,0.533005524075404,,,2
bot_0,12310,gneE3,0.543370496935545,,,2
bot_0,12397,gneE3,0.533583122001533,,,2
bot_0,12689,gneE3,0.543913321072047,,,2
bot_0,12775,gneE3,0.533998189747104,,,2
bot_0,13072,gneE3,0.544299706009242,,,2
bot_0,13157,gneE3,0.534425835179436,,,2
bot_0,13454,gneE3,0.544664286126376,,,2
bot_0,13537,gneE3,0.534909400702403,,,2
bot_0,13826,gneE3,0.54511265673074,,,2
bot_0,13908,gneE3,0.535227250723324,,,2
bot_0,14207,gneE3,0.545439060512223,,,2
bot_0,14294,gneE3,0.535716318864283,,,2
bot_0,14595,gneE3,0.545902302894459,,,2
bot_0,14682,gneE3,0.536136084389662,,,2
bot_0,14974,gneE3,0.546320162643197,,,2
bot_0,15056,gneE3,0.536606319569227,,,2
bot_0,15358,gneE3,0.546706614892261,,,2
bot_0,15441,gneE3,0.53700188501913,,,2
bot_0,15739,gneE3,0.547104759275803,,,2
bot_0,15823,gneE3,0.537414133890295,,,2
bot_0,16117,gneE3,0.547490070044059,,,2
bot_0,16203,gneE3,0.537746449372857,,,2
bot_0,16499,gneE3,0.547799539612483,,,2
bot_0,16585,gneE3,0.538155824259793,,,2
bot_0,16876,gneE3,0.548182650776556,,,2
bot_0,16962,gneE3,0.538571542135864,,,2
bot_0,17255,gneE3,0.54854559022537,,,2
bot_0,17340,gneE3,0.538940816422605,,,2
bot_0,17641,gneE3,0.548926530019449,,,2
bot_0,17729,gneE3,0.539328907356857,,,2
bot_0,18025,gneE3,0.549260967997664,,,2
bot_0,18110,gneE3,0.539778443711304,,,2
bot_0,18409,gneE3,0.549752097500161,,,2
bot_0,18497,gneE3,0.540268294178525,,,2
bot_0,18793,gneE3,0.550191226810348,,,2
bot_0,18881,gneE3,0.540674506259753,,,2
bot_0,19174,gneE3,0.550603252345068,,,2
bot_0,19266,gneE3,0.541305824822326,,,2
bot_0,19562,gneE3,0.551158806558559,,,2
bot_0,19647,gneE3,0.541760020997205,,,2
bot_0,19944,gneE3,0.551651772612774,,,2
bot_0,358,gneE4,0.502864685594853,,,2
bot_0,479,gneE4,0.49709237058415,,,2
bot_0,710,gneE4,0.500646428712775,,,2
bot_0,829,gneE4,0.492538483105437,,,2
bot_0,1064,gneE4,0.4976363601026,,,2
bot_0,1182,gneE4,0.487146717343847,,,2
bot_0,1418,gneE4,0.493610693285767,,,2
bot_0,1537,gneE4,0.480850290750089,,,2
bot_0,1774,gneE4,0.488696262366694,,,2
bot_0,2128,gneE4,0.497679837733418,,,2
bot_0,2478,gneE4,0.507925733984256,,,2
bot_0,2603,gneE4,0.505677262127096,,,2
bot_0,2837,gneE4,0.51692869512621,,,2
bot_0,2956,gneE4,0.513053654853576,,,2
bot_0,3188,gneE4,0.521653061333329,,,2
bot_0,3309,gneE4,0.515289565118795,,,2
bot_0,3550,gneE4,0.524518627133935,,,2
bot_0,3671,gneE4,0.516745481948528,,,2
bot_0,3904,gneE4,0.527210777977726,,,2
bot_0,4023,gneE4,0.51722119262503,,,2
bot_0,4263,gneE4,0.528843084560716,,,2
bot_0,4390,gneE4,0.517554947885271,,,2
bot_0,4640,gneE4,0.529034741392618,,,2
bot_0,4766,gneE4,0.517789595376044,,,2
bot_0,5027,gneE4,0.529172296622403,,,2
bot_0,5155,gneE4,0.518085431903936,,,2
bot_0,5408,gneE4,0.529405875551664,,,2
bot_0,5537,gneE4,0.518418104857499,,,2
bot_0,5793,gneE4,0.529612175328846,,,2
bot_0,5920,gneE4,0.518641289845192,,,2
bot_0,6178,gneE4,0.52975284281223,,,2
bot_0,6306,gneE4,0.518845793999679,,,2
bot_0,6562,gneE4,0.529878805428379,,,2
bot_0,6687,gneE4,0.519069264229752,,,2
bot_0,6941,gneE4,0.53006927381784,,,2
bot_0,7070,gneE4,0.519321259149696,,,2
bot_0,7327,gneE4,0.53021983914512,,,2
bot_0,7456,gneE4,0.51959184318234,,,2
bot_0,7711,gneE4,0.530464586510634,,,2
bot_0,7843,gneE4,0.519886560617182,,,2
bot_0,8097,gneE4,0.530700289329961,,,2
bot_0,8224,gneE4,0.520126398542553,,,2
bot_0,8479,gneE4,0.530846793063878,,,2
bot_0,8604,gneE4,0.520404082104614,,,2
bot_0,8857,gneE4,0.531108067967855,,,2
bot_0,8984,gneE4,0.520707928341108,,,2
bot_0,9235,gneE4,0.531360893519145,,,2
bot_0,9364,gneE4,0.521072575394013,,,2
bot_0,9616,gneE4,0.531677561360111,,,2
bot_0,9746,gneE4,0.521362826257428,,,2
bot_0,9995,gneE4,0.531925323429625,,,2
bot_0,10125,gneE4,0.521523859824655,,,2
bot_0,10380,gneE4,0.53200864294288,,,2
bot_0,10510,gneE4,0.521771402806938,,,2
bot_0,10760,gneE4,0.532248989154251,,,2
bot_0,10888,gneE4,0.522070770890238,,,2
bot_0,11143,gneE4,0.532513947246641,,,2
bot_0,11269,gneE4,0.522242213483909,,,2
bot_0,11530,gneE4,0.532617762223035,,,2
bot_0,11656,gneE4,0.522446638316975,,,2
bot_0,11909,gneE4,0.532848186607451,,,2
bot_0,12036,gneE4,0.522714826438764,,,2
bot_0,12288,gneE4,0.533043667238164,,,2
bot_0,12416,gneE4,0.523007242559683,,,2
bot_0,12668,gneE4,0.533302783878133,,,2
bot_0,12795,gneE4,0.523294878500008,,,2
bot_0,13050,gneE4,0.533596002376853,,,2
bot_0,13178,gneE4,0.523553495656383,,,2
bot_0,13433,gneE4,0.533756028449929,,,2
bot_0,13556,gneE4,0.523761685111784,,,2
bot_0,13805,gneE4,0.533960405711813,,,2
bot_0,13928,gneE4,0.523988183872081,,,2
bot_0,14186,gneE4,0.534166665771005,,,2
bot_0,14314,gneE4,0.524266267833838,,,2
bot_0,14576,gneE4,0.534387095086585,,,2
bot_0,14704,gneE4,0.524453489347595,,,2
bot_0,14956,gneE4,0.534540978182671,,,2
bot_0,15077,gneE4,0.524590614727684,,,2
bot_0,15335,gneE4,0.534688715416572,,,2
bot_0,15462,gneE4,0.524812613112979,,,2
bot_0,15716,gneE4,0.534881311098036,,,2
bot_0,15843,gneE4,0.525035931045047,,,2
bot_0,16096,gneE4,0.535113957211456,,,2
bot_0,16227,gneE4,0.525341662758882,,,2
bot_0,16479,gneE4,0.535361201117048,,,2
bot_0,16605,gneE4,0.52550439274655,,,2
bot_0,16856,gneE4,0.53549778130717,,,2
bot_0,16984,gneE4,0.525784175953689,,,2
bot_0,17234,gneE4,0.535754844209887,,,2
bot_0,17363,gneE4,0.526053456849661,,,2
bot_0,17621,gneE4,0.535974856198237,,,2
bot_0,17751,gneE4,0.526285999096454,,,2
bot_0,18003,gneE4,0.536214147266508,,,2
bot_0,18129,gneE4,0.52644303424681,,,2
bot_0,18388,gneE4,0.536354422304353,,,2
bot_0,18517,gneE4,0.526653900681407,,,2
bot_0,18773,gneE4,0.536543504959018,,,2
bot_0,18902,gneE4,0.526863255682021,,,2
bot_0,19154,gneE4,0.536728062188,,,2
bot_0,19285,gneE4,0.527120593688539,,,2
bot_0,19541,gneE4,0.536935072035274,,,2
bot_0,19669,gneE4,0.527356048362351,,,2
bot_0,19925,gneE4,0.53718796583701,,,2
bot_0,338,gneE5,0.503448999435836,,,2
bot_0,500,gneE5,0.499045956855154,,,2
bot_0,691,gneE5,0.503397083724398,,,2
bot_0,849,gneE5,0.497206067873835,,,2
bot_0,1043,gneE5,0.503160048450665,,,2
bot_0,1201,gneE5,0.494784414796542,,,2
bot_0,1399,gneE5,0.502531780426478,,,2
bot_0,1557,gneE5,0.49251832569853,,,2
bot_0,1755,gneE5,0.501742622288783,,,2
bot_0,1909,gneE5,0.489665170662531,,,2
bot_0,2108,gneE5,0.500205749817516,,,2
bot_0,2266,gneE5,0.497799133861466,,,2
bot_0,2460,gneE5,0.509782129608761,,,2
bot_0,2624,gneE5,0.505423422593464,,,2
bot_0,2819,gneE5,0.511823152732994,,,2
bot_0,2975,gneE5,0.506022733061411,,,2
bot_0,3169,gneE5,0.513829419171253,,,2
bot_0,3329,gneE5,0.50623226555514,,,2
bot_0,3529,gneE5,0.515005516388939,,,2
bot_0,3692,gneE5,0.506352108484046,,,2
bot_0,3884,gneE5,0.516383540611089,,,2
bot_0,4044,gneE5,0.505984534624355,,,2
bot_0,4243,gneE5,0.5175571872724,,,2
bot_0,4411,gneE5,0.506202963496542,,,2
bot_0,4619,gneE5,0.517627561697136,,,2
bot_0,4787,gneE5,0.506217796176238,,,2
bot_0,5005,gneE5,0.517549436586133,,,2
bot_0,5177,gneE5,0.506341210752519,,,2
bot_0,5389,gneE5,0.517526925573279,,,2
bot_0,5557,gneE5,0.506424447799341,,,2
bot_0,5772,gneE5,0.517567981714398,,,2
bot_0,5941,gneE5,0.506492239592429,,,2
bot_0,6155,gneE5,0.517549015142319,,,2
bot_0,6328,gneE5,0.506547168669868,,,2
bot_0,6540,gneE5,0.517572223975465,,,2
bot_0,6709,gneE5,0.506655388634228,,,2
bot_0,6921,gneE5,0.517565493314868,,,2
bot_0,7090,gneE5,0.50666475852728,,,2
bot_0,7307,gneE5,0.517469353528429,,,2
bot_0,7477,gneE5,0.506681139237049,,,2
bot_0,7691,gneE5,0.51742220228835,,,2
bot_0,7863,gneE5,0.506635124857238,,,2
bot_0,8078,gneE5,0.517317577005282,,,2
bot_0,8247,gneE5,0.506694535200493,,,2
bot_0,8456,gneE5,0.517446076046321,,,2
bot_0,8623,gneE5,0.506786184834655,,,2
bot_0,8838,gneE5,0.517405752314466,,,2
bot_0,9006,gneE5,0.506887591963974,,,2
bot_0,9215,gneE5,0.517452499605701,,,2
bot_0,9383,gneE5,0.506883972798258,,,2
bot_0,9594,gneE5,0.517483807815446,,,2
bot_0,9767,gneE5,0.507060691432159,,,2
bot_0,9975,gneE5,0.517533136686867,,,2
bot_0,10149,gneE5,0.50714694714404,,,2
bot_0,10358,gneE5,0.517664922649439,,,2
bot_0,10529,gneE5,0.507221159418577,,,2
bot_0,10741,gneE5,0.517611648746602,,,2
bot_0,10909,gneE5,0.507261765904488,,,2
bot_0,11122,gneE5,0.517659782768889,,,2
bot_0,11291,gneE5,0.507348072819211,,,2
bot_0,11508,gneE5,0.517672161135628,,,2
bot_0,11675,gneE5,0.507348578939307,,,2
bot_0,11889,gneE5,0.51767007380114,,,2
bot_0,12056,gneE5,0.507436063260948,,,2
bot_0,12268,gneE5,0.517676839435722,,,2
bot_0,12436,gneE5,0.507480436264729,,,2
bot_0,12647,gneE5,0.517729054930202,,,2
bot_0,12817,gneE5,0.507607543395182,,,2
bot_0,13031,gneE5,0.517790498018809,,,2
bot_0,13199,gneE5,0.507696095174051,,,2
bot_0,13412,gneE5,0.517887984087243,,,2
bot_0,13578,gneE5,0.507838699024804,,,2
bot_0,13785,gneE5,0.517949659804224,,,2
bot_0,13949,gneE5,0.507873981001991,,,2
bot_0,14165,gneE5,0.518010180343362,,,2
bot_0,14334,gneE5,0.507957451597682,,,2
bot_0,14555,gneE5,0.518029937311967,,,2
bot_0,14726,gneE5,0.508040579763715,,,2
bot_0,14934,gneE5,0.51811460013769,,,2
bot_0,15099,gneE5,0.508176203375088,,,2
bot_0,15316,gneE5,0.518194044466482,,,2
bot_0,15485,gneE5,0.508266769399777,,,2
bot_0,15696,gneE5,0.518292763509105,,,2
bot_0,15865,gneE5,0.508392432961741,,,2
bot_0,16077,gneE5,0.518392323941087,,,2
bot_0,16246,gneE5,0.508471281786649,,,2
bot_0,16458,gneE5,0.51844832015858,,,2
bot_0,16625,gneE5,0.508506792314183,,,2
bot_0,16837,gneE5,0.51837509452245,,,2
bot_0,17004,gneE5,0.508504256457177,,,2
bot_0,17212,gneE5,0.518470050720082,,,2
bot_0,17383,gneE5,0.508615898613743,,,2
bot_0,17598,gneE5,0.518528314651249,,,2
bot_0,17771,gneE5,0.508689184368393,,,2
bot_0,17982,gneE5,0.51857350548059,,,2
bot_0,18151,gneE5,0.50876649627461,,,2
bot_0,18365,gneE5,0.518672067821652,,,2
bot_0,18539,gneE5,0.508873542879543,,,2
bot_0,18754,gneE5,0.518681090628094,,,2
bot_0,18923,gneE5,0.508913709099258,,,2
bot_0,19133,gneE5,0.518734555893014,,,2
bot_0,19306,gneE5,0.508978029810941,,,2
bot_0,19520,gneE5,0.518781500141631,,,2
bot_0,19690,gneE5,0.509101526317867,,,2
bot_0,19905,gneE5,0.518851430054117,,,2
bot_0,279,gneE8,0.507484847305271,,,2
bot_0,556,gneE8,0.504831348376353,,,2
bot_0,636,gneE8,0.513834891419898,,,2
bot_0,908,gneE8,0.510258603005478,,,2
bot_0,986,gneE8,0.522920698576131,,,2
bot_0,1258,gneE8,0.518010110903345,,,2
bot_0,1614,gneE8,0.511778211126872,,,2
bot_0,1967,gneE8,0.504590153966727,,,2
bot_0,2324,gneE8,0.496383829017176,,,2
bot_0,2682,gneE8,0.487073135339438,,,2
bot_0,3033,gneE8,0.476805958676792,,,2
bot_0,3112,gneE8,0.479250080100628,,,2
bot_0,3389,gneE8,0.468158112632038,,,2
bot_0,3468,gneE8,0.473371983570476,,,2
bot_0,3748,gneE8,0.461560520969081,,,2
bot_0,3826,gneE8,0.468939030057199,,,2
bot_0,4100,gneE8,0.457607086710468,,,2
bot_0,4178,gneE8,0.468567008330393,,,2
bot_0,4471,gneE8,0.456991393257053,,,2
bot_0,4555,gneE8,0.4680964027781,,,2
bot_0,4852,gneE8,0.456591932973155,,,2
bot_0,4938,gneE8,0.467615229181839,,,2
bot_0,5239,gneE8,0.456210635589271,,,2
bot_0,5322,gneE8,0.467213473835862,,,2
bot_0,5619,gneE8,0.455907002141577,,,2
bot_0,5706,gneE8,0.466757179731799,,,2
bot_0,6005,gneE8,0.455533828458589,,,2
bot_0,6092,gneE8,0.466195474608562,,,2
bot_0,6391,gneE8,0.455083714448085,,,2
bot_0,6478,gneE8,0.465683245514078,,,2
bot_0,6774,gneE8,0.454680884048633,,,2
bot_0,6859,gneE8,0.465117224174576,,,2
bot_0,7155,gneE8,0.454084368238396,,,2
bot_0,7242,gneE8,0.464643529033272,,,2
bot_0,7539,gneE8,0.453673904767703,,,2
bot_0,7626,gneE8,0.464161281124039,,,2
bot_0,7928,gneE8,0.453313696884769,,,2
bot_0,8011,gneE8,0.463732571580257,,,2
bot_0,8308,gneE8,0.45294724675702,,,2
bot_0,8395,gneE8,0.463242678349365,,,2
bot_0,8685,gneE8,0.452446930159815,,,2
bot_0,8773,gneE8,0.462686417439998,,,2
bot_0,9067,gneE8,0.451974423305418,,,2
bot_0,9151,gneE8,0.462230101910314,,,2
bot_0,9447,gneE8,0.451532863184034,,,2
bot_0,9535,gneE8,0.461607125716538,,,2
bot_0,9828,gneE8,0.451019779370323,,,2
bot_0,9913,gneE8,0.461104979416315,,,2
bot_0,10212,gneE8,0.450555704359483,,,2
bot_0,10296,gneE8,0.460519813343361,,,2
bot_0,10593,gneE8,0.449983074063979,,,2
bot_0,10677,gneE8,0.460079272491169,,,2
bot_0,10970,gneE8,0.449587427446152,,,2
bot_0,11058,gneE8,0.459578208319309,,,2
bot_0,11356,gneE8,0.44911995471043,,,2
bot_0,11443,gneE8,0.459074147031955,,,2
bot_0,11741,gneE8,0.44865458012483,,,2
bot_0,11825,gneE8,0.458730127045018,,,2
bot_0,12118,gneE8,0.448348580845833,,,2
bot_0,12204,gneE8,0.45830135241626,,,2
bot_0,12499,gneE8,0.447982157609383,,,2
bot_0,12585,gneE8,0.4579078141478,,,2
bot_0,12878,gneE8,0.447561455151051,,,2
bot_0,12966,gneE8,0.457455852005084,,,2
bot_0,13262,gneE8,0.447201070688492,,,2
bot_0,13350,gneE8,0.456924596394726,,,2
bot_0,13638,gneE8,0.446706667849911,,,2
bot_0,13722,gneE8,0.456441559639109,,,2
bot_0,14013,gneE8,0.446220255562093,,,2
bot_0,14101,gneE8,0.456037969591354,,,2
bot_0,14398,gneE8,0.445839677813772,,,2
bot_0,14487,gneE8,0.455639600725892,,,2
bot_0,14787,gneE8,0.445436499275618,,,2
bot_0,14872,gneE8,0.455194769457826,,,2
bot_0,15162,gneE8,0.445057897355512,,,2
bot_0,15249,gneE8,0.454800788863006,,,2
bot_0,15547,gneE8,0.444682198550562,,,2
bot_0,15632,gneE8,0.454303474374318,,,2
bot_0,15929,gneE8,0.444242087307417,,,2
bot_0,16016,gneE8,0.453850594205143,,,2
bot_0,16310,gneE8,0.443786291045582,,,2
bot_0,16398,gneE8,0.453291584527632,,,2
bot_0,16689,gneE8,0.44325179135631,,,2
bot_0,16773,gneE8,0.452965277766111,,,2
bot_0,17066,gneE8,0.442949970900766,,,2
bot_0,17150,gneE8,0.452560551092068,,,2
bot_0,17446,gneE8,0.442564907043271,,,2
bot_0,17533,gneE8,0.452153765073832,,,2
bot_0,17836,gneE8,0.442203147326932,,,2
bot_0,17922,gneE8,0.451706820304113,,,2
bot_0,18217,gneE8,0.441783880831281,,,2
bot_0,18302,gneE8,0.451415414954066,,,2
bot_0,18603,gneE8,0.441482225777532,,,2
bot_0,18689,gneE8,0.45101383934405,,,2
bot_0,18984,gneE8,0.44110391888234,,,2
bot_0,19070,gneE8,0.45060594939925,,,2
bot_0,19372,gneE8,0.440740894217075,,,2
bot_0,19458,gneE8,0.450238496553787,,,2
bot_0,19756,gneE8,0.440367096280031,,,2
bot_0,19842,gneE8,0.449936742286105,,,2
bot_0,259,gneE9,0.511412020210492,,,2
bot_0,575,gneE9,0.509075685014393,,,2
bot_0,617,gneE9,0.522670012280353,,,2
bot_0,927,gneE9,0.51959289428314,,,2
bot_0,1278,gneE9,0.515370999665194,,,2
bot_0,1635,gneE9,0.509957583336209,,,2
bot_0,1987,gneE9,0.503598216719894,,,2
bot_0,2344,gneE9,0.496414573843301,,,2
bot_0,2701,gneE9,0.488225383597643,,,2
bot_0,3053,gneE9,0.47919693577891,,,2
bot_0,3408,gneE9,0.469396164049235,,,2
bot_0,3448,gneE9,0.471084202379558,,,2
bot_0,3766,gneE9,0.460601414702344,,,2
bot_0,3805,gneE9,0.465549148940302,,,2
bot_0,4118,gneE9,0.454046418816443,,,2
bot_0,4159,gneE9,0.464046782902007,,,2
bot_0,4489,gneE9,0.452379674693586,,,2
bot_0,4534,gneE9,0.463125882515982,,,2
bot_0,4874,gneE9,0.451594337458113,,,2
bot_0,4919,gneE9,0.462140937067144,,,2
bot_0,5261,gneE9,0.450710971699691,,,2
bot_0,5303,gneE9,0.461273931094835,,,2
bot_0,5641,gneE9,0.449940657769754,,,2
bot_0,5685,gneE9,0.460310708822585,,,2
bot_0,6026,gneE9,0.449090103661163,,,2
bot_0,6070,gneE9,0.459489260014744,,,2
bot_0,6413,gneE9,0.44837642584671,,,2
bot_0,6455,gneE9,0.458702683615191,,,2
bot_0,6794,gneE9,0.447637400068831,,,2
bot_0,6838,gneE9,0.457763020400335,,,2
bot_0,7177,gneE9,0.446735288335231,,,2
bot_0,7222,gneE9,0.456955406569526,,,2
bot_0,7563,gneE9,0.446019549454186,,,2
bot_0,7604,gneE9,0.456288158834652,,,2
bot_0,7948,gneE9,0.445384516141886,,,2
bot_0,7990,gneE9,0.455596541173701,,,2
bot_0,8328,gneE9,0.444781488082205,,,2
bot_0,8373,gneE9,0.454693719687949,,,2
bot_0,8708,gneE9,0.443902850567894,,,2
bot_0,8753,gneE9,0.453766614655278,,,2
bot_0,9088,gneE9,0.443055184731838,,,2
bot_0,9130,gneE9,0.452951086268847,,,2
bot_0,9468,gneE9,0.442258837085626,,,2
bot_0,9514,gneE9,0.452058797179397,,,2
bot_0,9847,gneE9,0.441412792701215,,,2
bot_0,9889,gneE9,0.451355356219291,,,2
bot_0,10233,gneE9,0.440777597362323,,,2
bot_0,10273,gneE9,0.450429430024622,,,2
bot_0,10615,gneE9,0.439896125509984,,,2
bot_0,10655,gneE9,0.449627201534629,,,2
bot_0,10991,gneE9,0.439080176343582,,,2
bot_0,11037,gneE9,0.448711188281342,,,2
bot_0,11378,gneE9,0.438225243881167,,,2
bot_0,11421,gneE9,0.447944024362618,,,2
bot_0,11762,gneE9,0.437524722890802,,,2
bot_0,11805,gneE9,0.447186150479779,,,2
bot_0,12138,gneE9,0.436778734685986,,,2
bot_0,12184,gneE9,0.446295745345271,,,2
bot_0,12520,gneE9,0.435918967223695,,,2
bot_0,12565,gneE9,0.445417675001336,,,2
bot_0,12901,gneE9,0.435102072757435,,,2
bot_0,12947,gneE9,0.444463137985491,,,2
bot_0,13284,gneE9,0.43417802267625,,,2
bot_0,13326,gneE9,0.443716164246793,,,2
bot_0,13658,gneE9,0.433466977554843,,,2
bot_0,13701,gneE9,0.442827033082427,,,2
bot_0,14034,gneE9,0.432577802933525,,,2
bot_0,14081,gneE9,0.441987577562378,,,2
bot_0,14419,gneE9,0.431762119206385,,,2
bot_0,14464,gneE9,0.441252162351481,,,2
bot_0,14810,gneE9,0.431051873533031,,,2
bot_0,14852,gneE9,0.440493755145515,,,2
bot_0,15182,gneE9,0.430330603263952,,,2
bot_0,15228,gneE9,0.43962723870802,,,2
bot_0,15568,gneE9,0.429509278597575,,,2
bot_0,15609,gneE9,0.438992504609954,,,2
bot_0,15950,gneE9,0.428875361590537,,,2
bot_0,15995,gneE9,0.438161244688294,,,2
bot_0,16330,gneE9,0.428069793600244,,,2
bot_0,16373,gneE9,0.437506317876073,,,2
bot_0,16711,gneE9,0.427492218128524,,,2
bot_0,16754,gneE9,0.436697572058726,,,2
bot_0,17087,gneE9,0.426655338820602,,,2
bot_0,17131,gneE9,0.435827050890435,,,2
bot_0,17467,gneE9,0.425805137634586,,,2
bot_0,17510,gneE9,0.435065250885186,,,2
bot_0,17857,gneE9,0.425086619399574,,,2
bot_0,17900,gneE9,0.434337343660911,,,2
bot_0,18239,gneE9,0.424411846950343,,,2
bot_0,18283,gneE9,0.43367530938572,,,2
bot_0,18625,gneE9,0.423741846137923,,,2
bot_0,18669,gneE9,0.432858128759179,,,2
bot_0,19006,gneE9,0.422921547878841,,,2
bot_0,19049,gneE9,0.432102502028478,,,2
bot_0,19394,gneE9,0.422182423867359,,,2
bot_0,19436,gneE9,0.431475163075393,,,2
bot_0,19778,gneE9,0.421576917532712,,,2
bot_0,19822,gneE9,0.430754153355276,,,2
