time,edge,probability (value_coeff),expect,true,no.of neighbours
126,-gneE1,0.5,126,126,2
170,-gneE1,0.502943316264267,44,34,2
508,-gneE1,0.502523155949347,382,372,2
553,-gneE1,0.503782711694663,45,35,2
888,-gneE1,0.503395086138541,380,370,2
931,-gneE1,0.504943920795722,43,34,2
1273,-gneE1,0.50461693530029,385,376,2
1316,-gneE1,0.505912099535694,43,35,2
1660,-gneE1,0.505633299462432,387,379,2
1704,-gneE1,0.506869118759354,44,35,2
2040,-gneE1,0.506558331105765,380,371,2
2082,-gneE1,0.507804726147783,42,33,2
2416,-gneE1,0.507497453052847,376,367,2
2460,-gneE1,0.508986698843929,44,34,2
2802,-gneE1,0.508660338977687,386,376,2
2847,-gneE1,0.509803271463175,45,36,2
3184,-gneE1,0.509511174756383,382,373,2
3228,-gneE1,0.510806423645749,44,36,2
3564,-gneE1,0.510549013676643,380,372,2
3606,-gneE1,0.511968721103638,42,34,2
3945,-gneE1,0.511715135869065,381,373,2
3990,-gneE1,0.51296277134622,45,37,2
4329,-gneE1,0.512713958438003,384,376,2
4373,-gneE1,0.513708009493566,44,35,2
4715,-gneE1,0.513432357183908,386,377,2
4757,-gneE1,0.514404948636702,42,33,2
5093,-gneE1,0.514126005603637,378,369,2
5136,-gneE1,0.51536526102359,43,36,2
5474,-gneE1,0.515151817654171,381,374,2
5519,-gneE1,0.516352477503495,45,36,2
5854,-gneE1,0.516079456905508,380,371,2
5899,-gneE1,0.517270908925466,45,36,2
6239,-gneE1,0.517003398228783,385,376,2
6282,-gneE1,0.518067075032576,43,35,2
6617,-gneE1,0.517826503642376,378,370,2
6659,-gneE1,0.519043521007017,42,33,2
6996,-gneE1,0.518775290462007,379,370,2
7038,-gneE1,0.519850324241712,42,32,2
7372,-gneE1,0.519551678337826,376,366,2
7418,-gneE1,0.52058351723084,46,38,2
7755,-gneE1,0.520350293566423,383,375,2
7799,-gneE1,0.521376365648179,44,35,2
8134,-gneE1,0.521112624999568,379,370,2
8176,-gneE1,0.522026747790687,42,34,2
8515,-gneE1,0.5217947219434,381,373,2
8557,-gneE1,0.522846553002798,42,33,2
8895,-gneE1,0.522586093600595,380,371,2
8937,-gneE1,0.523777940912028,42,35,2
9271,-gneE1,0.523574134216056,376,369,2
9315,-gneE1,0.524719191628038,44,36,2
9654,-gneE1,0.524491535628763,383,375,2
9698,-gneE1,0.525516818631624,44,34,2
10029,-gneE1,0.5252273799788,375,365,2
10073,-gneE1,0.52661501650538,44,36,2
10413,-gneE1,0.526389811008266,384,376,2
10457,-gneE1,0.527494861576922,44,34,2
10793,-gneE1,0.527211489415624,380,370,2
10839,-gneE1,0.528324925238152,46,36,2
11170,-gneE1,0.528040350232886,377,367,2
11213,-gneE1,0.529317023701006,43,34,2
11552,-gneE1,0.529065167132966,382,373,2
11595,-gneE1,0.530337270473971,43,33,2
11937,-gneE1,0.530060580109934,385,375,2
11980,-gneE1,0.531162149094812,43,34,2
12324,-gneE1,0.530915253843317,387,378,2
12367,-gneE1,0.532038937886164,43,34,2
12701,-gneE1,0.531786301866182,377,368,2
12745,-gneE1,0.532647364585274,44,35,2
13087,-gneE1,0.53240139833711,386,377,2
13130,-gneE1,0.5334057383196,43,34,2
13469,-gneE1,0.533157948589029,382,373,2
13511,-gneE1,0.534298005124536,42,34,2
13852,-gneE1,0.53407896859508,383,375,2
13896,-gneE1,0.535054120930429,44,35,2
14234,-gneE1,0.534807762552188,382,373,2
14276,-gneE1,0.535815311852063,42,33,2
14617,-gneE1,0.535570277021212,383,374,2
14662,-gneE1,0.536648647923591,45,36,2
15000,-gneE1,0.536404272196923,383,374,2
15046,-gneE1,0.537231245381914,46,37,2
15379,-gneE1,0.53698492967415,379,370,2
15424,-gneE1,0.53793844558123,45,37,2
15761,-gneE1,0.537721769205097,382,374,2
15805,-gneE1,0.53868393791059,44,35,2
16142,-gneE1,0.53844013969846,381,372,2
16184,-gneE1,0.539446776166982,42,34,2
16521,-gneE1,0.539229443618727,379,371,2
16565,-gneE1,0.540332298331337,44,36,2
16907,-gneE1,0.540119413274003,386,378,2
16951,-gneE1,0.540945651636153,44,35,2
17289,-gneE1,0.540704202259503,382,373,2
17332,-gneE1,0.541789028000661,43,34,2
17670,-gneE1,0.541547484478189,381,372,2
17715,-gneE1,0.54248750137655,45,38,2
18058,-gneE1,0.542303432365523,388,381,2
18101,-gneE1,0.543370895904717,43,36,2
18445,-gneE1,0.543186749650875,387,380,2
18489,-gneE1,0.544239665679893,44,36,2
18831,-gneE1,0.544029111562905,386,378,2
18876,-gneE1,0.545056200997436,45,35,2
19213,-gneE1,0.544790793903399,382,372,2
19257,-gneE1,0.545756146304687,44,36,2
19592,-gneE1,0.545542562949589,379,371,2
19636,-gneE1,0.546462218875598,44,36,2
19976,-gneE1,0.546251829763599,384,376,2
277,-gneE10,0.5,43,35,2
405,-gneE10,0.499220777719366,171,163,2
656,-gneE10,0.499643173357795,40,31,2
784,-gneE10,0.498839329710026,168,159,2
1039,-gneE10,0.499275594744071,44,37,2
1167,-gneE10,0.498699319325084,172,165,2
1424,-gneE10,0.49906656681196,44,36,2
1554,-gneE10,0.498440909006283,174,166,2
1808,-gneE10,0.498753061599156,43,33,2
1933,-gneE10,0.497966420145773,168,158,2
2187,-gneE10,0.49831668055044,42,33,2
2312,-gneE10,0.497620926195084,167,158,2
2567,-gneE10,0.498008231867542,43,33,2
2697,-gneE10,0.497276532701367,173,163,2
2952,-gneE10,0.497654510698767,41,32,2
3080,-gneE10,0.496991538869396,169,160,2
3332,-gneE10,0.497324739881808,41,33,2
3458,-gneE10,0.496736846268979,167,159,2
3709,-gneE10,0.497069068643741,41,33,2
3839,-gneE10,0.496502198273054,171,163,2
4097,-gneE10,0.496860472950638,41,32,2
4226,-gneE10,0.496226371795256,170,161,2
4478,-gneE10,0.49658926845378,42,33,2
4608,-gneE10,0.495968969998516,172,163,2
4860,-gneE10,0.49632836705296,42,34,2
4990,-gneE10,0.495782147633148,172,164,2
5243,-gneE10,0.496177940905704,42,34,2
5369,-gneE10,0.495623482979575,168,160,2
5624,-gneE10,0.495975609385763,41,32,2
5748,-gneE10,0.495345507395597,165,156,2
6006,-gneE10,0.49569146780194,42,33,2
6131,-gneE10,0.495073516691161,167,158,2
6384,-gneE10,0.495421725331091,40,32,2
6511,-gneE10,0.494876197066785,167,159,2
6762,-gneE10,0.495224495806627,40,32,2
6891,-gneE10,0.494688883328664,169,161,2
7142,-gneE10,0.495033858692579,41,32,2
7268,-gneE10,0.494427731344644,167,158,2
7522,-gneE10,0.494768385738024,41,32,2
7649,-gneE10,0.494169308904835,168,159,2
7898,-gneE10,0.494475641546968,40,30,2
8027,-gneE10,0.493817489471515,169,159,2
8282,-gneE10,0.494116054150564,41,32,2
8409,-gneE10,0.493523256920305,168,159,2
8661,-gneE10,0.493824403965811,41,32,2
8790,-gneE10,0.493241439319233,170,161,2
9042,-gneE10,0.49350191969874,44,35,2
9168,-gneE10,0.492921645409325,170,161,2
9424,-gneE10,0.493215995568439,44,35,2
9551,-gneE10,0.492641690950569,171,162,2
9799,-gneE10,0.492941866140757,39,29,2
9927,-gneE10,0.492291207105078,167,157,2
10181,-gneE10,0.492617382072515,42,34,2
10306,-gneE10,0.492098965456811,167,159,2
10562,-gneE10,0.492426034767646,42,33,2
10690,-gneE10,0.491855367405131,170,161,2
10945,-gneE10,0.492144982234857,41,32,2
11069,-gneE10,0.491559221724691,165,156,2
11319,-gneE10,0.491890559269576,44,34,2
11448,-gneE10,0.491272047330537,173,163,2
11702,-gneE10,0.491558629603969,43,35,2
11829,-gneE10,0.491056845951829,170,162,2
12087,-gneE10,0.491378140731452,43,36,2
12217,-gneE10,0.490948173483713,173,166,2
12469,-gneE10,0.491269486468491,42,34,2
12596,-gneE10,0.490768092513196,169,161,2
12851,-gneE10,0.491088380682381,42,34,2
12983,-gneE10,0.490602950540243,174,166,2
13234,-gneE10,0.490957725057937,42,33,2
13364,-gneE10,0.490406948005398,172,163,2
13616,-gneE10,0.490728538951525,42,34,2
13746,-gneE10,0.490240407424814,172,164,2
14002,-gneE10,0.490519728584223,42,33,2
14130,-gneE10,0.489965722000593,170,161,2
14383,-gneE10,0.49028224232937,43,35,2
14512,-gneE10,0.489796873105602,172,164,2
14767,-gneE10,0.490113591121923,40,33,2
14895,-gneE10,0.489679959975043,168,161,2
15150,-gneE10,0.489993715516687,42,34,2
15276,-gneE10,0.489499436312146,168,160,2
15527,-gneE10,0.48978140457869,41,31,2
15655,-gneE10,0.489168769924604,169,159,2
15910,-gneE10,0.489446252729474,43,34,2
16039,-gneE10,0.48890585431796,172,163,2
16287,-gneE10,0.489224759703817,40,32,2
16416,-gneE10,0.488737048794994,169,161,2
16670,-gneE10,0.489014129474841,40,33,2
16799,-gneE10,0.488588394038773,169,162,2
17054,-gneE10,0.488863899495597,40,32,2
17183,-gneE10,0.48837847238473,169,161,2
17438,-gneE10,0.488688750568568,42,34,2
17565,-gneE10,0.48820441552068,169,161,2
17822,-gneE10,0.48844359532615,43,36,2
17951,-gneE10,0.488028117960884,172,165,2
18207,-gneE10,0.488299961578961,42,34,2
18337,-gneE10,0.487826159375751,172,164,2
18595,-gneE10,0.488098327119174,44,35,2
18722,-gneE10,0.487563314952063,171,162,2
18981,-gneE10,0.487832217045316,42,33,2
19110,-gneE10,0.487298318131386,171,162,2
19360,-gneE10,0.487574924886999,40,31,2
19487,-gneE10,0.487029319217662,167,158,2
19744,-gneE10,0.487299837078209,44,35,2
19872,-gneE10,0.486771139217761,172,163,2
299,-gneE11,0.5,44,36,2
384,-gneE11,0.498957835169431,129,121,2
678,-gneE11,0.499369939244629,41,33,2
763,-gneE11,0.498413338443624,126,118,2
1060,-gneE11,0.498794455015333,43,34,2
1146,-gneE11,0.497804007598663,129,120,2
1444,-gneE11,0.498126479830619,42,34,2
1531,-gneE11,0.497280853428114,129,121,2
1827,-gneE11,0.497673620858054,40,31,2
1911,-gneE11,0.496712972598351,124,115,2
2207,-gneE11,0.497021294091797,42,34,2
2291,-gneE11,0.496200637933366,126,118,2
2589,-gneE11,0.496501802939088,43,35,2
2674,-gneE11,0.495709794570419,128,120,2
2973,-gneE11,0.496003147725497,40,32,2
3058,-gneE11,0.495205691251447,125,117,2
3354,-gneE11,0.495497252036635,42,32,2
3437,-gneE11,0.494514735220492,125,115,2
3730,-gneE11,0.494805975731112,42,34,2
3817,-gneE11,0.494054019272095,129,121,2
4118,-gneE11,0.49433181629126,41,34,2
4206,-gneE11,0.493681506760481,129,122,2
4499,-gneE11,0.493998059924232,41,33,2
4586,-gneE11,0.493256727300311,128,120,2
4882,-gneE11,0.493534579155026,43,35,2
4968,-gneE11,0.492805908485292,129,121,2
5264,-gneE11,0.493082951918912,42,34,2
5348,-gneE11,0.492343337186962,126,118,2
5645,-gneE11,0.492617326528285,41,32,2
5727,-gneE11,0.49177171022257,123,114,2
6025,-gneE11,0.492043648744506,40,32,2
6110,-gneE11,0.491309508641471,125,117,2
6405,-gneE11,0.491648061428425,41,32,2
6490,-gneE11,0.49083434046115,126,117,2
6784,-gneE11,0.491138859737383,42,33,2
6870,-gneE11,0.490343012068217,128,119,2
7163,-gneE11,0.490644765671059,43,35,2
7247,-gneE11,0.489936060719958,127,119,2
7543,-gneE11,0.490201941932526,42,33,2
7627,-gneE11,0.489402915454053,126,117,2
7921,-gneE11,0.489635675703122,43,35,2
8005,-gneE11,0.48893481482037,127,119,2
8303,-gneE11,0.48922900340273,42,34,2
8388,-gneE11,0.488531768073417,127,119,2
8683,-gneE11,0.488794302008212,43,35,2
8769,-gneE11,0.488111234998813,129,121,2
9063,-gneE11,0.488372534825044,42,33,2
9148,-gneE11,0.487595603739428,127,118,2
9444,-gneE11,0.487821865663915,42,34,2
9530,-gneE11,0.487139715088476,128,120,2
9819,-gneE11,0.487434626031035,39,28,2
9904,-gneE11,0.486470463137797,124,113,2
10203,-gneE11,0.486692206009711,42,35,2
10286,-gneE11,0.48608604956181,125,118,2
10584,-gneE11,0.48630821440485,42,34,2
10669,-gneE11,0.485629061164954,127,119,2
10965,-gneE11,0.485883495258073,40,31,2
11048,-gneE11,0.485097558686571,123,114,2
11340,-gneE11,0.485387048424362,42,34,2
11426,-gneE11,0.484718144711027,128,120,2
11723,-gneE11,0.484969277577584,43,34,2
11810,-gneE11,0.484230950072868,130,121,2
12108,-gneE11,0.484481219787926,43,35,2
12194,-gneE11,0.483822090381661,129,121,2
12491,-gneE11,0.484071533838563,43,34,2
12575,-gneE11,0.483320790716334,127,118,2
12873,-gneE11,0.483569440106691,44,36,2
12960,-gneE11,0.482924549571089,131,123,2
13254,-gneE11,0.483236239714445,40,31,2
13343,-gneE11,0.482501748728154,129,120,2
13637,-gneE11,0.482782260400176,42,35,2
13724,-gneE11,0.482212677871813,129,122,2
14023,-gneE11,0.482488280489255,42,35,2
14108,-gneE11,0.481911399167763,127,120,2
14405,-gneE11,0.482219467120293,44,36,2
14491,-gneE11,0.481577189241195,130,122,2
14788,-gneE11,0.481853692655912,41,31,2
14873,-gneE11,0.481027601490837,126,116,2
15169,-gneE11,0.481242726031051,40,32,2
15254,-gneE11,0.480578315387523,125,117,2
15549,-gneE11,0.48085501367548,43,33,2
15632,-gneE11,0.48003318018771,126,116,2
15931,-gneE11,0.480277069873273,43,33,2
16018,-gneE11,0.479482530512174,130,120,2
16308,-gneE11,0.479792137248419,41,33,2
16395,-gneE11,0.479148121504335,128,120,2
16690,-gneE11,0.479421183937149,41,33,2
16777,-gneE11,0.47877869303333,128,120,2
17075,-gneE11,0.47908049545479,41,32,2
17161,-gneE11,0.478353692650368,127,118,2
17460,-gneE11,0.478594583435924,43,34,2
17543,-gneE11,0.47786366271814,126,117,2
17843,-gneE11,0.478103314695918,42,33,2
17929,-gneE11,0.477385413479236,128,119,2
18229,-gneE11,0.477681718156348,43,35,2
18316,-gneE11,0.477054768212514,130,122,2
18615,-gneE11,0.477353042617085,42,34,2
18700,-gneE11,0.476712636552486,127,119,2
19002,-gneE11,0.477037197779384,41,34,2
19089,-gneE11,0.476482381557872,128,121,2
19381,-gneE11,0.476723562745837,41,32,2
19466,-gneE11,0.476000339777173,126,117,2
19765,-gneE11,0.476236819741148,43,34,2
19851,-gneE11,0.475531813943472,129,120,2
104,-gneE2,0.5,104,104,2
191,-gneE2,0.502213880738701,41,33,2
487,-gneE2,0.501830269568728,337,329,2
574,-gneE2,0.502920066641904,43,34,2
867,-gneE2,0.502524123405247,336,327,2
952,-gneE2,0.503435392740494,41,33,2
1251,-gneE2,0.503105465560732,340,332,2
1337,-gneE2,0.504089965899925,42,33,2
1638,-gneE2,0.503735442900737,343,334,2
1724,-gneE2,0.504678930594273,41,33,2
2020,-gneE2,0.504367022414502,337,329,2
2102,-gneE2,0.50509898688656,40,33,2
2396,-gneE2,0.504829656640243,334,327,2
2482,-gneE2,0.505829103990216,43,36,2
2780,-gneE2,0.505570247427063,341,334,2
2867,-gneE2,0.506355322561804,41,31,2
3163,-gneE2,0.505987130807578,337,327,2
3249,-gneE2,0.506953294662852,41,33,2
3542,-gneE2,0.506660211130578,334,326,2
3626,-gneE2,0.507531728581326,40,31,2
3924,-gneE2,0.507209944321689,338,329,2
4012,-gneE2,0.507945973850187,43,34,2
4308,-gneE2,0.507628718282194,339,330,2
4393,-gneE2,0.508480298517369,41,33,2
4693,-gneE2,0.508202786218137,341,333,2
4778,-gneE2,0.5090392829648,41,33,2
5072,-gneE2,0.508759371769613,335,327,2
5157,-gneE2,0.509588398762651,41,32,2
5451,-gneE2,0.50927613628918,335,326,2
5541,-gneE2,0.510085509911521,44,35,2
5833,-gneE2,0.509776608647732,336,327,2
5920,-gneE2,0.510401326502338,43,35,2
6218,-gneE2,0.51013275336247,341,333,2
6303,-gneE2,0.511011996733807,42,33,2
6596,-gneE2,0.510706504311931,335,326,2
6679,-gneE2,0.511427454198657,41,33,2
6976,-gneE2,0.511160018928942,338,330,2
7059,-gneE2,0.51179192627732,42,32,2
7352,-gneE2,0.511456627395953,335,325,2
7439,-gneE2,0.512233236668601,43,35,2
7734,-gneE2,0.511968882478769,338,330,2
7820,-gneE2,0.512747151318273,43,35,2
8113,-gneE2,0.512482636998056,336,328,2
8198,-gneE2,0.513262877410217,42,33,2
8495,-gneE2,0.512969432193693,339,330,2
8579,-gneE2,0.513664934245171,41,32,2
8874,-gneE2,0.513370290475373,336,327,2
8957,-gneE2,0.514167863274938,41,32,2
9249,-gneE2,0.513871912488262,333,324,2
9336,-gneE2,0.514641058423807,42,32,2
9634,-gneE2,0.514320426217911,340,330,2
9720,-gneE2,0.515006469906144,44,34,2
10008,-gneE2,0.514679469320362,332,322,2
10096,-gneE2,0.515526821741603,44,35,2
10391,-gneE2,0.515239768577551,339,330,2
10478,-gneE2,0.515987640692549,43,35,2
10773,-gneE2,0.515732722509815,338,330,2
10861,-gneE2,0.516312153675006,44,36,2
11148,-gneE2,0.516052800263919,331,323,2
11234,-gneE2,0.516831003098944,41,34,2
11532,-gneE2,0.516610226555098,339,332,2
11616,-gneE2,0.517464914741323,41,32,2
11914,-gneE2,0.517182044793425,339,330,2
12002,-gneE2,0.517913478242677,43,35,2
12301,-gneE2,0.517665089899334,342,334,2
12387,-gneE2,0.518417032946833,39,31,2
12680,-gneE2,0.518161984857121,332,324,2
12766,-gneE2,0.518823042884254,43,34,2
13066,-gneE2,0.518546194315321,343,334,2
13150,-gneE2,0.519311475740093,40,31,2
13449,-gneE2,0.519032211808547,339,330,2
13532,-gneE2,0.519777166484249,42,33,2
13832,-gneE2,0.519501167459649,342,333,2
13918,-gneE2,0.520074355322241,44,36,2
14214,-gneE2,0.51982828280184,340,332,2
14298,-gneE2,0.52057482863181,43,34,2
14596,-gneE2,0.520299572291649,341,332,2
14684,-gneE2,0.520945936511104,44,36,2
14980,-gneE2,0.520701207382111,340,332,2
15066,-gneE2,0.52142642590266,42,33,2
15357,-gneE2,0.521146042967856,333,324,2
15444,-gneE2,0.521804334542982,40,32,2
15739,-gneE2,0.521557223082194,335,327,2
15826,-gneE2,0.522198580801974,42,33,2
16122,-gneE2,0.521923731672841,338,329,2
16206,-gneE2,0.522589317336287,42,33,2
16501,-gneE2,0.522314312221276,337,328,2
16588,-gneE2,0.523037957275174,44,35,2
16886,-gneE2,0.522767614762004,342,333,2
16971,-gneE2,0.523404372541341,42,33,2
17268,-gneE2,0.52313226295004,339,330,2
17353,-gneE2,0.523852565680497,41,32,2
17650,-gneE2,0.523580261714935,338,329,2
17736,-gneE2,0.524139247033977,42,34,2
18036,-gneE2,0.523900558111427,342,334,2
18122,-gneE2,0.524537995668824,43,34,2
18424,-gneE2,0.524272382503248,345,336,2
18510,-gneE2,0.524982406626644,41,33,2
18810,-gneE2,0.524744039755133,341,333,2
18898,-gneE2,0.525359528955605,43,35,2
19194,-gneE2,0.525120247112448,339,331,2
19278,-gneE2,0.525844181435823,42,34,2
19571,-gneE2,0.525602519117548,335,327,2
19657,-gneE2,0.526229813469356,43,34,2
19956,-gneE2,0.525964031915438,342,333,2
84,-gneE3,0.5,84,84,2
212,-gneE3,0.501953691351627,42,33,2
465,-gneE3,0.501456975480953,295,286,2
595,-gneE3,0.502189278463756,42,33,2
846,-gneE3,0.501733575840401,293,284,2
974,-gneE3,0.502417430088504,43,35,2
1230,-gneE3,0.502041369373719,299,291,2
1359,-gneE3,0.502775185217906,43,35,2
1617,-gneE3,0.502415454659181,301,293,2
1745,-gneE3,0.50304588886815,41,32,2
1998,-gneE3,0.502643090975989,294,285,2
2123,-gneE3,0.503264702050719,41,33,2
2374,-gneE3,0.502912204733678,292,284,2
2503,-gneE3,0.503513576598416,43,34,2
2759,-gneE3,0.503133647725535,299,290,2
2890,-gneE3,0.503790260902082,43,34,2
3142,-gneE3,0.503411396703772,295,286,2
3270,-gneE3,0.504073381614879,42,34,2
3520,-gneE3,0.503737886455641,292,284,2
3646,-gneE3,0.504391086157056,40,31,2
3903,-gneE3,0.504024642871588,297,288,2
4034,-gneE3,0.504647636577888,44,37,2
4289,-gneE3,0.504367723782644,299,292,2
4415,-gneE3,0.505002251853466,42,34,2
4672,-gneE3,0.504685589902963,299,291,2
4798,-gneE3,0.505247403300346,41,33,2
5051,-gneE3,0.504928301687234,294,286,2
5179,-gneE3,0.505550988204438,43,34,2
5432,-gneE3,0.505197439555146,296,287,2
5562,-gneE3,0.505807751827076,43,34,2
5812,-gneE3,0.505453369530291,293,284,2
5942,-gneE3,0.505985519510116,43,35,2
6196,-gneE3,0.505677032585531,297,289,2
6325,-gneE3,0.506208456465412,43,34,2
6575,-gneE3,0.505859046623232,293,284,2
6701,-gneE3,0.506396358920296,42,34,2
6954,-gneE3,0.506089832160824,295,287,2
7081,-gneE3,0.506694123178769,43,33,2
7331,-gneE3,0.506310637762383,293,283,2
7459,-gneE3,0.506835283932812,41,32,2
7712,-gneE3,0.506493268038811,294,285,2
7839,-gneE3,0.507083676919668,40,31,2
8091,-gneE3,0.506741154368843,292,283,2
8220,-gneE3,0.507260146342152,44,35,2
8473,-gneE3,0.506925107793533,297,288,2
8599,-gneE3,0.507512943972937,42,33,2
8854,-gneE3,0.50717952685437,297,288,2
8978,-gneE3,0.507642789963537,41,33,2
9229,-gneE3,0.507342713925688,292,284,2
9358,-gneE3,0.507857356216749,43,35,2
9613,-gneE3,0.507564628996561,298,290,2
9740,-gneE3,0.508212754354554,42,33,2
9987,-gneE3,0.507874588051506,289,280,2
10118,-gneE3,0.508508713838372,45,37,2
10369,-gneE3,0.508216421562583,296,288,2
10499,-gneE3,0.508781551511186,42,32,2
10752,-gneE3,0.508416380084192,295,285,2
10882,-gneE3,0.508854231230891,43,35,2
11129,-gneE3,0.508558156418508,290,282,2
11255,-gneE3,0.509139348182382,42,33,2
11511,-gneE3,0.508816375733082,298,289,2
11638,-gneE3,0.509261435861355,43,35,2
11893,-gneE3,0.50897534804413,298,290,2
12023,-gneE3,0.509587097416454,43,35,2
12282,-gneE3,0.509305763776503,302,294,2
12407,-gneE3,0.509874099624386,40,31,2
12659,-gneE3,0.509547807922358,292,283,2
12788,-gneE3,0.510039668505299,43,34,2
13046,-gneE3,0.509724138905398,301,292,2
13171,-gneE3,0.510232192097233,41,32,2
13428,-gneE3,0.509914453718087,298,289,2
13553,-gneE3,0.510414950142261,42,33,2
13810,-gneE3,0.510099206238252,299,290,2
13939,-gneE3,0.510650758526279,43,35,2
14193,-gneE3,0.510369015780571,297,289,2
14319,-gneE3,0.510932191515724,43,36,2
14575,-gneE3,0.510687993984008,299,292,2
14705,-gneE3,0.511233282573237,43,35,2
14958,-gneE3,0.510952131812169,296,288,2
15087,-gneE3,0.511435540833663,41,32,2
15337,-gneE3,0.511114646875603,291,282,2
15465,-gneE3,0.511611251992266,41,32,2
15719,-gneE3,0.511295515086889,295,286,2
15846,-gneE3,0.511842955578946,41,34,2
16102,-gneE3,0.511599642308488,297,290,2
16227,-gneE3,0.512093783611479,43,34,2
16481,-gneE3,0.511781701796119,297,288,2
16609,-gneE3,0.512263128736133,44,37,2
16864,-gneE3,0.512022591141395,299,292,2
16993,-gneE3,0.512500095959532,42,34,2
17247,-gneE3,0.512223048938898,296,288,2
17375,-gneE3,0.512762152939969,43,36,2
17628,-gneE3,0.51252027855216,296,289,2
17757,-gneE3,0.513061348475458,42,35,2
18015,-gneE3,0.512823227967995,300,293,2
18143,-gneE3,0.513243137230131,42,32,2
18402,-gneE3,0.512904829030131,301,291,2
18531,-gneE3,0.513378123829882,42,34,2
18787,-gneE3,0.513105327826689,298,290,2
18918,-gneE3,0.513630559602768,42,32,2
19173,-gneE3,0.513289122104802,297,287,2
19300,-gneE3,0.513771689204558,43,35,2
19548,-gneE3,0.513493453770375,291,283,2
19678,-gneE3,0.513966624720724,42,33,2
19935,-gneE3,0.513662588071298,299,290,2
62,-gneE4,0.5,62,62,2
234,-gneE4,0.50154183681866,43,35,2
444,-gneE4,0.501023112025388,253,245,2
616,-gneE4,0.501613385015955,42,33,2
824,-gneE4,0.501077205604967,250,241,2
995,-gneE4,0.501626475560212,43,35,2
1210,-gneE4,0.501189646720535,258,250,2
1380,-gneE4,0.501709142197523,43,33,2
1596,-gneE4,0.501185634406442,259,249,2
1765,-gneE4,0.501756187709424,41,33,2
1977,-gneE4,0.501339543169026,253,245,2
2145,-gneE4,0.501831478593591,43,36,2
2354,-gneE4,0.501473696029352,252,245,2
2524,-gneE4,0.502015628588796,42,32,2
2739,-gneE4,0.501524045590746,257,247,2
2911,-gneE4,0.502051311718533,44,36,2
3121,-gneE4,0.50165985732847,254,246,2
3291,-gneE4,0.502128000818215,42,33,2
3500,-gneE4,0.50168860992884,251,242,2
3668,-gneE4,0.502268806300187,42,32,2
3881,-gneE4,0.501794261201449,255,245,2
4056,-gneE4,0.50223800903518,44,35,2
4267,-gneE4,0.501815763231228,255,246,2
4436,-gneE4,0.502382824860024,43,33,2
4651,-gneE4,0.501923849897055,258,248,2
4818,-gneE4,0.502373080146464,40,32,2
5030,-gneE4,0.502000612952419,252,244,2
5201,-gneE4,0.502443717275377,44,36,2
5412,-gneE4,0.502078766319792,255,247,2
5583,-gneE4,0.502512069797449,42,35,2
5791,-gneE4,0.502188895683507,250,243,2
5964,-gneE4,0.502614927215098,44,35,2
6173,-gneE4,0.50220734969253,253,244,2
6344,-gneE4,0.50268995669836,41,33,2
6553,-gneE4,0.502325810457117,250,242,2
6722,-gneE4,0.502756016803612,43,34,2
6934,-gneE4,0.502356951324897,255,246,2
7101,-gneE4,0.502786532709594,42,33,2
7309,-gneE4,0.502381895647291,250,241,2
7481,-gneE4,0.502855583364815,42,33,2
7691,-gneE4,0.502456443225401,252,243,2
7858,-gneE4,0.50288320524399,38,30,2
8070,-gneE4,0.502527487985742,250,242,2
8241,-gneE4,0.502942079175959,43,34,2
8452,-gneE4,0.502550213988667,254,245,2
8620,-gneE4,0.50307321332464,41,33,2
8833,-gneE4,0.50272657898112,254,246,2
8998,-gneE4,0.503254620749385,41,32,2
9208,-gneE4,0.502861793738403,251,242,2
9380,-gneE4,0.503274372644416,44,36,2
9593,-gneE4,0.502934868650415,257,249,2
9760,-gneE4,0.503455733462159,40,30,2
9968,-gneE4,0.503017784202269,248,238,2
10139,-gneE4,0.503426882828498,43,34,2
10348,-gneE4,0.503040554761238,252,243,2
10520,-gneE4,0.503545130973297,42,34,2
10731,-gneE4,0.503204425001667,253,245,2
10904,-gneE4,0.503656792379415,43,34,2
11110,-gneE4,0.503268791876081,249,240,2
11275,-gneE4,0.503737041753054,41,33,2
11491,-gneE4,0.503404093403127,257,249,2
11659,-gneE4,0.503808999055944,43,35,2
11871,-gneE4,0.503474602998168,255,247,2
12044,-gneE4,0.503920101413486,42,34,2
12260,-gneE4,0.503590725677842,258,250,2
12427,-gneE4,0.503994806565726,40,32,2
12638,-gneE4,0.503657333609159,251,243,2
12809,-gneE4,0.50405444789701,43,35,2
13026,-gneE4,0.503729696483259,260,252,2
13192,-gneE4,0.504133154223895,42,34,2
13405,-gneE4,0.503803034424952,255,247,2
13574,-gneE4,0.504153324919068,42,34,2
13790,-gneE4,0.503828013009481,258,250,2
13960,-gneE4,0.504219707980422,42,34,2
14172,-gneE4,0.503890217597809,254,246,2
14340,-gneE4,0.504238498881226,42,34,2
14555,-gneE4,0.503913760598053,257,249,2
14727,-gneE4,0.504349923518714,43,36,2
14937,-gneE4,0.504062063080542,253,246,2
15108,-gneE4,0.504452365114632,42,34,2
15318,-gneE4,0.504122939529083,252,244,2
15486,-gneE4,0.50451780328927,42,34,2
15697,-gneE4,0.504190509869245,253,245,2
15867,-gneE4,0.504629435059599,41,34,2
16082,-gneE4,0.504347117425351,256,249,2
16247,-gneE4,0.504743805472972,41,34,2
16460,-gneE4,0.504459945761218,254,247,2
16630,-gneE4,0.504892667567961,42,33,2
16842,-gneE4,0.504528565489901,254,245,2
17014,-gneE4,0.504958265343045,43,35,2
17225,-gneE4,0.504635365149388,254,246,2
17396,-gneE4,0.50506811341118,43,34,2
17608,-gneE4,0.504707089214259,255,246,2
17779,-gneE4,0.505136856731138,43,35,2
17994,-gneE4,0.504820379848158,258,250,2
18165,-gneE4,0.505249206139189,43,34,2
18381,-gneE4,0.50489531290047,259,250,2
18551,-gneE4,0.505275676315727,41,34,2
18766,-gneE4,0.504997787085867,256,249,2
18939,-gneE4,0.505372103662922,41,33,2
19152,-gneE4,0.505052676237433,254,246,2
19320,-gneE4,0.505438689401208,42,34,2
19528,-gneE4,0.505114789799387,250,242,2
19700,-gneE4,0.505494616510734,43,34,2
19914,-gneE4,0.505140855276629,257,248,2
40,-gneE5,0.5,40,40,2
255,-gneE5,0.501273865332678,43,34,2
424,-gneE5,0.500572134744003,212,203,2
637,-gneE5,0.501000645991355,42,34,2
804,-gneE5,0.500428451597917,209,201,2
1017,-gneE5,0.500940149131866,43,34,2
1189,-gneE5,0.500348972093585,215,206,2
1402,-gneE5,0.500834176670287,43,33,2
1575,-gneE5,0.500205322691147,216,206,2
1787,-gneE5,0.500622640734794,42,35,2
1955,-gneE5,0.50018277938013,210,203,2
2165,-gneE5,0.500644136939189,42,33,2
2333,-gneE5,0.500091491694385,210,201,2
2546,-gneE5,0.500491535481443,43,33,2
2718,-gneE5,0.499903350388184,215,205,2
2933,-gneE5,0.500241874538502,43,34,2
3102,-gneE5,0.499713841281294,212,203,2
3312,-gneE5,0.500151000152791,42,33,2
3478,-gneE5,0.499620363629216,208,199,2
3688,-gneE5,0.499959934930075,42,33,2
3860,-gneE5,0.499450684223205,214,205,2
4077,-gneE5,0.499867079010537,43,36,2
4246,-gneE5,0.49947182015634,212,205,2
4458,-gneE5,0.499896865973661,43,35,2
4630,-gneE5,0.499456013767283,215,207,2
4839,-gneE5,0.499828701490627,41,33,2
5010,-gneE5,0.499385750414675,212,204,2
5222,-gneE5,0.499845647084657,43,33,2
5391,-gneE5,0.499296681274791,212,202,2
5604,-gneE5,0.499613481212751,42,33,2
5769,-gneE5,0.499111437500204,207,198,2
5985,-gneE5,0.499512537584491,43,35,2
6153,-gneE5,0.499077970052445,211,203,2
6364,-gneE5,0.499392628165042,39,30,2
6532,-gneE5,0.498897683466945,207,198,2
6742,-gneE5,0.499347797305693,41,32,2
6913,-gneE5,0.498867624623535,212,203,2
7120,-gneE5,0.499228364288475,39,31,2
7288,-gneE5,0.498793830775846,207,199,2
7501,-gneE5,0.499146815181618,42,33,2
7669,-gneE5,0.498667693626491,210,201,2
7878,-gneE5,0.499067350957591,39,29,2
8049,-gneE5,0.498537856433916,210,200,2
8261,-gneE5,0.498884335615189,41,32,2
8430,-gneE5,0.498410228683613,210,201,2
8640,-gneE5,0.498848024894663,41,34,2
8812,-gneE5,0.498486242407442,213,206,2
9021,-gneE5,0.498834819869963,43,34,2
9188,-gneE5,0.498365186187757,210,201,2
9402,-gneE5,0.498709455206571,44,35,2
9572,-gneE5,0.498250658199282,214,205,2
9780,-gneE5,0.498642469569631,40,32,2
9947,-gneE5,0.498222619133233,207,199,2
10161,-gneE5,0.498602179836533,43,35,2
10327,-gneE5,0.498188033868153,209,201,2
10542,-gneE5,0.498567563014854,43,34,2
10710,-gneE5,0.498107876241766,211,202,2
10925,-gneE5,0.498485948852188,43,35,2
11089,-gneE5,0.498070997693745,207,199,2
11298,-gneE5,0.498456751340195,43,35,2
11470,-gneE5,0.498058684035612,215,207,2
11680,-gneE5,0.498394978038697,42,33,2
11849,-gneE5,0.497940244199696,211,202,2
12065,-gneE5,0.498274063474526,42,34,2
12239,-gneE5,0.497880570799887,216,208,2
12448,-gneE5,0.498256346452097,41,34,2
12616,-gneE5,0.497901651841187,209,202,2
12829,-gneE5,0.498276229858432,41,33,2
13005,-gneE5,0.49788706050982,217,209,2
13214,-gneE5,0.498218981220864,43,35,2
13385,-gneE5,0.49782555235836,214,206,2
13595,-gneE5,0.498200802641859,42,35,2
13768,-gneE5,0.497859167910347,215,208,2
13981,-gneE5,0.498226038394006,42,34,2
14152,-gneE5,0.497833066923214,213,205,2
14361,-gneE5,0.498204693685067,42,33,2
14533,-gneE5,0.497765886327185,214,205,2
14747,-gneE5,0.498172838451888,42,34,2
14915,-gneE5,0.4977764310459,210,202,2
15129,-gneE5,0.498060540589308,42,33,2
15298,-gneE5,0.497617863732164,211,202,2
15506,-gneE5,0.497946872851235,41,34,2
15676,-gneE5,0.497603438623304,211,204,2
15888,-gneE5,0.497966873847513,42,33,2
16060,-gneE5,0.497532593622432,214,205,2
16267,-gneE5,0.497863921517078,40,33,2
16438,-gneE5,0.497522166537503,211,204,2
16649,-gneE5,0.497846196592603,40,31,2
16821,-gneE5,0.497409905148476,212,203,2
17034,-gneE5,0.49772940131289,41,33,2
17204,-gneE5,0.497340648194823,211,203,2
17417,-gneE5,0.497660662055641,42,33,2
17587,-gneE5,0.497226358238078,212,203,2
17801,-gneE5,0.497622390226001,44,35,2
17973,-gneE5,0.497197073723704,216,207,2
18186,-gneE5,0.497554108806125,43,35,2
18359,-gneE5,0.497176867943963,216,208,2
18573,-gneE5,0.497493552597985,42,34,2
18744,-gneE5,0.497111805450882,213,205,2
18961,-gneE5,0.497422982170188,43,35,2
19132,-gneE5,0.497043808505073,214,206,2
19340,-gneE5,0.497447465211311,40,33,2
19507,-gneE5,0.497105142722776,207,200,2
19722,-gneE5,0.497421134749306,44,35,2
19894,-gneE5,0.497000181662914,216,207,2
320,-gneE8,0.5,43,35,2
364,-gneE8,0.498440705040899,87,79,2
700,-gneE8,0.498762066259236,44,35,2
742,-gneE8,0.497178685521732,86,77,2
1080,-gneE8,0.497480095494794,41,33,2
1124,-gneE8,0.496140275574243,85,77,2
1464,-gneE8,0.496497552635535,40,32,2
1509,-gneE8,0.49521165232619,85,77,2
1848,-gneE8,0.495523244170895,40,33,2
1890,-gneE8,0.494391721162153,82,75,2
2228,-gneE8,0.494664817737632,41,32,2
2271,-gneE8,0.493278389214934,84,75,2
2609,-gneE8,0.493578667353502,42,34,2
2654,-gneE8,0.492412304023401,87,79,2
2994,-gneE8,0.492704352446063,42,34,2
3036,-gneE8,0.491516592682731,84,76,2
3375,-gneE8,0.491775048936847,43,33,2
3416,-gneE8,0.490311869010919,84,74,2
3750,-gneE8,0.490571098666545,41,33,2
3795,-gneE8,0.489442372869658,86,78,2
4139,-gneE8,0.489751045951183,42,34,2
4183,-gneE8,0.488635496536154,86,78,2
4520,-gneE8,0.488853796440571,42,34,2
4565,-gneE8,0.48776250607264,87,79,2
4903,-gneE8,0.488008313385434,43,34,2
4948,-gneE8,0.486806057967975,88,79,2
5285,-gneE8,0.487080888623213,42,34,2
5328,-gneE8,0.485984039826402,85,77,2
5665,-gneE8,0.48625809722209,41,32,2
5707,-gneE8,0.485004448142057,83,74,2
6046,-gneE8,0.485275742898005,40,32,2
6089,-gneE8,0.484169673388318,83,75,2
6427,-gneE8,0.484379209793732,43,35,2
6469,-gneE8,0.483306616734878,85,77,2
6805,-gneE8,0.483516448486624,43,34,2
6848,-gneE8,0.482331500837012,86,77,2
7183,-gneE8,0.482599642036527,41,32,2
7226,-gneE8,0.481393817157295,84,75,2
7563,-gneE8,0.481659007493876,41,33,2
7607,-gneE8,0.480605863273665,85,77,2
7942,-gneE8,0.480870305504311,44,35,2
7985,-gneE8,0.479719002321299,87,78,2
8324,-gneE8,0.480009002384748,42,35,2
8368,-gneE8,0.479107830826215,86,79,2
8705,-gneE8,0.479368224909068,44,36,2
8747,-gneE8,0.47834334082793,86,78,2
9083,-gneE8,0.478575551164341,41,32,2
9127,-gneE8,0.477414432160396,85,76,2
9465,-gneE8,0.477643177041877,41,34,2
9509,-gneE8,0.476744126876576,85,78,2
9839,-gneE8,0.476976779910128,40,28,2
9882,-gneE8,0.475405015147958,83,71,2
10223,-gneE8,0.47565887667662,42,33,2
10265,-gneE8,0.474498881967358,84,75,2
10604,-gneE8,0.474725415636119,42,34,2
10648,-gneE8,0.473722266944185,86,78,2
10986,-gneE8,0.473947348197295,41,33,2
11028,-gneE8,0.472911856727274,83,75,2
11360,-gneE8,0.473140928364466,41,32,2
11404,-gneE8,0.47200749298881,85,76,2
11746,-gneE8,0.472283941551071,44,35,2
11789,-gneE8,0.471180484114722,87,78,2
12128,-gneE8,0.471403198167199,41,33,2
12172,-gneE8,0.470402680334733,85,77,2
12511,-gneE8,0.470651755902222,42,33,2
12554,-gneE8,0.469529858708894,85,76,2
12894,-gneE8,0.469805727615518,43,34,2
12937,-gneE8,0.468700395367484,86,77,2
13276,-gneE8,0.468948561801366,42,34,2
13322,-gneE8,0.467991339060588,88,80,2
13659,-gneE8,0.468210698342387,43,36,2
13702,-gneE8,0.467356180650209,86,79,2
14044,-gneE8,0.467600963314636,42,33,2
14086,-gneE8,0.466479393468791,84,75,2
14425,-gneE8,0.466698647863958,42,34,2
14471,-gneE8,0.465749691479918,88,80,2
14809,-gneE8,0.465993756079227,42,33,2
14852,-gneE8,0.464891491167,85,76,2
15190,-gneE8,0.465109568848395,40,33,2
15233,-gneE8,0.46423390247801,83,76,2
15570,-gneE8,0.464479255861099,43,35,2
15612,-gneE8,0.463504528810574,85,77,2
15952,-gneE8,0.463720935483026,42,35,2
15996,-gneE8,0.462880082604017,86,79,2
16329,-gneE8,0.463153518588558,42,33,2
16373,-gneE8,0.462075017420559,86,77,2
16711,-gneE8,0.462317311122555,41,31,2
16756,-gneE8,0.461121825283765,86,76,2
17097,-gneE8,0.461361046373558,43,35,2
17141,-gneE8,0.460417853559147,87,79,2
17481,-gneE8,0.460631116031069,43,36,2
17523,-gneE8,0.459788309060292,85,78,2
17863,-gneE8,0.460028952961591,41,34,2
17907,-gneE8,0.459188011604804,85,78,2
18250,-gneE8,0.459425027531377,43,35,2
18296,-gneE8,0.458509156007505,89,81,2
18636,-gneE8,0.458746280148061,41,32,2
18679,-gneE8,0.457656893603437,84,75,2
19022,-gneE8,0.457893524380451,41,32,2
19067,-gneE8,0.456831692037805,86,77,2
19401,-gneE8,0.457018762913334,41,32,2
19445,-gneE8,0.45594657403996,85,76,2
19786,-gneE8,0.456182875077416,42,33,2
19829,-gneE8,0.455112805198281,85,76,2
343,-gneE9,1,44,36,1
721,-gneE9,1,43,34,1
1103,-gneE9,1,43,35,1
1488,-gneE9,1,44,36,1
1870,-gneE9,1,43,34,1
2251,-gneE9,1,44,36,1
2632,-gneE9,1,43,36,1
3016,-gneE9,1,43,34,1
3396,-gneE9,1,42,32,1
3772,-gneE9,1,42,32,1
4161,-gneE9,1,43,35,1
4543,-gneE9,1,44,36,1
4927,-gneE9,1,45,37,1
5307,-gneE9,1,43,34,1
5687,-gneE9,1,42,33,1
6068,-gneE9,1,43,34,1
6449,-gneE9,1,44,35,1
6827,-gneE9,1,43,35,1
7206,-gneE9,1,43,34,1
7586,-gneE9,1,43,35,1
7964,-gneE9,1,43,34,1
8347,-gneE9,1,44,36,1
8727,-gneE9,1,44,35,1
9106,-gneE9,1,43,35,1
9487,-gneE9,1,43,33,1
9861,-gneE9,1,42,32,1
10244,-gneE9,1,41,33,1
10627,-gneE9,1,43,35,1
11007,-gneE9,1,42,34,1
11383,-gneE9,1,43,34,1
11768,-gneE9,1,45,35,1
12151,-gneE9,1,43,34,1
12533,-gneE9,1,42,34,1
12916,-gneE9,1,43,35,1
13300,-gneE9,1,46,38,1
13681,-gneE9,1,44,35,1
14066,-gneE9,1,43,35,1
14449,-gneE9,1,44,36,1
14831,-gneE9,1,43,35,1
15212,-gneE9,1,43,34,1
15592,-gneE9,1,43,35,1
15975,-gneE9,1,44,37,1
16351,-gneE9,1,43,34,1
16735,-gneE9,1,45,35,1
17120,-gneE9,1,45,36,1
17502,-gneE9,1,42,33,1
17885,-gneE9,1,42,33,1
18274,-gneE9,1,45,35,1
18658,-gneE9,1,43,34,1
19045,-gneE9,1,43,35,1
19423,-gneE9,1,42,34,1
19808,-gneE9,1,43,35,1
150,gneE1,1,46,33,1
531,gneE1,1,44,36,1
911,gneE1,1,44,36,1
1295,gneE1,1,44,35,1
1683,gneE1,1,45,37,1
2062,gneE1,1,42,33,1
2439,gneE1,1,43,34,1
2826,gneE1,1,46,38,1
3208,gneE1,1,45,36,1
3586,gneE1,1,44,36,1
3969,gneE1,1,45,36,1
4352,gneE1,1,44,36,1
4737,gneE1,1,44,34,1
5116,gneE1,1,44,36,1
5497,gneE1,1,46,37,1
5877,gneE1,1,44,34,1
6261,gneE1,1,43,36,1
6638,gneE1,1,42,32,1
7017,gneE1,1,41,34,1
7396,gneE1,1,44,37,1
7777,gneE1,1,43,35,1
8156,gneE1,1,43,35,1
8538,gneE1,1,43,33,1
8916,gneE1,1,42,33,1
9294,gneE1,1,45,37,1
9676,gneE1,1,42,32,1
10052,gneE1,1,44,35,1
10435,gneE1,1,44,37,1
10817,gneE1,1,44,34,1
11193,gneE1,1,45,34,1
11575,gneE1,1,43,35,1
11959,gneE1,1,45,36,1
12348,gneE1,1,47,38,1
12723,gneE1,1,43,34,1
13110,gneE1,1,44,34,1
13490,gneE1,1,41,33,1
13874,gneE1,1,42,34,1
14255,gneE1,1,41,33,1
14640,gneE1,1,44,35,1
15024,gneE1,1,44,35,1
15404,gneE1,1,47,38,1
15784,gneE1,1,45,37,1
16164,gneE1,1,42,33,1
16544,gneE1,1,43,35,1
16929,gneE1,1,43,33,1
17312,gneE1,1,44,35,1
17694,gneE1,1,44,36,1
18079,gneE1,1,43,35,1
18469,gneE1,1,45,37,1
18855,gneE1,1,45,36,1
19236,gneE1,1,42,34,1
19614,gneE1,1,43,33,1
19999,gneE1,1,43,35,1
40,gneE10,0.5,40,22,2
255,gneE10,0.498726134667322,255,237,2
424,gneE10,0.499427865255997,40,33,2
637,gneE10,0.498999354008645,253,246,2
804,gneE10,0.499571548402083,41,32,2
1017,gneE10,0.499059850868134,254,245,2
1189,gneE10,0.499651027906415,43,34,2
1402,gneE10,0.499165823329713,256,247,2
1575,gneE10,0.499794677308853,44,36,2
1787,gneE10,0.499377359265206,256,248,2
1955,gneE10,0.49981722061987,44,35,2
2165,gneE10,0.499355863060811,254,245,2
2333,gneE10,0.499908508305615,42,34,2
2546,gneE10,0.499508464518557,255,247,2
2718,gneE10,0.500096649611816,44,37,2
2933,gneE10,0.499758125461498,259,252,2
3102,gneE10,0.500286158718706,44,35,2
3312,gneE10,0.499848999847209,254,245,2
3478,gneE10,0.500379636370784,41,34,2
3688,gneE10,0.500040065069925,251,244,2
3860,gneE10,0.500549315776795,43,34,2
4077,gneE10,0.500132920989462,260,251,2
4246,gneE10,0.50052817984366,40,31,2
4458,gneE10,0.500103134026339,252,243,2
4630,gneE10,0.500543986232717,44,36,2
4839,gneE10,0.500171298509372,253,245,2
5010,gneE10,0.500614249585325,42,32,2
5222,gneE10,0.500154352915343,254,244,2
5391,gneE10,0.500703318725209,43,36,2
5604,gneE10,0.500386518787249,256,249,2
5769,gneE10,0.500888562499796,42,33,2
5985,gneE10,0.500487462415509,258,249,2
6153,gneE10,0.500922029947555,43,36,2
6364,gneE10,0.500607371834958,254,247,2
6532,gneE10,0.501102316533055,42,32,2
6742,gneE10,0.500652202694306,252,242,2
6913,gneE10,0.501132375376465,43,35,2
7120,gneE10,0.500771635711526,250,242,2
7288,gneE10,0.501206169224154,41,33,2
7501,gneE10,0.500853184818382,254,246,2
7669,gneE10,0.501332306373509,42,33,2
7878,gneE10,0.500932649042409,251,242,2
8049,gneE10,0.501462143566084,44,36,2
8261,gneE10,0.501115664384811,256,248,2
8430,gneE10,0.501589771316387,42,32,2
8640,gneE10,0.501151975105337,252,242,2
8812,gneE10,0.501513757592558,43,35,2
9021,gneE10,0.501165180130037,252,244,2
9188,gneE10,0.501634813812243,40,32,2
9402,gneE10,0.501290544793429,254,246,2
9572,gneE10,0.501749341800718,42,33,2
9780,gneE10,0.501357530430369,250,241,2
9947,gneE10,0.501777380866767,43,34,2
10161,gneE10,0.501397820163467,257,248,2
10327,gneE10,0.501811966131847,41,32,2
10542,gneE10,0.501432436985146,256,247,2
10710,gneE10,0.501892123758234,41,32,2
10925,gneE10,0.501514051147812,256,247,2
11089,gneE10,0.501929002306255,41,32,2
11298,gneE10,0.501543248659805,250,241,2
11470,gneE10,0.501941315964388,44,36,2
11680,gneE10,0.501605021961303,254,246,2
11849,gneE10,0.502059755800304,39,31,2
12065,gneE10,0.501725936525474,255,247,2
12239,gneE10,0.502119429200113,45,36,2
12448,gneE10,0.501743653547903,254,245,2
12616,gneE10,0.502098348158813,41,32,2
12829,gneE10,0.501723770141568,254,245,2
13005,gneE10,0.50211293949018,45,37,2
13214,gneE10,0.501781018779136,254,246,2
13385,gneE10,0.50217444764164,42,33,2
13595,gneE10,0.501799197358141,252,243,2
13768,gneE10,0.502140832089653,44,35,2
13981,gneE10,0.501773961605994,257,248,2
14152,gneE10,0.502166933076786,44,35,2
14361,gneE10,0.501795306314933,253,244,2
14533,gneE10,0.502234113672815,42,32,2
14747,gneE10,0.501827161548112,256,246,2
14915,gneE10,0.5022235689541,42,35,2
15129,gneE10,0.501939459410692,256,249,2
15298,gneE10,0.502382136267836,44,36,2
15506,gneE10,0.502053127148765,252,244,2
15676,gneE10,0.502396561376696,44,35,2
15888,gneE10,0.502033126152487,256,247,2
16060,gneE10,0.502467406377568,42,34,2
16267,gneE10,0.502136078482922,249,241,2
16438,gneE10,0.502477833462497,43,35,2
16649,gneE10,0.502153803407396,254,246,2
16821,gneE10,0.502590094851524,44,36,2
17034,gneE10,0.50227059868711,257,249,2
17204,gneE10,0.502659351805177,43,35,2
17417,gneE10,0.502339337944359,256,248,2
17587,gneE10,0.502773641761922,44,34,2
17801,gneE10,0.502377609773999,258,248,2
17973,gneE10,0.502802926276296,44,35,2
18186,gneE10,0.502445891193875,257,248,2
18359,gneE10,0.502823132056037,43,35,2
18573,gneE10,0.502506447402014,257,249,2
18744,gneE10,0.502888194549118,44,36,2
18961,gneE10,0.502577017829812,261,253,2
19132,gneE10,0.502956191494927,43,33,2
19340,gneE10,0.502552534788689,251,241,2
19507,gneE10,0.502894857277224,41,33,2
19722,gneE10,0.502578865250694,256,248,2
19894,gneE10,0.502999818337086,43,34,2
277,gneE11,0.5,277,277,2
405,gneE11,0.500779222280634,41,33,2
656,gneE11,0.500356826642205,292,284,2
784,gneE11,0.501160670289974,42,33,2
1039,gneE11,0.500724405255929,297,288,2
1167,gneE11,0.501300680674916,43,35,2
1424,gneE11,0.50093343318804,300,292,2
1554,gneE11,0.501559090993717,45,38,2
1808,gneE11,0.501246938400844,299,292,2
1933,gneE11,0.502033579854226,43,35,2
2187,gneE11,0.50168331944956,297,289,2
2312,gneE11,0.502379073804915,41,32,2
2567,gneE11,0.501991768132458,296,287,2
2697,gneE11,0.502723467298633,43,34,2
2952,gneE11,0.502345489301233,298,289,2
3080,gneE11,0.503008461130604,44,36,2
3332,gneE11,0.502675260118191,296,288,2
3458,gneE11,0.503263153731021,42,34,2
3709,gneE11,0.502930931356259,293,285,2
3839,gneE11,0.503497801726946,44,35,2
4097,gneE11,0.503139527049362,302,293,2
4226,gneE11,0.503773628204743,43,34,2
4478,gneE11,0.50341073154622,295,286,2
4608,gneE11,0.504031030001483,43,34,2
4860,gneE11,0.50367163294704,295,286,2
4990,gneE11,0.504217852366851,42,32,2
5243,gneE11,0.503822059094295,295,285,2
5369,gneE11,0.504376517020424,41,32,2
5624,gneE11,0.504024390614237,296,287,2
5748,gneE11,0.504654492604403,41,32,2
6006,gneE11,0.50430853219806,299,290,2
6131,gneE11,0.504926483308839,42,33,2
6384,gneE11,0.504578274668908,295,286,2
6511,gneE11,0.505123802933215,42,33,2
6762,gneE11,0.504775504193373,293,284,2
6891,gneE11,0.505311116671335,43,34,2
7142,gneE11,0.504966141307421,294,285,2
7268,gneE11,0.505572268655356,42,33,2
7522,gneE11,0.505231614261976,296,287,2
7649,gneE11,0.505830691095165,42,34,2
7898,gneE11,0.505524358453032,291,283,2
8027,gneE11,0.506182510528485,42,34,2
8282,gneE11,0.505883945849436,297,289,2
8409,gneE11,0.506476743079695,41,33,2
8661,gneE11,0.506175596034189,293,285,2
8790,gneE11,0.506758560680766,43,36,2
9042,gneE11,0.50649808030126,295,288,2
9168,gneE11,0.507078354590674,41,33,2
9424,gneE11,0.506784004431561,297,289,2
9551,gneE11,0.507358309049431,42,34,2
9799,gneE11,0.507058133859243,290,282,2
9927,gneE11,0.507708792894922,45,36,2
10181,gneE11,0.507382617927485,299,290,2
10306,gneE11,0.507901034543188,41,32,2
10562,gneE11,0.507573965232354,297,288,2
10690,gneE11,0.508144632594869,42,34,2
10945,gneE11,0.507855017765143,297,289,2
11069,gneE11,0.508440778275309,41,32,2
11319,gneE11,0.508109440730424,291,282,2
11448,gneE11,0.508727952669463,44,36,2
11702,gneE11,0.508441370396031,298,290,2
11829,gneE11,0.50894315404817,40,31,2
12087,gneE11,0.508621859268548,298,289,2
12217,gneE11,0.509051826516287,45,36,2
12469,gneE11,0.508730513531509,297,288,2
12596,gneE11,0.509231907486804,42,33,2
12851,gneE11,0.508911619317618,297,288,2
12983,gneE11,0.509397049459757,46,36,2
13234,gneE11,0.509042274942063,297,287,2
13364,gneE11,0.509593051994602,42,33,2
13616,gneE11,0.509271461048475,294,285,2
13746,gneE11,0.509759592575185,44,36,2
14002,gneE11,0.509480271415777,300,292,2
14130,gneE11,0.510034277999406,44,35,2
14383,gneE11,0.50971775767063,297,288,2
14512,gneE11,0.510203126894398,41,32,2
14767,gneE11,0.509886408878077,296,287,2
14895,gneE11,0.510320040024957,43,34,2
15150,gneE11,0.510006284483313,298,289,2
15276,gneE11,0.510500563687854,43,35,2
15527,gneE11,0.51021859542131,294,286,2
15655,gneE11,0.510831230075396,43,35,2
15910,gneE11,0.510553747270526,298,290,2
16039,gneE11,0.51109414568204,43,34,2
16287,gneE11,0.510775240296182,291,282,2
16416,gneE11,0.511262951205006,43,35,2
16670,gneE11,0.510985870525159,297,289,2
16799,gneE11,0.511411605961227,43,35,2
17054,gneE11,0.511136100504403,298,290,2
17183,gneE11,0.51162152761527,42,33,2
17438,gneE11,0.511311249431432,297,288,2
17565,gneE11,0.51179558447932,42,35,2
17822,gneE11,0.51155640467385,299,292,2
17951,gneE11,0.511971882039116,44,36,2
18207,gneE11,0.511700038421039,300,292,2
18337,gneE11,0.512173840624249,41,33,2
18595,gneE11,0.511901672880826,299,291,2
18722,gneE11,0.512436685047937,43,35,2
18981,gneE11,0.512167782954684,302,294,2
19110,gneE11,0.512701681868614,43,35,2
19360,gneE11,0.512425075113001,293,285,2
19487,gneE11,0.512970680782338,42,34,2
19744,gneE11,0.512700162921791,299,291,2
19872,gneE11,0.513228860782239,43,34,2
126,gneE2,0.5,42,29,2
170,gneE2,0.497056683735733,86,73,2
508,gneE2,0.497476844050653,43,36,2
553,gneE2,0.496217288305337,88,81,2
888,gneE2,0.496604913861458,42,33,2
931,gneE2,0.495056079204278,85,76,2
1273,gneE2,0.49538306469971,43,35,2
1316,gneE2,0.494087900464305,86,78,2
1660,gneE2,0.494366700537568,43,35,2
1704,gneE2,0.493130881240646,87,79,2
2040,gneE2,0.493441668894235,42,34,2
2082,gneE2,0.492195273852218,84,76,2
2416,gneE2,0.492502546947152,42,32,2
2460,gneE2,0.491013301156071,86,76,2
2802,gneE2,0.491339661022313,43,35,2
2847,gneE2,0.490196728536825,88,80,2
3184,gneE2,0.490488825243618,42,33,2
3228,gneE2,0.489193576354251,86,77,2
3564,gneE2,0.489450986323357,44,34,2
3606,gneE2,0.488031278896362,86,76,2
3945,gneE2,0.488284864130935,42,33,2
3990,gneE2,0.48703722865378,87,78,2
4329,gneE2,0.487286041561998,40,33,2
4373,gneE2,0.486291990506435,84,77,2
4715,gneE2,0.486567642816092,43,36,2
4757,gneE2,0.485595051363299,85,78,2
5093,gneE2,0.485873994396363,42,33,2
5136,gneE2,0.484634738976409,85,76,2
5474,gneE2,0.484848182345829,42,33,2
5519,gneE2,0.483647522496505,87,78,2
5854,gneE2,0.483920543094492,42,33,2
5899,gneE2,0.482729091074534,87,78,2
6239,gneE2,0.482996601771217,43,35,2
6282,gneE2,0.481932924967424,86,78,2
6617,gneE2,0.482173496357624,42,33,2
6659,gneE2,0.480956478992983,84,75,2
6996,gneE2,0.481224709537993,42,34,2
7038,gneE2,0.480149675758288,84,76,2
7372,gneE2,0.480448321662173,41,33,2
7418,gneE2,0.47941648276916,87,79,2
7755,gneE2,0.479649706433577,43,35,2
7799,gneE2,0.478623634351821,87,79,2
8134,gneE2,0.478887375000432,43,36,2
8176,gneE2,0.477973252209313,85,78,2
8515,gneE2,0.4782052780566,42,34,2
8557,gneE2,0.477153446997201,84,76,2
8895,gneE2,0.477413906399405,41,32,2
8937,gneE2,0.476222059087972,83,74,2
9271,gneE2,0.476425865783943,42,33,2
9315,gneE2,0.475280808371962,86,77,2
9654,gneE2,0.475508464371237,41,33,2
9698,gneE2,0.474483181368376,85,77,2
10029,gneE2,0.4747726200212,42,31,2
10073,gneE2,0.47338498349462,86,75,2
10413,gneE2,0.473610188991733,44,35,2
10457,gneE2,0.472505138423078,88,79,2
10793,gneE2,0.472788510584376,41,32,2
10839,gneE2,0.471675074761847,87,78,2
11170,gneE2,0.471959649767114,41,31,2
11213,gneE2,0.470682976298994,84,74,2
11552,gneE2,0.470934832867034,41,31,2
11595,gneE2,0.469662729526028,84,74,2
11937,gneE2,0.469939419890066,44,35,2
11980,gneE2,0.468837850905188,87,78,2
12324,gneE2,0.469084746156683,42,33,2
12367,gneE2,0.467961062113836,85,76,2
12701,gneE2,0.468213698133817,42,35,2
12745,gneE2,0.467352635414725,86,79,2
13087,gneE2,0.46759860166289,41,33,2
13130,gneE2,0.4665942616804,84,76,2
13469,gneE2,0.466842051410971,41,32,2
13511,gneE2,0.465701994875464,83,74,2
13852,gneE2,0.46592103140492,42,34,2
13896,gneE2,0.464945879069571,86,78,2
14234,gneE2,0.465192237447812,41,33,2
14276,gneE2,0.464184688147937,83,75,2
14617,gneE2,0.464429722978788,42,33,2
14662,gneE2,0.463351352076409,87,78,2
15000,gneE2,0.463595727803077,42,35,2
15046,gneE2,0.462768754618086,88,81,2
15379,gneE2,0.46301507032585,42,34,2
15424,gneE2,0.46206155441877,87,79,2
15761,gneE2,0.462278230794903,42,34,2
15805,gneE2,0.46131606208941,86,78,2
16142,gneE2,0.46155986030154,40,32,2
16184,gneE2,0.460553223833018,82,74,2
16521,gneE2,0.460770556381273,40,31,2
16565,gneE2,0.459667701668663,84,75,2
16907,gneE2,0.459880586725997,43,36,2
16951,gneE2,0.459054348363847,87,80,2
17289,gneE2,0.459295797740497,42,33,2
17332,gneE2,0.458210971999339,85,76,2
17670,gneE2,0.458452515521811,42,34,2
17715,gneE2,0.45751249862345,87,79,2
18058,gneE2,0.457696567634478,43,34,2
18101,gneE2,0.456629104095283,86,77,2
18445,gneE2,0.456813250349125,43,34,2
18489,gneE2,0.455760334320107,87,78,2
18831,gneE2,0.455970888437095,44,35,2
18876,gneE2,0.454943799002564,89,80,2
19213,gneE2,0.455209206096601,40,32,2
19257,gneE2,0.454243853695313,84,76,2
19592,gneE2,0.454457437050411,44,36,2
19636,gneE2,0.453537781124402,88,80,2
19976,gneE2,0.453748170236401,41,33,2
104,gneE3,0.5,42,27,2
191,gneE3,0.497786119261299,129,114,2
487,gneE3,0.498169730431272,43,34,2
574,gneE3,0.497079933358096,130,121,2
867,gneE3,0.497475876594752,43,35,2
952,gneE3,0.496564607259506,128,120,2
1251,gneE3,0.496894534439268,41,32,2
1337,gneE3,0.495910034100075,127,118,2
1638,gneE3,0.496264557099262,42,33,2
1724,gneE3,0.495321069405727,128,119,2
2020,gneE3,0.495632977585498,43,36,2
2102,gneE3,0.49490101311344,125,118,2
2396,gneE3,0.495170343359757,42,32,2
2482,gneE3,0.494170896009784,128,118,2
2780,gneE3,0.494429752572937,41,33,2
2867,gneE3,0.493644677438196,128,120,2
3163,gneE3,0.494012869192421,42,32,2
3249,gneE3,0.493046705337148,128,118,2
3542,gneE3,0.493339788869421,42,33,2
3626,gneE3,0.492468271418674,126,117,2
3924,gneE3,0.492790055678311,43,35,2
4012,gneE3,0.492054026149813,131,123,2
4308,gneE3,0.492371281717806,41,32,2
4393,gneE3,0.49151970148263,126,117,2
4693,gneE3,0.491797213781863,42,33,2
4778,gneE3,0.4909607170352,127,118,2
5072,gneE3,0.491240628230387,42,33,2
5157,gneE3,0.490411601237349,127,118,2
5451,gneE3,0.49072386371082,39,30,2
5541,gneE3,0.489914490088479,129,120,2
5833,gneE3,0.490223391352268,42,35,2
5920,gneE3,0.489598673497662,129,122,2
6218,gneE3,0.48986724663753,45,35,2
6303,gneE3,0.488988003266193,130,120,2
6596,gneE3,0.489293495688069,43,35,2
6679,gneE3,0.488572545801343,126,118,2
6976,gneE3,0.488839981071058,42,35,2
7059,gneE3,0.48820807372268,125,118,2
7352,gneE3,0.488543372604047,43,34,2
7439,gneE3,0.487766763331399,130,121,2
7734,gneE3,0.488031117521231,43,34,2
7820,gneE3,0.487252848681727,129,120,2
8113,gneE3,0.487517363001944,43,34,2
8198,gneE3,0.486737122589783,128,119,2
8495,gneE3,0.487030567806307,43,35,2
8579,gneE3,0.486335065754829,127,119,2
8874,gneE3,0.486629709524627,41,32,2
8957,gneE3,0.485832136725062,124,115,2
9249,gneE3,0.486128087511738,41,32,2
9336,gneE3,0.485358941576193,128,119,2
9634,gneE3,0.485679573782089,41,33,2
9720,gneE3,0.484993530093856,127,119,2
10008,gneE3,0.485320530679638,40,30,2
10096,gneE3,0.484473178258397,128,118,2
10391,gneE3,0.484760231422449,43,34,2
10478,gneE3,0.484012359307451,130,121,2
10773,gneE3,0.484267277490185,42,35,2
10861,gneE3,0.483687846324994,130,123,2
11148,gneE3,0.483947199736081,38,29,2
11234,gneE3,0.483168996901055,124,115,2
11532,gneE3,0.483389773444902,41,31,2
11616,gneE3,0.482535085258677,125,115,2
11914,gneE3,0.482817955206575,43,34,2
12002,gneE3,0.482086521757323,131,122,2
12301,gneE3,0.482334910100665,41,32,2
12387,gneE3,0.481582967053167,127,118,2
12680,gneE3,0.481838015142879,42,34,2
12766,gneE3,0.481176957115745,128,120,2
13066,gneE3,0.481453805684679,40,31,2
13150,gneE3,0.480688524259907,124,115,2
13449,gneE3,0.480967788191453,44,35,2
13532,gneE3,0.48022283351575,127,118,2
13832,gneE3,0.480498832540351,42,35,2
13918,gneE3,0.479925644677759,128,121,2
14214,gneE3,0.48017171719816,42,33,2
14298,gneE3,0.47942517136819,126,117,2
14596,gneE3,0.479700427708351,41,33,2
14684,gneE3,0.479054063488896,129,121,2
14980,gneE3,0.479298792617889,43,34,2
15066,gneE3,0.47857357409734,129,120,2
15357,gneE3,0.478853957032144,39,31,2
15444,gneE3,0.478195665457018,126,118,2
15739,gneE3,0.478442776917806,42,34,2
15826,gneE3,0.477801419198026,129,121,2
16122,gneE3,0.478076268327159,40,32,2
16206,gneE3,0.477410682663713,124,116,2
16501,gneE3,0.477685687778724,41,32,2
16588,gneE3,0.476962042724826,128,119,2
16886,gneE3,0.477232385237997,44,36,2
16971,gneE3,0.476595627458659,129,121,2
17268,gneE3,0.47686773704996,43,34,2
17353,gneE3,0.476147434319503,128,119,2
17650,gneE3,0.476419738285065,42,35,2
17736,gneE3,0.475860752966022,128,121,2
18036,gneE3,0.476099441888573,42,34,2
18122,gneE3,0.475462004331176,128,120,2
18424,gneE3,0.475727617496752,43,34,2
18510,gneE3,0.475017593373355,129,120,2
18810,gneE3,0.475255960244866,44,36,2
18898,gneE3,0.474640471044395,132,124,2
19194,gneE3,0.474879752887551,42,33,2
19278,gneE3,0.474155818564177,126,117,2
19571,gneE3,0.474397480882452,43,35,2
19657,gneE3,0.473770186530644,129,121,2
19956,gneE3,0.474035968084562,42,34,2
84,gneE4,0.5,44,26,2
212,gneE4,0.498046308648373,172,154,2
465,gneE4,0.498543024519047,41,33,2
595,gneE4,0.497810721536244,171,163,2
846,gneE4,0.498266424159599,42,34,2
974,gneE4,0.497582569911496,170,162,2
1230,gneE4,0.497958630626281,41,32,2
1359,gneE4,0.497224814782094,170,161,2
1617,gneE4,0.497584545340819,42,34,2
1745,gneE4,0.49695411113185,170,162,2
1998,gneE4,0.497356909024011,43,35,2
2123,gneE4,0.496735297949281,168,160,2
2374,gneE4,0.497087795266322,41,33,2
2503,gneE4,0.496486423401584,170,162,2
2759,gneE4,0.496866352274465,41,32,2
2890,gneE4,0.496209739097918,172,163,2
3142,gneE4,0.496588603296228,40,31,2
3270,gneE4,0.495926618385121,168,159,2
3520,gneE4,0.496262113544359,42,33,2
3646,gneE4,0.495608913842944,168,159,2
3903,gneE4,0.495975357128412,43,34,2
4034,gneE4,0.495352363422112,174,165,2
4289,gneE4,0.495632276217355,43,34,2
4415,gneE4,0.494997748146533,169,160,2
4672,gneE4,0.495314410097037,42,34,2
4798,gneE4,0.494752596699654,168,160,2
5051,gneE4,0.495071698312766,41,32,2
5179,gneE4,0.494449011795562,169,160,2
5432,gneE4,0.494802560444854,41,32,2
5562,gneE4,0.494192248172924,171,162,2
5812,gneE4,0.494546630469709,43,35,2
5942,gneE4,0.494014480489884,173,165,2
6196,gneE4,0.494322967414469,43,35,2
6325,gneE4,0.493791543534588,172,164,2
6575,gneE4,0.494140953376768,43,35,2
6701,gneE4,0.493603641079705,169,161,2
6954,gneE4,0.493910167839176,41,32,2
7081,gneE4,0.493305876821231,168,159,2
7331,gneE4,0.493689362237618,43,35,2
7459,gneE4,0.493164716067188,171,163,2
7712,gneE4,0.493506731961189,43,34,2
7839,gneE4,0.492916323080332,170,161,2
8091,gneE4,0.493258845631158,42,34,2
8220,gneE4,0.492739853657848,171,163,2
8473,gneE4,0.493074892206467,43,34,2
8599,gneE4,0.492487056027063,169,160,2
8854,gneE4,0.49282047314563,42,35,2
8978,gneE4,0.492357210036463,166,159,2
9229,gneE4,0.492657286074312,41,33,2
9358,gneE4,0.492142643783251,170,162,2
9613,gneE4,0.49243537100344,41,31,2
9740,gneE4,0.491787245645446,168,158,2
9987,gneE4,0.492125411948494,40,30,2
10118,gneE4,0.491491286161629,171,161,2
10369,gneE4,0.491783578437417,42,33,2
10499,gneE4,0.491218448488814,172,163,2
10752,gneE4,0.491583619915808,42,35,2
10882,gneE4,0.491145768769109,172,165,2
11129,gneE4,0.491441843581492,40,31,2
11255,gneE4,0.490860651817618,166,157,2
11511,gneE4,0.491183624266918,41,34,2
11638,gneE4,0.490738564138645,168,161,2
11893,gneE4,0.491024651955871,44,34,2
12023,gneE4,0.490412902583546,174,164,2
12282,gneE4,0.490694236223497,43,34,2
12407,gneE4,0.490125900375615,168,159,2
12659,gneE4,0.490452192077642,43,35,2
12788,gneE4,0.489960331494702,172,164,2
13046,gneE4,0.490275861094603,41,33,2
13171,gneE4,0.489767807902767,166,158,2
13428,gneE4,0.490085546281914,43,35,2
13553,gneE4,0.489585049857739,168,160,2
13810,gneE4,0.489900793761748,42,33,2
13939,gneE4,0.489349241473722,171,162,2
14193,gneE4,0.48963098421943,41,32,2
14319,gneE4,0.489067808484276,167,158,2
14575,gneE4,0.489312006015993,42,33,2
14705,gneE4,0.488766717426764,172,163,2
14958,gneE4,0.489047868187832,43,35,2
15087,gneE4,0.488564459166337,172,164,2
15337,gneE4,0.488885353124398,39,31,2
15465,gneE4,0.488388748007734,167,159,2
15719,gneE4,0.488704484913111,43,34,2
15846,gneE4,0.488157044421055,170,161,2
16102,gneE4,0.488400357691513,42,34,2
16227,gneE4,0.487906216388521,167,159,2
16481,gneE4,0.488218298203881,43,35,2
16609,gneE4,0.487736871263867,171,163,2
16864,gneE4,0.487977408858605,43,35,2
16993,gneE4,0.487499904040469,172,164,2
17247,gneE4,0.487776951061102,43,34,2
17375,gneE4,0.487237847060031,171,162,2
17628,gneE4,0.48747972144784,41,32,2
17757,gneE4,0.486938651524542,170,161,2
18015,gneE4,0.487176772032006,42,35,2
18143,gneE4,0.48675686276987,170,163,2
18402,gneE4,0.487095170969869,43,35,2
18531,gneE4,0.486621876170118,172,164,2
18787,gneE4,0.486894672173311,43,34,2
18918,gneE4,0.486369440397232,174,165,2
19173,gneE4,0.486710877895198,41,33,2
19300,gneE4,0.486228310795442,168,160,2
19548,gneE4,0.486506546229625,41,33,2
19678,gneE4,0.486033375279277,171,163,2
19935,gneE4,0.486337411928703,41,34,2
62,gneE5,0.5,42,24,2
234,gneE5,0.49845816318134,214,196,2
444,gneE5,0.498976887974612,39,31,2
616,gneE5,0.498386614984045,211,203,2
824,gneE5,0.498922794395033,40,32,2
995,gneE5,0.498373524439787,211,203,2
1210,gneE5,0.498810353279465,43,35,2
1380,gneE5,0.498290857802477,213,205,2
1596,gneE5,0.498814365593558,42,33,2
1765,gneE5,0.498243812290576,211,202,2
1977,gneE5,0.498660456830974,44,36,2
2145,gneE5,0.498168521406409,212,204,2
2354,gneE5,0.498526303970648,42,33,2
2524,gneE5,0.497984371411204,212,203,2
2739,gneE5,0.498475954409254,42,33,2
2911,gneE5,0.497948688281467,214,205,2
3121,gneE5,0.49834014267153,41,33,2
3291,gneE5,0.497871999181785,211,203,2
3500,gneE5,0.49831139007116,42,32,2
3668,gneE5,0.497731193699814,210,200,2
3881,gneE5,0.498205738798551,42,34,2
4056,gneE5,0.49776199096482,217,209,2
4267,gneE5,0.498184236768772,41,31,2
4436,gneE5,0.497617175139976,210,200,2
4651,gneE5,0.498076150102945,43,35,2
4818,gneE5,0.497626919853536,210,202,2
5030,gneE5,0.497999387047581,40,32,2
5201,gneE5,0.497556282724623,211,203,2
5412,gneE5,0.497921233680208,43,35,2
5583,gneE5,0.497487930202551,214,206,2
5791,gneE5,0.497811104316493,43,35,2
5964,gneE5,0.497385072784902,216,208,2
6173,gneE5,0.49779265030747,42,33,2
6344,gneE5,0.49731004330164,213,204,2
6553,gneE5,0.497674189542883,42,34,2
6722,gneE5,0.497243983196389,211,203,2
6934,gneE5,0.497643048675103,43,35,2
7101,gneE5,0.497213467290406,210,202,2
7309,gneE5,0.497618104352709,41,32,2
7481,gneE5,0.497144416635185,213,204,2
7691,gneE5,0.497543556774599,42,34,2
7858,gneE5,0.497116794756011,209,201,2
8070,gneE5,0.497472512014258,43,35,2
8241,gneE5,0.497057920824041,214,206,2
8452,gneE5,0.497449786011334,43,33,2
8620,gneE5,0.49692678667536,211,201,2
8833,gneE5,0.49727342101888,43,33,2
8998,gneE5,0.496745379250615,208,198,2
9208,gneE5,0.497138206261597,40,32,2
9380,gneE5,0.496725627355584,212,204,2
9593,gneE5,0.497065131349586,42,32,2
9760,gneE5,0.496544266537841,209,199,2
9968,gneE5,0.496982215797731,41,33,2
10139,gneE5,0.496573117171502,212,204,2
10348,gneE5,0.496959445238762,42,32,2
10520,gneE5,0.496454869026703,214,204,2
10731,gneE5,0.496795574998334,41,32,2
10904,gneE5,0.496343207620585,214,205,2
11110,gneE5,0.496731208123919,41,32,2
11275,gneE5,0.496262958246946,206,197,2
11491,gneE5,0.496595906596873,43,35,2
11659,gneE5,0.496191000944056,211,203,2
11871,gneE5,0.496525397001832,42,33,2
12044,gneE5,0.496079898586515,215,206,2
12260,gneE5,0.496409274322158,43,35,2
12427,gneE5,0.496005193434274,210,202,2
12638,gneE5,0.496342666390842,42,34,2
12809,gneE5,0.49594555210299,213,205,2
13026,gneE5,0.496270303516742,43,35,2
13192,gneE5,0.495866845776106,209,201,2
13405,gneE5,0.496196965575048,41,34,2
13574,gneE5,0.495846675080932,210,203,2
13790,gneE5,0.496171986990519,44,36,2
13960,gneE5,0.495780292019578,214,206,2
14172,gneE5,0.496109782402191,42,35,2
14340,gneE5,0.495761501118774,210,203,2
14555,gneE5,0.496086239401948,43,34,2
14727,gneE5,0.495650076481286,215,206,2
14937,gneE5,0.495937936919458,42,34,2
15108,gneE5,0.495547634885368,213,205,2
15318,gneE5,0.495877060470917,42,34,2
15486,gneE5,0.49548219671073,210,202,2
15697,gneE5,0.495809490130755,42,33,2
15867,gneE5,0.495370564940401,212,203,2
16082,gneE5,0.495652882574649,43,35,2
16247,gneE5,0.495256194527028,208,200,2
16460,gneE5,0.495540054238783,44,35,2
16630,gneE5,0.495107332432039,214,205,2
16842,gneE5,0.495471434510099,43,34,2
17014,gneE5,0.495041734656956,215,206,2
17225,gneE5,0.495364634850612,42,33,2
17396,gneE5,0.49493188658882,213,204,2
17608,gneE5,0.495292910785741,43,34,2
17779,gneE5,0.494863143268862,214,205,2
17994,gneE5,0.495179620151842,43,34,2
18165,gneE5,0.494750793860811,214,205,2
18381,gneE5,0.49510468709953,44,36,2
18551,gneE5,0.494724323684273,214,206,2
18766,gneE5,0.495002212914134,44,36,2
18939,gneE5,0.494627896337079,217,209,2
19152,gneE5,0.494947323762567,42,34,2
19320,gneE5,0.494561310598793,210,202,2
19528,gneE5,0.494885210200614,41,33,2
19700,gneE5,0.494505383489267,213,205,2
19914,gneE5,0.494859144723371,42,33,2
299,gneE8,0.5,299,299,2
384,gneE8,0.501042164830569,41,32,2
678,gneE8,0.500630060755371,335,326,2
763,gneE8,0.501586661556376,42,33,2
1060,gneE8,0.501205544984667,339,330,2
1146,gneE8,0.502195992401337,43,35,2
1444,gneE8,0.501873520169381,341,333,2
1531,gneE8,0.502719146571886,43,33,2
1827,gneE8,0.502326379141946,339,329,2
1911,gneE8,0.503287027401649,41,33,2
2207,gneE8,0.502978705908204,337,329,2
2291,gneE8,0.503799362066635,40,32,2
2589,gneE8,0.503498197060913,338,330,2
2674,gneE8,0.504290205429581,42,34,2
2973,gneE8,0.503996852274503,341,333,2
3058,gneE8,0.504794308748553,42,34,2
3354,gneE8,0.504502747963365,338,330,2
3437,gneE8,0.505485264779508,41,33,2
3730,gneE8,0.505194024268889,334,326,2
3817,gneE8,0.505945980727906,45,37,2
4118,gneE8,0.50566818370874,346,338,2
4206,gneE8,0.506318493239519,45,36,2
4499,gneE8,0.506001940075768,338,329,2
4586,gneE8,0.50674327269969,43,35,2
4882,gneE8,0.506465420844975,339,331,2
4968,gneE8,0.507194091514708,41,33,2
5264,gneE8,0.506917048081088,337,329,2
5348,gneE8,0.507656662813038,41,33,2
5645,gneE8,0.507382673471716,338,330,2
5727,gneE8,0.508228289777431,40,32,2
6025,gneE8,0.507956351255495,338,330,2
6110,gneE8,0.508690491358529,42,32,2
6405,gneE8,0.508351938571576,337,327,2
6490,gneE8,0.50916565953885,41,32,2
6784,gneE8,0.508861140262617,335,326,2
6870,gneE8,0.509656987931784,43,34,2
7163,gneE8,0.509355234328941,336,327,2
7247,gneE8,0.510063939280042,41,33,2
7543,gneE8,0.509798058067474,337,329,2
7627,gneE8,0.510597084545948,41,34,2
7921,gneE8,0.510364324296878,335,328,2
8005,gneE8,0.511065185179631,41,32,2
8303,gneE8,0.51077099659727,339,330,2
8388,gneE8,0.511468231926584,41,33,2
8683,gneE8,0.511205697991788,336,328,2
8769,gneE8,0.511888765001188,42,34,2
9063,gneE8,0.511627465174956,336,328,2
9148,gneE8,0.512404396260573,42,35,2
9444,gneE8,0.512178134336085,338,331,2
9530,gneE8,0.512860284911524,43,34,2
9819,gneE8,0.512565373968966,332,323,2
9904,gneE8,0.513529536862203,43,36,2
10203,gneE8,0.51330779399029,342,335,2
10286,gneE8,0.513913950438191,42,35,2
10584,gneE8,0.513691785595151,340,333,2
10669,gneE8,0.514370938835046,42,34,2
10965,gneE8,0.514116504741927,338,330,2
11048,gneE8,0.51490244131343,41,32,2
11340,gneE8,0.514612951575638,333,324,2
11426,gneE8,0.515281855288974,43,35,2
11723,gneE8,0.515030722422416,340,332,2
11810,gneE8,0.515769049927132,42,34,2
12108,gneE8,0.515518780212074,340,332,2
12194,gneE8,0.516177909618339,43,35,2
12491,gneE8,0.515928466161438,340,332,2
12575,gneE8,0.516679209283666,42,34,2
12873,gneE8,0.516430559893309,340,332,2
12960,gneE8,0.517075450428911,44,34,2
13254,gneE8,0.516763760285556,338,328,2
13343,gneE8,0.517498251271847,43,34,2
13637,gneE8,0.517217739599824,337,328,2
13724,gneE8,0.517787322128188,43,34,2
14023,gneE8,0.517511719510746,342,333,2
14108,gneE8,0.518088600832237,42,32,2
14405,gneE8,0.517780532879708,339,329,2
14491,gneE8,0.518422810758805,42,33,2
14788,gneE8,0.518146307344089,339,330,2
14873,gneE8,0.518972398509164,42,35,2
15169,gneE8,0.518757273968949,338,331,2
15254,gneE8,0.519421684612477,42,33,2
15549,gneE8,0.51914498632452,337,328,2
15632,gneE8,0.519966819812291,40,32,2
15931,gneE8,0.519722930126728,339,331,2
16018,gneE8,0.520517469487826,43,33,2
16308,gneE8,0.520207862751581,333,323,2
16395,gneE8,0.520851878495665,44,35,2
16690,gneE8,0.520578816062851,339,330,2
16777,gneE8,0.52122130696667,42,32,2
17075,gneE8,0.52091950454521,340,330,2
17161,gneE8,0.521646307349632,41,33,2
17460,gneE8,0.521405416564077,340,332,2
17543,gneE8,0.52213633728186,41,33,2
17843,gneE8,0.521896685304082,341,333,2
17929,gneE8,0.522614586520764,44,34,2
18229,gneE8,0.522318281843652,344,334,2
18316,gneE8,0.522945231787486,42,32,2
18615,gneE8,0.522646957382915,341,331,2
18700,gneE8,0.523287363447514,42,31,2
19002,gneE8,0.522962802220616,344,333,2
19089,gneE8,0.523517618442128,44,36,2
19381,gneE8,0.523276437254163,336,328,2
19466,gneE8,0.523999660222827,43,35,2
19765,gneE8,0.523763180258853,342,334,2
19851,gneE8,0.524468186056528,43,36,2
320,gneE9,0.5,320,320,2
364,gneE9,0.501559294959101,44,36,2
700,gneE9,0.501237933740764,380,372,2
742,gneE9,0.502821314478268,42,34,2
1080,gneE9,0.502519904505206,380,372,2
1124,gneE9,0.503859724425757,44,34,2
1464,gneE9,0.503502447364465,384,374,2
1509,gneE9,0.50478834767381,45,36,2
1848,gneE9,0.504476755829105,384,375,2
1890,gneE9,0.505608278837847,42,34,2
2228,gneE9,0.505335182262368,380,372,2
2271,gneE9,0.506721610785066,43,34,2
2609,gneE9,0.506421332646498,381,372,2
2654,gneE9,0.507587695976599,45,36,2
2994,gneE9,0.507295647553937,385,376,2
3036,gneE9,0.508483407317269,42,34,2
3375,gneE9,0.508224951063153,381,373,2
3416,gneE9,0.509688130989081,41,33,2
3750,gneE9,0.509428901333455,375,367,2
3795,gneE9,0.510557627130342,45,35,2
4139,gneE9,0.510248954048817,389,379,2
4183,gneE9,0.511364503463846,44,37,2
4520,gneE9,0.511146203559429,381,374,2
4565,gneE9,0.51223749392736,45,37,2
4903,gneE9,0.511991686614567,383,375,2
4948,gneE9,0.513193942032026,45,36,2
5285,gneE9,0.512919111376787,382,373,2
5328,gneE9,0.514015960173598,43,34,2
5665,gneE9,0.51374190277791,380,371,2
5707,gneE9,0.514995551857943,42,33,2
6046,gneE9,0.514724257101995,381,372,2
6089,gneE9,0.515830326611682,43,36,2
6427,gneE9,0.515620790206268,381,374,2
6469,gneE9,0.516693383265122,42,35,2
6805,gneE9,0.516483551513376,378,371,2
6848,gneE9,0.517668499162988,43,34,2
7183,gneE9,0.517400357963473,378,369,2
7226,gneE9,0.518606182842706,43,34,2
7563,gneE9,0.518340992506124,380,371,2
7607,gneE9,0.519394136726335,44,35,2
7942,gneE9,0.519129694495689,379,370,2
7985,gneE9,0.520280997678701,43,33,2
8324,gneE9,0.519990997615253,382,372,2
8368,gneE9,0.520892169173785,44,35,2
8705,gneE9,0.520631775090932,381,372,2
8747,gneE9,0.521656659172071,42,34,2
9083,gneE9,0.521424448835659,378,370,2
9127,gneE9,0.522585567839605,44,36,2
9465,gneE9,0.522356822958123,382,374,2
9509,gneE9,0.523255873123425,44,36,2
9839,gneE9,0.523023220089872,374,366,2
9882,gneE9,0.524594984852042,43,34,2
10223,gneE9,0.52434112332338,384,375,2
10265,gneE9,0.525501118032642,42,34,2
10604,gneE9,0.525274584363882,381,373,2
10648,gneE9,0.526277733055815,44,36,2
10986,gneE9,0.526052651802705,382,374,2
11028,gneE9,0.527088143272727,42,34,2
11360,gneE9,0.526859071635534,374,366,2
11404,gneE9,0.52799250701119,44,34,2
11746,gneE9,0.527716058448929,386,376,2
11789,gneE9,0.528819515885278,43,35,2
12128,gneE9,0.528596801832801,382,374,2
12172,gneE9,0.529597319665267,44,35,2
12511,gneE9,0.529348244097779,383,374,2
12554,gneE9,0.530470141291106,43,33,2
12894,gneE9,0.530194272384482,383,373,2
12937,gneE9,0.531299604632516,43,34,2
13276,gneE9,0.531051438198634,382,373,2
13322,gneE9,0.532008660939412,46,38,2
13659,gneE9,0.531789301657613,383,375,2
13702,gneE9,0.532643819349791,43,34,2
14044,gneE9,0.532399036685364,385,376,2
14086,gneE9,0.533520606531208,42,34,2
14425,gneE9,0.533301352136042,381,373,2
14471,gneE9,0.534250308520082,46,37,2
14809,gneE9,0.534006243920773,384,375,2
14852,gneE9,0.535108508833,43,35,2
15190,gneE9,0.534890431151605,381,373,2
15233,gneE9,0.535766097521991,43,34,2
15570,gneE9,0.535520744138901,380,371,2
15612,gneE9,0.536495471189426,42,34,2
15952,gneE9,0.536279064516974,382,374,2
15996,gneE9,0.537119917395983,44,34,2
16329,gneE9,0.536846481411442,377,367,2
16373,gneE9,0.537924982579441,44,35,2
16711,gneE9,0.537682688877445,382,373,2
16756,gneE9,0.538878174716236,45,36,2
17097,gneE9,0.538638953626443,386,377,2
17141,gneE9,0.539582146440853,44,36,2
17481,gneE9,0.539368883968931,384,376,2
17523,gneE9,0.540211690939708,42,33,2
17863,gneE9,0.539971047038409,382,373,2
17907,gneE9,0.540811988395196,44,35,2
18250,gneE9,0.540574972468624,387,378,2
18296,gneE9,0.541490843992495,46,37,2
18636,gneE9,0.541253719851939,386,377,2
18679,gneE9,0.542343106396563,43,34,2
19022,gneE9,0.54210647561955,386,377,2
19067,gneE9,0.543168307962195,45,38,2
19401,gneE9,0.542981237086666,379,372,2
19445,gneE9,0.54405342596004,44,35,2
19786,gneE9,0.543817124922585,385,376,2
19829,gneE9,0.544887194801719,43,34,2
